window_path,feature_path,subject_id,dataset,task_type,label,split,window_start_sec,padded_fraction
data/processed/audio_10s/test/yhc_Alberto_R/B1LBULCAAS94M100120171015_w000_0.0s.wav,data/processed/features_10s/test/yhc_Alberto_R/B1LBULCAAS94M100120171015_w000_0.0s.npy,yhc_Alberto_R,ipvs,syllable_repetition,0,test,0.0,0.0
data/processed/audio_10s/test/yhc_Alberto_R/B1LBULCAAS94M100120171015_w001_5.0s.wav,data/processed/features_10s/test/yhc_Alberto_R/B1LBULCAAS94M100120171015_w001_5.0s.npy,yhc_Alberto_R,ipvs,syllable_repetition,0,test,5.0,0.0
data/processed/audio_10s/test/yhc_Alberto_R/B1LBULCAAS94M100120171015_w002_10.0s.wav,data/processed/features_10s/test/yhc_Alberto_R/B1LBULCAAS94M100120171015_w002_10.0s.npy,yhc_Alberto_R,ipvs,syllable_repetition,0,test,10.0,0.0
data/processed/audio_10s/test/yhc_Alberto_R/B1LBULCAAS94M100120171015_w003_15.0s.wav,data/processed/features_10s/test/yhc_Alberto_R/B1LBULCAAS94M100120171015_w003_15.0s.npy,yhc_Alberto_R,ipvs,syllable_repetition,0,test,15.0,0.0
data/processed/audio_10s/test/yhc_Alberto_R/B1LBULCAAS94M100120171015_w004_20.0s.wav,data/processed/features_10s/test/yhc_Alberto_R/B1LBULCAAS94M100120171015_w004_20.0s.npy,yhc_Alberto_R,ipvs,syllable_repetition,0,test,20.0,0.0
data/processed/audio_10s/test/yhc_Alberto_R/B1LBULCAAS94M100120171015_w005_25.0s.wav,data/processed/features_10s/test/yhc_Alberto_R/B1LBULCAAS94M100120171015_w005_25.0s.npy,yhc_Alberto_R,ipvs,syllable_repetition,0,test,25.0,0.0
data/processed/audio_10s/test/yhc_Alberto_R/B2LBULCAAS94M100120171015_w000_0.0s.wav,data/processed/features_10s/test/yhc_Alberto_R/B2LBULCAAS94M100120171015_w000_0.0s.npy,yhc_Alberto_R,ipvs,syllable_repetition,0,test,0.0,0.0
data/processed/audio_10s/test/yhc_Alberto_R/B2LBULCAAS94M100120171015_w001_5.0s.wav,data/processed/features_10s/test/yhc_Alberto_R/B2LBULCAAS94M100120171015_w001_5.0s.npy,yhc_Alberto_R,ipvs,syllable_repetition,0,test,5.0,0.0
data/processed/audio_10s/test/yhc_Alberto_R/B2LBULCAAS94M100120171015_w002_10.0s.wav,data/processed/features_10s/test/yhc_Alberto_R/B2LBULCAAS94M100120171015_w002_10.0s.npy,yhc_Alberto_R,ipvs,syllable_repetition,0,test,10.0,0.0
data/processed/audio_10s/test/yhc_Alberto_R/B2LBULCAAS94M100120171015_w003_15.0s.wav,data/processed/features_10s/test/yhc_Alberto_R/B2LBULCAAS94M100120171015_w003_15.0s.npy,yhc_Alberto_R,ipvs,syllable_repetition,0,test,15.0,0.0
data/processed/audio_10s/test/yhc_Alberto_R/B2LBULCAAS94M100120171015_w004_20.0s.wav,data/processed/features_10s/test/yhc_Alberto_R/B2LBULCAAS94M100120171015_w004_20.0s.npy,yhc_Alberto_R,ipvs,syllable_repetition,0,test,20.0,0.0
data/processed/audio_10s/test/yhc_Alberto_R/B2LBULCAAS94M100120171015_w005_25.0s.wav,data/processed/features_10s/test/yhc_Alberto_R/B2LBULCAAS94M100120171015_w005_25.0s.npy,yhc_Alberto_R,ipvs,syllable_repetition,0,test,25.0,0.0
data/processed/audio_10s/test/yhc_Alberto_R/PR1LBULCAAS94M100120171015._w000_0.0s.wav,data/processed/features_10s/test/yhc_Alberto_R/PR1LBULCAAS94M100120171015._w000_0.0s.npy,yhc_Alberto_R,ipvs,reading_passage,0,test,0.0,0.0
data/processed/audio_10s/test/yhc_Alberto_R/PR1LBULCAAS94M100120171015._w001_5.0s.wav,data/processed/features_10s/test/yhc_Alberto_R/PR1LBULCAAS94M100120171015._w001_5.0s.npy,yhc_Alberto_R,ipvs,reading_passage,0,test,5.0,0.0
data/processed/audio_10s/test/yhc_Alberto_R/PR1LBULCAAS94M100120171015._w002_10.0s.wav,data/processed/features_10s/test/yhc_Alberto_R/PR1LBULCAAS94M100120171015._w002_10.0s.npy,yhc_Alberto_R,ipvs,reading_passage,0,test,10.0,0.0
data/processed/audio_10s/test/yhc_Alberto_R/PR1LBULCAAS94M100120171015._w003_15.0s.wav,data/processed/features_10s/test/yhc_Alberto_R/PR1LBULCAAS94M100120171015._w003_15.0s.npy,yhc_Alberto_R,ipvs,reading_passage,0,test,15.0,0.0
data/processed/audio_10s/test/yhc_Alberto_R/PR1LBULCAAS94M100120171015._w004_20.0s.wav,data/processed/features_10s/test/yhc_Alberto_R/PR1LBULCAAS94M100120171015._w004_20.0s.npy,yhc_Alberto_R,ipvs,reading_passage,0,test,20.0,0.0
data/processed/audio_10s/test/yhc_Alberto_R/PR1LBULCAAS94M100120171015._w005_25.0s.wav,data/processed/features_10s/test/yhc_Alberto_R/PR1LBULCAAS94M100120171015._w005_25.0s.npy,yhc_Alberto_R,ipvs,reading_passage,0,test,25.0,0.0
data/processed/audio_10s/test/yhc_Alberto_R/PR1LBULCAAS94M100120171015._w006_30.0s.wav,data/processed/features_10s/test/yhc_Alberto_R/PR1LBULCAAS94M100120171015._w006_30.0s.npy,yhc_Alberto_R,ipvs,reading_passage,0,test,30.0,0.0
data/processed/audio_10s/test/yhc_Alberto_R/PR1LBULCAAS94M100120171015._w007_35.0s.wav,data/processed/features_10s/test/yhc_Alberto_R/PR1LBULCAAS94M100120171015._w007_35.0s.npy,yhc_Alberto_R,ipvs,reading_passage,0,test,35.0,0.0
data/processed/audio_10s/test/yhc_Alessandro_M/B1AMULCAAS94M100120171016_w000_0.0s.wav,data/processed/features_10s/test/yhc_Alessandro_M/B1AMULCAAS94M100120171016_w000_0.0s.npy,yhc_Alessandro_M,ipvs,syllable_repetition,0,test,0.0,0.0
data/processed/audio_10s/test/yhc_Alessandro_M/B1AMULCAAS94M100120171016_w001_5.0s.wav,data/processed/features_10s/test/yhc_Alessandro_M/B1AMULCAAS94M100120171016_w001_5.0s.npy,yhc_Alessandro_M,ipvs,syllable_repetition,0,test,5.0,0.0
data/processed/audio_10s/test/yhc_Alessandro_M/B1AMULCAAS94M100120171016_w002_10.0s.wav,data/processed/features_10s/test/yhc_Alessandro_M/B1AMULCAAS94M100120171016_w002_10.0s.npy,yhc_Alessandro_M,ipvs,syllable_repetition,0,test,10.0,0.0
data/processed/audio_10s/test/yhc_Alessandro_M/B1AMULCAAS94M100120171016_w003_15.0s.wav,data/processed/features_10s/test/yhc_Alessandro_M/B1AMULCAAS94M100120171016_w003_15.0s.npy,yhc_Alessandro_M,ipvs,syllable_repetition,0,test,15.0,0.0
data/processed/audio_10s/test/yhc_Alessandro_M/B1AMULCAAS94M100120171016_w004_20.0s.wav,data/processed/features_10s/test/yhc_Alessandro_M/B1AMULCAAS94M100120171016_w004_20.0s.npy,yhc_Alessandro_M,ipvs,syllable_repetition,0,test,20.0,0.0
data/processed/audio_10s/test/yhc_Alessandro_M/B1AMULCAAS94M100120171016_w005_25.0s.wav,data/processed/features_10s/test/yhc_Alessandro_M/B1AMULCAAS94M100120171016_w005_25.0s.npy,yhc_Alessandro_M,ipvs,syllable_repetition,0,test,25.0,0.0
data/processed/audio_10s/test/yhc_Alessandro_M/B2LBULCAAS94M100120171016_w000_0.0s.wav,data/processed/features_10s/test/yhc_Alessandro_M/B2LBULCAAS94M100120171016_w000_0.0s.npy,yhc_Alessandro_M,ipvs,syllable_repetition,0,test,0.0,0.0
data/processed/audio_10s/test/yhc_Alessandro_M/B2LBULCAAS94M100120171016_w001_5.0s.wav,data/processed/features_10s/test/yhc_Alessandro_M/B2LBULCAAS94M100120171016_w001_5.0s.npy,yhc_Alessandro_M,ipvs,syllable_repetition,0,test,5.0,0.0
data/processed/audio_10s/test/yhc_Alessandro_M/B2LBULCAAS94M100120171016_w002_10.0s.wav,data/processed/features_10s/test/yhc_Alessandro_M/B2LBULCAAS94M100120171016_w002_10.0s.npy,yhc_Alessandro_M,ipvs,syllable_repetition,0,test,10.0,0.0
data/processed/audio_10s/test/yhc_Alessandro_M/B2LBULCAAS94M100120171016_w003_15.0s.wav,data/processed/features_10s/test/yhc_Alessandro_M/B2LBULCAAS94M100120171016_w003_15.0s.npy,yhc_Alessandro_M,ipvs,syllable_repetition,0,test,15.0,0.0
data/processed/audio_10s/test/yhc_Alessandro_M/B2LBULCAAS94M100120171016_w004_20.0s.wav,data/processed/features_10s/test/yhc_Alessandro_M/B2LBULCAAS94M100120171016_w004_20.0s.npy,yhc_Alessandro_M,ipvs,syllable_repetition,0,test,20.0,0.0
data/processed/audio_10s/test/yhc_Alessandro_M/B2LBULCAAS94M100120171016_w005_25.0s.wav,data/processed/features_10s/test/yhc_Alessandro_M/B2LBULCAAS94M100120171016_w005_25.0s.npy,yhc_Alessandro_M,ipvs,syllable_repetition,0,test,25.0,0.0
data/processed/audio_10s/test/yhc_Alessandro_M/PR1LBULCAAS94M100120171016_w000_0.0s.wav,data/processed/features_10s/test/yhc_Alessandro_M/PR1LBULCAAS94M100120171016_w000_0.0s.npy,yhc_Alessandro_M,ipvs,reading_passage,0,test,0.0,0.0
data/processed/audio_10s/test/yhc_Alessandro_M/PR1LBULCAAS94M100120171016_w001_5.0s.wav,data/processed/features_10s/test/yhc_Alessandro_M/PR1LBULCAAS94M100120171016_w001_5.0s.npy,yhc_Alessandro_M,ipvs,reading_passage,0,test,5.0,0.0
data/processed/audio_10s/test/yhc_Alessandro_M/PR1LBULCAAS94M100120171016_w002_10.0s.wav,data/processed/features_10s/test/yhc_Alessandro_M/PR1LBULCAAS94M100120171016_w002_10.0s.npy,yhc_Alessandro_M,ipvs,reading_passage,0,test,10.0,0.0
data/processed/audio_10s/test/yhc_Alessandro_M/PR1LBULCAAS94M100120171016_w003_15.0s.wav,data/processed/features_10s/test/yhc_Alessandro_M/PR1LBULCAAS94M100120171016_w003_15.0s.npy,yhc_Alessandro_M,ipvs,reading_passage,0,test,15.0,0.0
data/processed/audio_10s/test/yhc_Alessandro_M/PR1LBULCAAS94M100120171016_w004_20.0s.wav,data/processed/features_10s/test/yhc_Alessandro_M/PR1LBULCAAS94M100120171016_w004_20.0s.npy,yhc_Alessandro_M,ipvs,reading_passage,0,test,20.0,0.0
data/processed/audio_10s/test/yhc_Alessandro_M/PR1LBULCAAS94M100120171016_w005_25.0s.wav,data/processed/features_10s/test/yhc_Alessandro_M/PR1LBULCAAS94M100120171016_w005_25.0s.npy,yhc_Alessandro_M,ipvs,reading_passage,0,test,25.0,0.0
data/processed/audio_10s/test/yhc_Alessandro_M/PR1LBULCAAS94M100120171016_w006_30.0s.wav,data/processed/features_10s/test/yhc_Alessandro_M/PR1LBULCAAS94M100120171016_w006_30.0s.npy,yhc_Alessandro_M,ipvs,reading_passage,0,test,30.0,0.0
data/processed/audio_10s/test/yhc_Alessandro_M/PR1LBULCAAS94M100120171016_w007_35.0s.wav,data/processed/features_10s/test/yhc_Alessandro_M/PR1LBULCAAS94M100120171016_w007_35.0s.npy,yhc_Alessandro_M,ipvs,reading_passage,0,test,35.0,0.0
data/processed/audio_10s/train/yhc_Alessandro_P/B1LBULCAAS94M100120171017_w000_0.0s.wav,data/processed/features_10s/train/yhc_Alessandro_P/B1LBULCAAS94M100120171017_w000_0.0s.npy,yhc_Alessandro_P,ipvs,syllable_repetition,0,train,0.0,0.0
data/processed/audio_10s/train/yhc_Alessandro_P/B1LBULCAAS94M100120171017_w001_5.0s.wav,data/processed/features_10s/train/yhc_Alessandro_P/B1LBULCAAS94M100120171017_w001_5.0s.npy,yhc_Alessandro_P,ipvs,syllable_repetition,0,train,5.0,0.0
data/processed/audio_10s/train/yhc_Alessandro_P/B1LBULCAAS94M100120171017_w002_10.0s.wav,data/processed/features_10s/train/yhc_Alessandro_P/B1LBULCAAS94M100120171017_w002_10.0s.npy,yhc_Alessandro_P,ipvs,syllable_repetition,0,train,10.0,0.0
data/processed/audio_10s/train/yhc_Alessandro_P/B1LBULCAAS94M100120171017_w003_15.0s.wav,data/processed/features_10s/train/yhc_Alessandro_P/B1LBULCAAS94M100120171017_w003_15.0s.npy,yhc_Alessandro_P,ipvs,syllable_repetition,0,train,15.0,0.0
data/processed/audio_10s/train/yhc_Alessandro_P/B1LBULCAAS94M100120171017_w004_20.0s.wav,data/processed/features_10s/train/yhc_Alessandro_P/B1LBULCAAS94M100120171017_w004_20.0s.npy,yhc_Alessandro_P,ipvs,syllable_repetition,0,train,20.0,0.0
data/processed/audio_10s/train/yhc_Alessandro_P/B1LBULCAAS94M100120171017_w005_25.0s.wav,data/processed/features_10s/train/yhc_Alessandro_P/B1LBULCAAS94M100120171017_w005_25.0s.npy,yhc_Alessandro_P,ipvs,syllable_repetition,0,train,25.0,0.0
data/processed/audio_10s/train/yhc_Alessandro_P/B1LBULCAAS94M100120171017_w006_30.0s.wav,data/processed/features_10s/train/yhc_Alessandro_P/B1LBULCAAS94M100120171017_w006_30.0s.npy,yhc_Alessandro_P,ipvs,syllable_repetition,0,train,30.0,0.0
data/processed/audio_10s/train/yhc_Alessandro_P/B2LBULCAAS94M100120171017_w000_0.0s.wav,data/processed/features_10s/train/yhc_Alessandro_P/B2LBULCAAS94M100120171017_w000_0.0s.npy,yhc_Alessandro_P,ipvs,syllable_repetition,0,train,0.0,0.0
data/processed/audio_10s/train/yhc_Alessandro_P/B2LBULCAAS94M100120171017_w001_5.0s.wav,data/processed/features_10s/train/yhc_Alessandro_P/B2LBULCAAS94M100120171017_w001_5.0s.npy,yhc_Alessandro_P,ipvs,syllable_repetition,0,train,5.0,0.0
data/processed/audio_10s/train/yhc_Alessandro_P/B2LBULCAAS94M100120171017_w002_10.0s.wav,data/processed/features_10s/train/yhc_Alessandro_P/B2LBULCAAS94M100120171017_w002_10.0s.npy,yhc_Alessandro_P,ipvs,syllable_repetition,0,train,10.0,0.0
data/processed/audio_10s/train/yhc_Alessandro_P/B2LBULCAAS94M100120171017_w003_15.0s.wav,data/processed/features_10s/train/yhc_Alessandro_P/B2LBULCAAS94M100120171017_w003_15.0s.npy,yhc_Alessandro_P,ipvs,syllable_repetition,0,train,15.0,0.0
data/processed/audio_10s/train/yhc_Alessandro_P/B2LBULCAAS94M100120171017_w004_20.0s.wav,data/processed/features_10s/train/yhc_Alessandro_P/B2LBULCAAS94M100120171017_w004_20.0s.npy,yhc_Alessandro_P,ipvs,syllable_repetition,0,train,20.0,0.0
data/processed/audio_10s/train/yhc_Alessandro_P/B2LBULCAAS94M100120171017_w005_25.0s.wav,data/processed/features_10s/train/yhc_Alessandro_P/B2LBULCAAS94M100120171017_w005_25.0s.npy,yhc_Alessandro_P,ipvs,syllable_repetition,0,train,25.0,0.0
data/processed/audio_10s/train/yhc_Alessandro_P/B2LBULCAAS94M100120171017_w006_30.0s.wav,data/processed/features_10s/train/yhc_Alessandro_P/B2LBULCAAS94M100120171017_w006_30.0s.npy,yhc_Alessandro_P,ipvs,syllable_repetition,0,train,30.0,0.0
data/processed/audio_10s/train/yhc_Alessandro_P/PR1LBULCAAS94M100120171017_w000_0.0s.wav,data/processed/features_10s/train/yhc_Alessandro_P/PR1LBULCAAS94M100120171017_w000_0.0s.npy,yhc_Alessandro_P,ipvs,reading_passage,0,train,0.0,0.0
data/processed/audio_10s/train/yhc_Alessandro_P/PR1LBULCAAS94M100120171017_w001_5.0s.wav,data/processed/features_10s/train/yhc_Alessandro_P/PR1LBULCAAS94M100120171017_w001_5.0s.npy,yhc_Alessandro_P,ipvs,reading_passage,0,train,5.0,0.0
data/processed/audio_10s/train/yhc_Alessandro_P/PR1LBULCAAS94M100120171017_w002_10.0s.wav,data/processed/features_10s/train/yhc_Alessandro_P/PR1LBULCAAS94M100120171017_w002_10.0s.npy,yhc_Alessandro_P,ipvs,reading_passage,0,train,10.0,0.0
data/processed/audio_10s/train/yhc_Alessandro_P/PR1LBULCAAS94M100120171017_w003_15.0s.wav,data/processed/features_10s/train/yhc_Alessandro_P/PR1LBULCAAS94M100120171017_w003_15.0s.npy,yhc_Alessandro_P,ipvs,reading_passage,0,train,15.0,0.0
data/processed/audio_10s/train/yhc_Alessandro_P/PR1LBULCAAS94M100120171017_w004_20.0s.wav,data/processed/features_10s/train/yhc_Alessandro_P/PR1LBULCAAS94M100120171017_w004_20.0s.npy,yhc_Alessandro_P,ipvs,reading_passage,0,train,20.0,0.0
data/processed/audio_10s/train/yhc_Alessandro_P/PR1LBULCAAS94M100120171017_w005_25.0s.wav,data/processed/features_10s/train/yhc_Alessandro_P/PR1LBULCAAS94M100120171017_w005_25.0s.npy,yhc_Alessandro_P,ipvs,reading_passage,0,train,25.0,0.0
data/processed/audio_10s/train/yhc_Alessandro_P/PR1LBULCAAS94M100120171017_w006_30.0s.wav,data/processed/features_10s/train/yhc_Alessandro_P/PR1LBULCAAS94M100120171017_w006_30.0s.npy,yhc_Alessandro_P,ipvs,reading_passage,0,train,30.0,0.0
data/processed/audio_10s/train/yhc_Alessandro_P/PR1LBULCAAS94M100120171017_w007_35.0s.wav,data/processed/features_10s/train/yhc_Alessandro_P/PR1LBULCAAS94M100120171017_w007_35.0s.npy,yhc_Alessandro_P,ipvs,reading_passage,0,train,35.0,0.0
data/processed/audio_10s/train/yhc_Arianna_P/B1LBULCAAS94M100120171053_w000_0.0s.wav,data/processed/features_10s/train/yhc_Arianna_P/B1LBULCAAS94M100120171053_w000_0.0s.npy,yhc_Arianna_P,ipvs,syllable_repetition,0,train,0.0,0.0
data/processed/audio_10s/train/yhc_Arianna_P/B1LBULCAAS94M100120171053_w001_5.0s.wav,data/processed/features_10s/train/yhc_Arianna_P/B1LBULCAAS94M100120171053_w001_5.0s.npy,yhc_Arianna_P,ipvs,syllable_repetition,0,train,5.0,0.0
data/processed/audio_10s/train/yhc_Arianna_P/B1LBULCAAS94M100120171053_w002_10.0s.wav,data/processed/features_10s/train/yhc_Arianna_P/B1LBULCAAS94M100120171053_w002_10.0s.npy,yhc_Arianna_P,ipvs,syllable_repetition,0,train,10.0,0.0
data/processed/audio_10s/train/yhc_Arianna_P/B1LBULCAAS94M100120171053_w003_15.0s.wav,data/processed/features_10s/train/yhc_Arianna_P/B1LBULCAAS94M100120171053_w003_15.0s.npy,yhc_Arianna_P,ipvs,syllable_repetition,0,train,15.0,0.0
data/processed/audio_10s/train/yhc_Arianna_P/B1LBULCAAS94M100120171053_w004_20.0s.wav,data/processed/features_10s/train/yhc_Arianna_P/B1LBULCAAS94M100120171053_w004_20.0s.npy,yhc_Arianna_P,ipvs,syllable_repetition,0,train,20.0,0.0
data/processed/audio_10s/train/yhc_Arianna_P/B1LBULCAAS94M100120171053_w005_25.0s.wav,data/processed/features_10s/train/yhc_Arianna_P/B1LBULCAAS94M100120171053_w005_25.0s.npy,yhc_Arianna_P,ipvs,syllable_repetition,0,train,25.0,0.0
data/processed/audio_10s/train/yhc_Arianna_P/B1LBULCAAS94M100120171053_w006_30.0s.wav,data/processed/features_10s/train/yhc_Arianna_P/B1LBULCAAS94M100120171053_w006_30.0s.npy,yhc_Arianna_P,ipvs,syllable_repetition,0,train,30.0,0.0
data/processed/audio_10s/train/yhc_Arianna_P/B2LBULCAAS94M100120171053_w000_0.0s.wav,data/processed/features_10s/train/yhc_Arianna_P/B2LBULCAAS94M100120171053_w000_0.0s.npy,yhc_Arianna_P,ipvs,syllable_repetition,0,train,0.0,0.0
data/processed/audio_10s/train/yhc_Arianna_P/B2LBULCAAS94M100120171053_w001_5.0s.wav,data/processed/features_10s/train/yhc_Arianna_P/B2LBULCAAS94M100120171053_w001_5.0s.npy,yhc_Arianna_P,ipvs,syllable_repetition,0,train,5.0,0.0
data/processed/audio_10s/train/yhc_Arianna_P/B2LBULCAAS94M100120171053_w002_10.0s.wav,data/processed/features_10s/train/yhc_Arianna_P/B2LBULCAAS94M100120171053_w002_10.0s.npy,yhc_Arianna_P,ipvs,syllable_repetition,0,train,10.0,0.0
data/processed/audio_10s/train/yhc_Arianna_P/B2LBULCAAS94M100120171053_w003_15.0s.wav,data/processed/features_10s/train/yhc_Arianna_P/B2LBULCAAS94M100120171053_w003_15.0s.npy,yhc_Arianna_P,ipvs,syllable_repetition,0,train,15.0,0.0
data/processed/audio_10s/train/yhc_Arianna_P/B2LBULCAAS94M100120171053_w004_20.0s.wav,data/processed/features_10s/train/yhc_Arianna_P/B2LBULCAAS94M100120171053_w004_20.0s.npy,yhc_Arianna_P,ipvs,syllable_repetition,0,train,20.0,0.0
data/processed/audio_10s/train/yhc_Arianna_P/B2LBULCAAS94M100120171053_w005_25.0s.wav,data/processed/features_10s/train/yhc_Arianna_P/B2LBULCAAS94M100120171053_w005_25.0s.npy,yhc_Arianna_P,ipvs,syllable_repetition,0,train,25.0,0.0
data/processed/audio_10s/train/yhc_Arianna_P/B2LBULCAAS94M100120171053_w006_30.0s.wav,data/processed/features_10s/train/yhc_Arianna_P/B2LBULCAAS94M100120171053_w006_30.0s.npy,yhc_Arianna_P,ipvs,syllable_repetition,0,train,30.0,0.0
data/processed/audio_10s/train/yhc_Arianna_P/PR1LBULCAAS94M100120171053_w000_0.0s.wav,data/processed/features_10s/train/yhc_Arianna_P/PR1LBULCAAS94M100120171053_w000_0.0s.npy,yhc_Arianna_P,ipvs,reading_passage,0,train,0.0,0.0
data/processed/audio_10s/train/yhc_Arianna_P/PR1LBULCAAS94M100120171053_w001_5.0s.wav,data/processed/features_10s/train/yhc_Arianna_P/PR1LBULCAAS94M100120171053_w001_5.0s.npy,yhc_Arianna_P,ipvs,reading_passage,0,train,5.0,0.0
data/processed/audio_10s/train/yhc_Arianna_P/PR1LBULCAAS94M100120171053_w002_10.0s.wav,data/processed/features_10s/train/yhc_Arianna_P/PR1LBULCAAS94M100120171053_w002_10.0s.npy,yhc_Arianna_P,ipvs,reading_passage,0,train,10.0,0.0
data/processed/audio_10s/train/yhc_Arianna_P/PR1LBULCAAS94M100120171053_w003_15.0s.wav,data/processed/features_10s/train/yhc_Arianna_P/PR1LBULCAAS94M100120171053_w003_15.0s.npy,yhc_Arianna_P,ipvs,reading_passage,0,train,15.0,0.0
data/processed/audio_10s/train/yhc_Arianna_P/PR1LBULCAAS94M100120171053_w004_20.0s.wav,data/processed/features_10s/train/yhc_Arianna_P/PR1LBULCAAS94M100120171053_w004_20.0s.npy,yhc_Arianna_P,ipvs,reading_passage,0,train,20.0,0.0
data/processed/audio_10s/train/yhc_Arianna_P/PR1LBULCAAS94M100120171053_w005_25.0s.wav,data/processed/features_10s/train/yhc_Arianna_P/PR1LBULCAAS94M100120171053_w005_25.0s.npy,yhc_Arianna_P,ipvs,reading_passage,0,train,25.0,0.0
data/processed/audio_10s/train/yhc_Biagio_P/B1LBULCAAS94M100120171056_w000_0.0s.wav,data/processed/features_10s/train/yhc_Biagio_P/B1LBULCAAS94M100120171056_w000_0.0s.npy,yhc_Biagio_P,ipvs,syllable_repetition,0,train,0.0,0.0
data/processed/audio_10s/train/yhc_Biagio_P/B1LBULCAAS94M100120171056_w001_5.0s.wav,data/processed/features_10s/train/yhc_Biagio_P/B1LBULCAAS94M100120171056_w001_5.0s.npy,yhc_Biagio_P,ipvs,syllable_repetition,0,train,5.0,0.0
data/processed/audio_10s/train/yhc_Biagio_P/B1LBULCAAS94M100120171056_w002_10.0s.wav,data/processed/features_10s/train/yhc_Biagio_P/B1LBULCAAS94M100120171056_w002_10.0s.npy,yhc_Biagio_P,ipvs,syllable_repetition,0,train,10.0,0.0
data/processed/audio_10s/train/yhc_Biagio_P/B1LBULCAAS94M100120171056_w003_15.0s.wav,data/processed/features_10s/train/yhc_Biagio_P/B1LBULCAAS94M100120171056_w003_15.0s.npy,yhc_Biagio_P,ipvs,syllable_repetition,0,train,15.0,0.0
data/processed/audio_10s/train/yhc_Biagio_P/B1LBULCAAS94M100120171056_w004_20.0s.wav,data/processed/features_10s/train/yhc_Biagio_P/B1LBULCAAS94M100120171056_w004_20.0s.npy,yhc_Biagio_P,ipvs,syllable_repetition,0,train,20.0,0.0
data/processed/audio_10s/train/yhc_Biagio_P/B1LBULCAAS94M100120171056_w005_25.0s.wav,data/processed/features_10s/train/yhc_Biagio_P/B1LBULCAAS94M100120171056_w005_25.0s.npy,yhc_Biagio_P,ipvs,syllable_repetition,0,train,25.0,0.0
data/processed/audio_10s/train/yhc_Biagio_P/B2LBULCAAS94M100120171056_w000_0.0s.wav,data/processed/features_10s/train/yhc_Biagio_P/B2LBULCAAS94M100120171056_w000_0.0s.npy,yhc_Biagio_P,ipvs,syllable_repetition,0,train,0.0,0.0
data/processed/audio_10s/train/yhc_Biagio_P/B2LBULCAAS94M100120171056_w001_5.0s.wav,data/processed/features_10s/train/yhc_Biagio_P/B2LBULCAAS94M100120171056_w001_5.0s.npy,yhc_Biagio_P,ipvs,syllable_repetition,0,train,5.0,0.0
data/processed/audio_10s/train/yhc_Biagio_P/B2LBULCAAS94M100120171056_w002_10.0s.wav,data/processed/features_10s/train/yhc_Biagio_P/B2LBULCAAS94M100120171056_w002_10.0s.npy,yhc_Biagio_P,ipvs,syllable_repetition,0,train,10.0,0.0
data/processed/audio_10s/train/yhc_Biagio_P/B2LBULCAAS94M100120171056_w003_15.0s.wav,data/processed/features_10s/train/yhc_Biagio_P/B2LBULCAAS94M100120171056_w003_15.0s.npy,yhc_Biagio_P,ipvs,syllable_repetition,0,train,15.0,0.0
data/processed/audio_10s/train/yhc_Biagio_P/B2LBULCAAS94M100120171056_w004_20.0s.wav,data/processed/features_10s/train/yhc_Biagio_P/B2LBULCAAS94M100120171056_w004_20.0s.npy,yhc_Biagio_P,ipvs,syllable_repetition,0,train,20.0,0.0
data/processed/audio_10s/train/yhc_Biagio_P/B2LBULCAAS94M100120171056_w005_25.0s.wav,data/processed/features_10s/train/yhc_Biagio_P/B2LBULCAAS94M100120171056_w005_25.0s.npy,yhc_Biagio_P,ipvs,syllable_repetition,0,train,25.0,0.0
data/processed/audio_10s/train/yhc_Biagio_P/B2LBULCAAS94M100120171056_w006_30.0s.wav,data/processed/features_10s/train/yhc_Biagio_P/B2LBULCAAS94M100120171056_w006_30.0s.npy,yhc_Biagio_P,ipvs,syllable_repetition,0,train,30.0,0.0
data/processed/audio_10s/train/yhc_Biagio_P/PR1LBULCAAS94M100120171056_w000_0.0s.wav,data/processed/features_10s/train/yhc_Biagio_P/PR1LBULCAAS94M100120171056_w000_0.0s.npy,yhc_Biagio_P,ipvs,reading_passage,0,train,0.0,0.0
data/processed/audio_10s/train/yhc_Biagio_P/PR1LBULCAAS94M100120171056_w001_5.0s.wav,data/processed/features_10s/train/yhc_Biagio_P/PR1LBULCAAS94M100120171056_w001_5.0s.npy,yhc_Biagio_P,ipvs,reading_passage,0,train,5.0,0.0
data/processed/audio_10s/train/yhc_Biagio_P/PR1LBULCAAS94M100120171056_w002_10.0s.wav,data/processed/features_10s/train/yhc_Biagio_P/PR1LBULCAAS94M100120171056_w002_10.0s.npy,yhc_Biagio_P,ipvs,reading_passage,0,train,10.0,0.0
data/processed/audio_10s/train/yhc_Biagio_P/PR1LBULCAAS94M100120171056_w003_15.0s.wav,data/processed/features_10s/train/yhc_Biagio_P/PR1LBULCAAS94M100120171056_w003_15.0s.npy,yhc_Biagio_P,ipvs,reading_passage,0,train,15.0,0.0
data/processed/audio_10s/train/yhc_Biagio_P/PR1LBULCAAS94M100120171056_w004_20.0s.wav,data/processed/features_10s/train/yhc_Biagio_P/PR1LBULCAAS94M100120171056_w004_20.0s.npy,yhc_Biagio_P,ipvs,reading_passage,0,train,20.0,0.0
data/processed/audio_10s/train/yhc_Biagio_P/PR1LBULCAAS94M100120171056_w005_25.0s.wav,data/processed/features_10s/train/yhc_Biagio_P/PR1LBULCAAS94M100120171056_w005_25.0s.npy,yhc_Biagio_P,ipvs,reading_passage,0,train,25.0,0.0
data/processed/audio_10s/train/yhc_Biagio_P/PR1LBULCAAS94M100120171056_w006_30.0s.wav,data/processed/features_10s/train/yhc_Biagio_P/PR1LBULCAAS94M100120171056_w006_30.0s.npy,yhc_Biagio_P,ipvs,reading_passage,0,train,30.0,0.0
data/processed/audio_10s/train/yhc_Daniele_R/B1LBULCAAS94M100120171057_w000_0.0s.wav,data/processed/features_10s/train/yhc_Daniele_R/B1LBULCAAS94M100120171057_w000_0.0s.npy,yhc_Daniele_R,ipvs,syllable_repetition,0,train,0.0,0.0
data/processed/audio_10s/train/yhc_Daniele_R/B1LBULCAAS94M100120171057_w001_5.0s.wav,data/processed/features_10s/train/yhc_Daniele_R/B1LBULCAAS94M100120171057_w001_5.0s.npy,yhc_Daniele_R,ipvs,syllable_repetition,0,train,5.0,0.0
data/processed/audio_10s/train/yhc_Daniele_R/B1LBULCAAS94M100120171057_w002_10.0s.wav,data/processed/features_10s/train/yhc_Daniele_R/B1LBULCAAS94M100120171057_w002_10.0s.npy,yhc_Daniele_R,ipvs,syllable_repetition,0,train,10.0,0.0
data/processed/audio_10s/train/yhc_Daniele_R/B1LBULCAAS94M100120171057_w003_15.0s.wav,data/processed/features_10s/train/yhc_Daniele_R/B1LBULCAAS94M100120171057_w003_15.0s.npy,yhc_Daniele_R,ipvs,syllable_repetition,0,train,15.0,0.0
data/processed/audio_10s/train/yhc_Daniele_R/B1LBULCAAS94M100120171057_w004_20.0s.wav,data/processed/features_10s/train/yhc_Daniele_R/B1LBULCAAS94M100120171057_w004_20.0s.npy,yhc_Daniele_R,ipvs,syllable_repetition,0,train,20.0,0.0
data/processed/audio_10s/train/yhc_Daniele_R/B1LBULCAAS94M100120171057_w005_25.0s.wav,data/processed/features_10s/train/yhc_Daniele_R/B1LBULCAAS94M100120171057_w005_25.0s.npy,yhc_Daniele_R,ipvs,syllable_repetition,0,train,25.0,0.0
data/processed/audio_10s/train/yhc_Daniele_R/B1LBULCAAS94M100120171057_w006_30.0s.wav,data/processed/features_10s/train/yhc_Daniele_R/B1LBULCAAS94M100120171057_w006_30.0s.npy,yhc_Daniele_R,ipvs,syllable_repetition,0,train,30.0,0.0
data/processed/audio_10s/train/yhc_Daniele_R/B2LBULCAAS94M100120171057_w000_0.0s.wav,data/processed/features_10s/train/yhc_Daniele_R/B2LBULCAAS94M100120171057_w000_0.0s.npy,yhc_Daniele_R,ipvs,syllable_repetition,0,train,0.0,0.0
data/processed/audio_10s/train/yhc_Daniele_R/B2LBULCAAS94M100120171057_w001_5.0s.wav,data/processed/features_10s/train/yhc_Daniele_R/B2LBULCAAS94M100120171057_w001_5.0s.npy,yhc_Daniele_R,ipvs,syllable_repetition,0,train,5.0,0.0
data/processed/audio_10s/train/yhc_Daniele_R/B2LBULCAAS94M100120171057_w002_10.0s.wav,data/processed/features_10s/train/yhc_Daniele_R/B2LBULCAAS94M100120171057_w002_10.0s.npy,yhc_Daniele_R,ipvs,syllable_repetition,0,train,10.0,0.0
data/processed/audio_10s/train/yhc_Daniele_R/B2LBULCAAS94M100120171057_w003_15.0s.wav,data/processed/features_10s/train/yhc_Daniele_R/B2LBULCAAS94M100120171057_w003_15.0s.npy,yhc_Daniele_R,ipvs,syllable_repetition,0,train,15.0,0.0
data/processed/audio_10s/train/yhc_Daniele_R/B2LBULCAAS94M100120171057_w004_20.0s.wav,data/processed/features_10s/train/yhc_Daniele_R/B2LBULCAAS94M100120171057_w004_20.0s.npy,yhc_Daniele_R,ipvs,syllable_repetition,0,train,20.0,0.0
data/processed/audio_10s/train/yhc_Daniele_R/B2LBULCAAS94M100120171057_w005_25.0s.wav,data/processed/features_10s/train/yhc_Daniele_R/B2LBULCAAS94M100120171057_w005_25.0s.npy,yhc_Daniele_R,ipvs,syllable_repetition,0,train,25.0,0.0
data/processed/audio_10s/train/yhc_Daniele_R/B2LBULCAAS94M100120171057_w006_30.0s.wav,data/processed/features_10s/train/yhc_Daniele_R/B2LBULCAAS94M100120171057_w006_30.0s.npy,yhc_Daniele_R,ipvs,syllable_repetition,0,train,30.0,0.0
data/processed/audio_10s/train/yhc_Daniele_R/PR11LBULCAAS94M100120171057_w000_0.0s.wav,data/processed/features_10s/train/yhc_Daniele_R/PR11LBULCAAS94M100120171057_w000_0.0s.npy,yhc_Daniele_R,ipvs,reading_passage,0,train,0.0,0.0
data/processed/audio_10s/train/yhc_Daniele_R/PR11LBULCAAS94M100120171057_w001_5.0s.wav,data/processed/features_10s/train/yhc_Daniele_R/PR11LBULCAAS94M100120171057_w001_5.0s.npy,yhc_Daniele_R,ipvs,reading_passage,0,train,5.0,0.0
data/processed/audio_10s/train/yhc_Daniele_R/PR11LBULCAAS94M100120171057_w002_10.0s.wav,data/processed/features_10s/train/yhc_Daniele_R/PR11LBULCAAS94M100120171057_w002_10.0s.npy,yhc_Daniele_R,ipvs,reading_passage,0,train,10.0,0.0
data/processed/audio_10s/train/yhc_Daniele_R/PR11LBULCAAS94M100120171057_w003_15.0s.wav,data/processed/features_10s/train/yhc_Daniele_R/PR11LBULCAAS94M100120171057_w003_15.0s.npy,yhc_Daniele_R,ipvs,reading_passage,0,train,15.0,0.0
data/processed/audio_10s/train/yhc_Daniele_R/PR11LBULCAAS94M100120171057_w004_20.0s.wav,data/processed/features_10s/train/yhc_Daniele_R/PR11LBULCAAS94M100120171057_w004_20.0s.npy,yhc_Daniele_R,ipvs,reading_passage,0,train,20.0,0.0
data/processed/audio_10s/train/yhc_Daniele_R/PR11LBULCAAS94M100120171057_w005_25.0s.wav,data/processed/features_10s/train/yhc_Daniele_R/PR11LBULCAAS94M100120171057_w005_25.0s.npy,yhc_Daniele_R,ipvs,reading_passage,0,train,25.0,0.0
data/processed/audio_10s/train/yhc_Daniele_R/PR11LBULCAAS94M100120171057_w006_30.0s.wav,data/processed/features_10s/train/yhc_Daniele_R/PR11LBULCAAS94M100120171057_w006_30.0s.npy,yhc_Daniele_R,ipvs,reading_passage,0,train,30.0,0.0
data/processed/audio_10s/train/yhc_Daniele_R/PR11LBULCAAS94M100120171057_w007_35.0s.wav,data/processed/features_10s/train/yhc_Daniele_R/PR11LBULCAAS94M100120171057_w007_35.0s.npy,yhc_Daniele_R,ipvs,reading_passage,0,train,35.0,0.0
data/processed/audio_10s/test/yhc_Davide_M/B1LBULCAAS94M100120171020_w000_0.0s.wav,data/processed/features_10s/test/yhc_Davide_M/B1LBULCAAS94M100120171020_w000_0.0s.npy,yhc_Davide_M,ipvs,syllable_repetition,0,test,0.0,0.0
data/processed/audio_10s/test/yhc_Davide_M/B1LBULCAAS94M100120171020_w001_5.0s.wav,data/processed/features_10s/test/yhc_Davide_M/B1LBULCAAS94M100120171020_w001_5.0s.npy,yhc_Davide_M,ipvs,syllable_repetition,0,test,5.0,0.0
data/processed/audio_10s/test/yhc_Davide_M/B1LBULCAAS94M100120171020_w002_10.0s.wav,data/processed/features_10s/test/yhc_Davide_M/B1LBULCAAS94M100120171020_w002_10.0s.npy,yhc_Davide_M,ipvs,syllable_repetition,0,test,10.0,0.0
data/processed/audio_10s/test/yhc_Davide_M/B1LBULCAAS94M100120171020_w003_15.0s.wav,data/processed/features_10s/test/yhc_Davide_M/B1LBULCAAS94M100120171020_w003_15.0s.npy,yhc_Davide_M,ipvs,syllable_repetition,0,test,15.0,0.0
data/processed/audio_10s/test/yhc_Davide_M/B1LBULCAAS94M100120171020_w004_20.0s.wav,data/processed/features_10s/test/yhc_Davide_M/B1LBULCAAS94M100120171020_w004_20.0s.npy,yhc_Davide_M,ipvs,syllable_repetition,0,test,20.0,0.0
data/processed/audio_10s/test/yhc_Davide_M/B1LBULCAAS94M100120171020_w005_25.0s.wav,data/processed/features_10s/test/yhc_Davide_M/B1LBULCAAS94M100120171020_w005_25.0s.npy,yhc_Davide_M,ipvs,syllable_repetition,0,test,25.0,0.0
data/processed/audio_10s/test/yhc_Davide_M/B1LBULCAAS94M100120171020_w006_30.0s.wav,data/processed/features_10s/test/yhc_Davide_M/B1LBULCAAS94M100120171020_w006_30.0s.npy,yhc_Davide_M,ipvs,syllable_repetition,0,test,30.0,0.0
data/processed/audio_10s/test/yhc_Davide_M/B1LBULCAAS94M100120171020_w007_35.0s.wav,data/processed/features_10s/test/yhc_Davide_M/B1LBULCAAS94M100120171020_w007_35.0s.npy,yhc_Davide_M,ipvs,syllable_repetition,0,test,35.0,0.0
data/processed/audio_10s/test/yhc_Davide_M/B2LBULCAAS94M100120171020_w000_0.0s.wav,data/processed/features_10s/test/yhc_Davide_M/B2LBULCAAS94M100120171020_w000_0.0s.npy,yhc_Davide_M,ipvs,syllable_repetition,0,test,0.0,0.0
data/processed/audio_10s/test/yhc_Davide_M/B2LBULCAAS94M100120171020_w001_5.0s.wav,data/processed/features_10s/test/yhc_Davide_M/B2LBULCAAS94M100120171020_w001_5.0s.npy,yhc_Davide_M,ipvs,syllable_repetition,0,test,5.0,0.0
data/processed/audio_10s/test/yhc_Davide_M/B2LBULCAAS94M100120171020_w002_10.0s.wav,data/processed/features_10s/test/yhc_Davide_M/B2LBULCAAS94M100120171020_w002_10.0s.npy,yhc_Davide_M,ipvs,syllable_repetition,0,test,10.0,0.0
data/processed/audio_10s/test/yhc_Davide_M/B2LBULCAAS94M100120171020_w003_15.0s.wav,data/processed/features_10s/test/yhc_Davide_M/B2LBULCAAS94M100120171020_w003_15.0s.npy,yhc_Davide_M,ipvs,syllable_repetition,0,test,15.0,0.0
data/processed/audio_10s/test/yhc_Davide_M/B2LBULCAAS94M100120171020_w004_20.0s.wav,data/processed/features_10s/test/yhc_Davide_M/B2LBULCAAS94M100120171020_w004_20.0s.npy,yhc_Davide_M,ipvs,syllable_repetition,0,test,20.0,0.0
data/processed/audio_10s/test/yhc_Davide_M/B2LBULCAAS94M100120171020_w005_25.0s.wav,data/processed/features_10s/test/yhc_Davide_M/B2LBULCAAS94M100120171020_w005_25.0s.npy,yhc_Davide_M,ipvs,syllable_repetition,0,test,25.0,0.0
data/processed/audio_10s/test/yhc_Davide_M/B2LBULCAAS94M100120171020_w006_30.0s.wav,data/processed/features_10s/test/yhc_Davide_M/B2LBULCAAS94M100120171020_w006_30.0s.npy,yhc_Davide_M,ipvs,syllable_repetition,0,test,30.0,0.0
data/processed/audio_10s/test/yhc_Davide_M/B2LBULCAAS94M100120171020_w007_35.0s.wav,data/processed/features_10s/test/yhc_Davide_M/B2LBULCAAS94M100120171020_w007_35.0s.npy,yhc_Davide_M,ipvs,syllable_repetition,0,test,35.0,0.0
data/processed/audio_10s/test/yhc_Davide_M/B2LBULCAAS94M100120171020_w008_40.0s.wav,data/processed/features_10s/test/yhc_Davide_M/B2LBULCAAS94M100120171020_w008_40.0s.npy,yhc_Davide_M,ipvs,syllable_repetition,0,test,40.0,0.0
data/processed/audio_10s/test/yhc_Davide_M/PR1LBULCAAS94M100120171020_w000_0.0s.wav,data/processed/features_10s/test/yhc_Davide_M/PR1LBULCAAS94M100120171020_w000_0.0s.npy,yhc_Davide_M,ipvs,reading_passage,0,test,0.0,0.0
data/processed/audio_10s/test/yhc_Davide_M/PR1LBULCAAS94M100120171020_w001_5.0s.wav,data/processed/features_10s/test/yhc_Davide_M/PR1LBULCAAS94M100120171020_w001_5.0s.npy,yhc_Davide_M,ipvs,reading_passage,0,test,5.0,0.0
data/processed/audio_10s/test/yhc_Davide_M/PR1LBULCAAS94M100120171020_w002_10.0s.wav,data/processed/features_10s/test/yhc_Davide_M/PR1LBULCAAS94M100120171020_w002_10.0s.npy,yhc_Davide_M,ipvs,reading_passage,0,test,10.0,0.0
data/processed/audio_10s/test/yhc_Davide_M/PR1LBULCAAS94M100120171020_w003_15.0s.wav,data/processed/features_10s/test/yhc_Davide_M/PR1LBULCAAS94M100120171020_w003_15.0s.npy,yhc_Davide_M,ipvs,reading_passage,0,test,15.0,0.0
data/processed/audio_10s/test/yhc_Davide_M/PR1LBULCAAS94M100120171020_w004_20.0s.wav,data/processed/features_10s/test/yhc_Davide_M/PR1LBULCAAS94M100120171020_w004_20.0s.npy,yhc_Davide_M,ipvs,reading_passage,0,test,20.0,0.0
data/processed/audio_10s/test/yhc_Davide_M/PR1LBULCAAS94M100120171020_w005_25.0s.wav,data/processed/features_10s/test/yhc_Davide_M/PR1LBULCAAS94M100120171020_w005_25.0s.npy,yhc_Davide_M,ipvs,reading_passage,0,test,25.0,0.0
data/processed/audio_10s/test/yhc_Davide_M/PR1LBULCAAS94M100120171020_w006_30.0s.wav,data/processed/features_10s/test/yhc_Davide_M/PR1LBULCAAS94M100120171020_w006_30.0s.npy,yhc_Davide_M,ipvs,reading_passage,0,test,30.0,0.0
data/processed/audio_10s/test/yhc_Davide_M/PR1LBULCAAS94M100120171020_w007_35.0s.wav,data/processed/features_10s/test/yhc_Davide_M/PR1LBULCAAS94M100120171020_w007_35.0s.npy,yhc_Davide_M,ipvs,reading_passage,0,test,35.0,0.0
data/processed/audio_10s/test/yhc_Davide_M/PR1LBULCAAS94M100120171020_w008_40.0s.wav,data/processed/features_10s/test/yhc_Davide_M/PR1LBULCAAS94M100120171020_w008_40.0s.npy,yhc_Davide_M,ipvs,reading_passage,0,test,40.0,0.0
data/processed/audio_10s/train/yhc_Davide_S/B1LBULCAAS94M100120171036_w000_0.0s.wav,data/processed/features_10s/train/yhc_Davide_S/B1LBULCAAS94M100120171036_w000_0.0s.npy,yhc_Davide_S,ipvs,syllable_repetition,0,train,0.0,0.0
data/processed/audio_10s/train/yhc_Davide_S/B1LBULCAAS94M100120171036_w001_5.0s.wav,data/processed/features_10s/train/yhc_Davide_S/B1LBULCAAS94M100120171036_w001_5.0s.npy,yhc_Davide_S,ipvs,syllable_repetition,0,train,5.0,0.0
data/processed/audio_10s/train/yhc_Davide_S/B1LBULCAAS94M100120171036_w002_10.0s.wav,data/processed/features_10s/train/yhc_Davide_S/B1LBULCAAS94M100120171036_w002_10.0s.npy,yhc_Davide_S,ipvs,syllable_repetition,0,train,10.0,0.0
data/processed/audio_10s/train/yhc_Davide_S/B1LBULCAAS94M100120171036_w003_15.0s.wav,data/processed/features_10s/train/yhc_Davide_S/B1LBULCAAS94M100120171036_w003_15.0s.npy,yhc_Davide_S,ipvs,syllable_repetition,0,train,15.0,0.0
data/processed/audio_10s/train/yhc_Davide_S/B1LBULCAAS94M100120171036_w004_20.0s.wav,data/processed/features_10s/train/yhc_Davide_S/B1LBULCAAS94M100120171036_w004_20.0s.npy,yhc_Davide_S,ipvs,syllable_repetition,0,train,20.0,0.0
data/processed/audio_10s/train/yhc_Davide_S/B1LBULCAAS94M100120171036_w005_25.0s.wav,data/processed/features_10s/train/yhc_Davide_S/B1LBULCAAS94M100120171036_w005_25.0s.npy,yhc_Davide_S,ipvs,syllable_repetition,0,train,25.0,0.0
data/processed/audio_10s/train/yhc_Davide_S/B1LBULCAAS94M100120171036_w006_30.0s.wav,data/processed/features_10s/train/yhc_Davide_S/B1LBULCAAS94M100120171036_w006_30.0s.npy,yhc_Davide_S,ipvs,syllable_repetition,0,train,30.0,0.0
data/processed/audio_10s/train/yhc_Davide_S/B2LBULCAAS94M100120171036_w000_0.0s.wav,data/processed/features_10s/train/yhc_Davide_S/B2LBULCAAS94M100120171036_w000_0.0s.npy,yhc_Davide_S,ipvs,syllable_repetition,0,train,0.0,0.0
data/processed/audio_10s/train/yhc_Davide_S/B2LBULCAAS94M100120171036_w001_5.0s.wav,data/processed/features_10s/train/yhc_Davide_S/B2LBULCAAS94M100120171036_w001_5.0s.npy,yhc_Davide_S,ipvs,syllable_repetition,0,train,5.0,0.0
data/processed/audio_10s/train/yhc_Davide_S/B2LBULCAAS94M100120171036_w002_10.0s.wav,data/processed/features_10s/train/yhc_Davide_S/B2LBULCAAS94M100120171036_w002_10.0s.npy,yhc_Davide_S,ipvs,syllable_repetition,0,train,10.0,0.0
data/processed/audio_10s/train/yhc_Davide_S/B2LBULCAAS94M100120171036_w003_15.0s.wav,data/processed/features_10s/train/yhc_Davide_S/B2LBULCAAS94M100120171036_w003_15.0s.npy,yhc_Davide_S,ipvs,syllable_repetition,0,train,15.0,0.0
data/processed/audio_10s/train/yhc_Davide_S/B2LBULCAAS94M100120171036_w004_20.0s.wav,data/processed/features_10s/train/yhc_Davide_S/B2LBULCAAS94M100120171036_w004_20.0s.npy,yhc_Davide_S,ipvs,syllable_repetition,0,train,20.0,0.0
data/processed/audio_10s/train/yhc_Davide_S/B2LBULCAAS94M100120171036_w005_25.0s.wav,data/processed/features_10s/train/yhc_Davide_S/B2LBULCAAS94M100120171036_w005_25.0s.npy,yhc_Davide_S,ipvs,syllable_repetition,0,train,25.0,0.0
data/processed/audio_10s/train/yhc_Davide_S/PR1LBULCAAS94M100120171036_w000_0.0s.wav,data/processed/features_10s/train/yhc_Davide_S/PR1LBULCAAS94M100120171036_w000_0.0s.npy,yhc_Davide_S,ipvs,reading_passage,0,train,0.0,0.0
data/processed/audio_10s/train/yhc_Davide_S/PR1LBULCAAS94M100120171036_w001_5.0s.wav,data/processed/features_10s/train/yhc_Davide_S/PR1LBULCAAS94M100120171036_w001_5.0s.npy,yhc_Davide_S,ipvs,reading_passage,0,train,5.0,0.0
data/processed/audio_10s/train/yhc_Davide_S/PR1LBULCAAS94M100120171036_w002_10.0s.wav,data/processed/features_10s/train/yhc_Davide_S/PR1LBULCAAS94M100120171036_w002_10.0s.npy,yhc_Davide_S,ipvs,reading_passage,0,train,10.0,0.0
data/processed/audio_10s/train/yhc_Davide_S/PR1LBULCAAS94M100120171036_w003_15.0s.wav,data/processed/features_10s/train/yhc_Davide_S/PR1LBULCAAS94M100120171036_w003_15.0s.npy,yhc_Davide_S,ipvs,reading_passage,0,train,15.0,0.0
data/processed/audio_10s/train/yhc_Davide_S/PR1LBULCAAS94M100120171036_w004_20.0s.wav,data/processed/features_10s/train/yhc_Davide_S/PR1LBULCAAS94M100120171036_w004_20.0s.npy,yhc_Davide_S,ipvs,reading_passage,0,train,20.0,0.0
data/processed/audio_10s/train/yhc_Davide_S/PR1LBULCAAS94M100120171036_w005_25.0s.wav,data/processed/features_10s/train/yhc_Davide_S/PR1LBULCAAS94M100120171036_w005_25.0s.npy,yhc_Davide_S,ipvs,reading_passage,0,train,25.0,0.0
data/processed/audio_10s/train/yhc_Davide_S/PR1LBULCAAS94M100120171036_w006_30.0s.wav,data/processed/features_10s/train/yhc_Davide_S/PR1LBULCAAS94M100120171036_w006_30.0s.npy,yhc_Davide_S,ipvs,reading_passage,0,train,30.0,0.0
data/processed/audio_10s/train/yhc_Davide_S/PR1LBULCAAS94M100120171036_w007_35.0s.wav,data/processed/features_10s/train/yhc_Davide_S/PR1LBULCAAS94M100120171036_w007_35.0s.npy,yhc_Davide_S,ipvs,reading_passage,0,train,35.0,0.0
data/processed/audio_10s/val/yhc_Domenico_T/B1TDULCAAS94M100120171065_w000_0.0s.wav,data/processed/features_10s/val/yhc_Domenico_T/B1TDULCAAS94M100120171065_w000_0.0s.npy,yhc_Domenico_T,ipvs,syllable_repetition,0,val,0.0,0.0
data/processed/audio_10s/val/yhc_Domenico_T/B1TDULCAAS94M100120171065_w001_5.0s.wav,data/processed/features_10s/val/yhc_Domenico_T/B1TDULCAAS94M100120171065_w001_5.0s.npy,yhc_Domenico_T,ipvs,syllable_repetition,0,val,5.0,0.0
data/processed/audio_10s/val/yhc_Domenico_T/B1TDULCAAS94M100120171065_w002_10.0s.wav,data/processed/features_10s/val/yhc_Domenico_T/B1TDULCAAS94M100120171065_w002_10.0s.npy,yhc_Domenico_T,ipvs,syllable_repetition,0,val,10.0,0.0
data/processed/audio_10s/val/yhc_Domenico_T/B1TDULCAAS94M100120171065_w003_15.0s.wav,data/processed/features_10s/val/yhc_Domenico_T/B1TDULCAAS94M100120171065_w003_15.0s.npy,yhc_Domenico_T,ipvs,syllable_repetition,0,val,15.0,0.0
data/processed/audio_10s/val/yhc_Domenico_T/B1TDULCAAS94M100120171065_w004_20.0s.wav,data/processed/features_10s/val/yhc_Domenico_T/B1TDULCAAS94M100120171065_w004_20.0s.npy,yhc_Domenico_T,ipvs,syllable_repetition,0,val,20.0,0.0
data/processed/audio_10s/val/yhc_Domenico_T/B1TDULCAAS94M100120171065_w005_25.0s.wav,data/processed/features_10s/val/yhc_Domenico_T/B1TDULCAAS94M100120171065_w005_25.0s.npy,yhc_Domenico_T,ipvs,syllable_repetition,0,val,25.0,0.0
data/processed/audio_10s/val/yhc_Domenico_T/B1TDULCAAS94M100120171065_w006_30.0s.wav,data/processed/features_10s/val/yhc_Domenico_T/B1TDULCAAS94M100120171065_w006_30.0s.npy,yhc_Domenico_T,ipvs,syllable_repetition,0,val,30.0,0.0
data/processed/audio_10s/val/yhc_Domenico_T/B2LBULCAAS94M100120171065_w000_0.0s.wav,data/processed/features_10s/val/yhc_Domenico_T/B2LBULCAAS94M100120171065_w000_0.0s.npy,yhc_Domenico_T,ipvs,syllable_repetition,0,val,0.0,0.0
data/processed/audio_10s/val/yhc_Domenico_T/B2LBULCAAS94M100120171065_w001_5.0s.wav,data/processed/features_10s/val/yhc_Domenico_T/B2LBULCAAS94M100120171065_w001_5.0s.npy,yhc_Domenico_T,ipvs,syllable_repetition,0,val,5.0,0.0
data/processed/audio_10s/val/yhc_Domenico_T/B2LBULCAAS94M100120171065_w002_10.0s.wav,data/processed/features_10s/val/yhc_Domenico_T/B2LBULCAAS94M100120171065_w002_10.0s.npy,yhc_Domenico_T,ipvs,syllable_repetition,0,val,10.0,0.0
data/processed/audio_10s/val/yhc_Domenico_T/B2LBULCAAS94M100120171065_w003_15.0s.wav,data/processed/features_10s/val/yhc_Domenico_T/B2LBULCAAS94M100120171065_w003_15.0s.npy,yhc_Domenico_T,ipvs,syllable_repetition,0,val,15.0,0.0
data/processed/audio_10s/val/yhc_Domenico_T/B2LBULCAAS94M100120171065_w004_20.0s.wav,data/processed/features_10s/val/yhc_Domenico_T/B2LBULCAAS94M100120171065_w004_20.0s.npy,yhc_Domenico_T,ipvs,syllable_repetition,0,val,20.0,0.0
data/processed/audio_10s/val/yhc_Domenico_T/B2LBULCAAS94M100120171065_w005_25.0s.wav,data/processed/features_10s/val/yhc_Domenico_T/B2LBULCAAS94M100120171065_w005_25.0s.npy,yhc_Domenico_T,ipvs,syllable_repetition,0,val,25.0,0.0
data/processed/audio_10s/val/yhc_Domenico_T/B2LBULCAAS94M100120171065_w006_30.0s.wav,data/processed/features_10s/val/yhc_Domenico_T/B2LBULCAAS94M100120171065_w006_30.0s.npy,yhc_Domenico_T,ipvs,syllable_repetition,0,val,30.0,0.0
data/processed/audio_10s/val/yhc_Domenico_T/PR1LBULCAAS94M100120171065_w000_0.0s.wav,data/processed/features_10s/val/yhc_Domenico_T/PR1LBULCAAS94M100120171065_w000_0.0s.npy,yhc_Domenico_T,ipvs,reading_passage,0,val,0.0,0.0
data/processed/audio_10s/val/yhc_Domenico_T/PR1LBULCAAS94M100120171065_w001_5.0s.wav,data/processed/features_10s/val/yhc_Domenico_T/PR1LBULCAAS94M100120171065_w001_5.0s.npy,yhc_Domenico_T,ipvs,reading_passage,0,val,5.0,0.0
data/processed/audio_10s/val/yhc_Domenico_T/PR1LBULCAAS94M100120171065_w002_10.0s.wav,data/processed/features_10s/val/yhc_Domenico_T/PR1LBULCAAS94M100120171065_w002_10.0s.npy,yhc_Domenico_T,ipvs,reading_passage,0,val,10.0,0.0
data/processed/audio_10s/val/yhc_Domenico_T/PR1LBULCAAS94M100120171065_w003_15.0s.wav,data/processed/features_10s/val/yhc_Domenico_T/PR1LBULCAAS94M100120171065_w003_15.0s.npy,yhc_Domenico_T,ipvs,reading_passage,0,val,15.0,0.0
data/processed/audio_10s/val/yhc_Domenico_T/PR1LBULCAAS94M100120171065_w004_20.0s.wav,data/processed/features_10s/val/yhc_Domenico_T/PR1LBULCAAS94M100120171065_w004_20.0s.npy,yhc_Domenico_T,ipvs,reading_passage,0,val,20.0,0.0
data/processed/audio_10s/val/yhc_Domenico_T/PR1LBULCAAS94M100120171065_w005_25.0s.wav,data/processed/features_10s/val/yhc_Domenico_T/PR1LBULCAAS94M100120171065_w005_25.0s.npy,yhc_Domenico_T,ipvs,reading_passage,0,val,25.0,0.0
data/processed/audio_10s/train/yhc_Gennaro_T/B1LBULCAAS94M100120171064_w000_0.0s.wav,data/processed/features_10s/train/yhc_Gennaro_T/B1LBULCAAS94M100120171064_w000_0.0s.npy,yhc_Gennaro_T,ipvs,syllable_repetition,0,train,0.0,0.0
data/processed/audio_10s/train/yhc_Gennaro_T/B1LBULCAAS94M100120171064_w001_5.0s.wav,data/processed/features_10s/train/yhc_Gennaro_T/B1LBULCAAS94M100120171064_w001_5.0s.npy,yhc_Gennaro_T,ipvs,syllable_repetition,0,train,5.0,0.0
data/processed/audio_10s/train/yhc_Gennaro_T/B1LBULCAAS94M100120171064_w002_10.0s.wav,data/processed/features_10s/train/yhc_Gennaro_T/B1LBULCAAS94M100120171064_w002_10.0s.npy,yhc_Gennaro_T,ipvs,syllable_repetition,0,train,10.0,0.0
data/processed/audio_10s/train/yhc_Gennaro_T/B1LBULCAAS94M100120171064_w003_15.0s.wav,data/processed/features_10s/train/yhc_Gennaro_T/B1LBULCAAS94M100120171064_w003_15.0s.npy,yhc_Gennaro_T,ipvs,syllable_repetition,0,train,15.0,0.0
data/processed/audio_10s/train/yhc_Gennaro_T/B1LBULCAAS94M100120171064_w004_20.0s.wav,data/processed/features_10s/train/yhc_Gennaro_T/B1LBULCAAS94M100120171064_w004_20.0s.npy,yhc_Gennaro_T,ipvs,syllable_repetition,0,train,20.0,0.0
data/processed/audio_10s/train/yhc_Gennaro_T/B1LBULCAAS94M100120171064_w005_25.0s.wav,data/processed/features_10s/train/yhc_Gennaro_T/B1LBULCAAS94M100120171064_w005_25.0s.npy,yhc_Gennaro_T,ipvs,syllable_repetition,0,train,25.0,0.0
data/processed/audio_10s/train/yhc_Gennaro_T/B1LBULCAAS94M100120171064_w006_30.0s.wav,data/processed/features_10s/train/yhc_Gennaro_T/B1LBULCAAS94M100120171064_w006_30.0s.npy,yhc_Gennaro_T,ipvs,syllable_repetition,0,train,30.0,0.0
data/processed/audio_10s/train/yhc_Gennaro_T/B1LBULCAAS94M100120171064_w007_35.0s.wav,data/processed/features_10s/train/yhc_Gennaro_T/B1LBULCAAS94M100120171064_w007_35.0s.npy,yhc_Gennaro_T,ipvs,syllable_repetition,0,train,35.0,0.0
data/processed/audio_10s/train/yhc_Gennaro_T/B1LBULCAAS94M100120171064_w008_40.0s.wav,data/processed/features_10s/train/yhc_Gennaro_T/B1LBULCAAS94M100120171064_w008_40.0s.npy,yhc_Gennaro_T,ipvs,syllable_repetition,0,train,40.0,0.0
data/processed/audio_10s/train/yhc_Gennaro_T/B2LBULCAAS94M100120171064_w000_0.0s.wav,data/processed/features_10s/train/yhc_Gennaro_T/B2LBULCAAS94M100120171064_w000_0.0s.npy,yhc_Gennaro_T,ipvs,syllable_repetition,0,train,0.0,0.0
data/processed/audio_10s/train/yhc_Gennaro_T/B2LBULCAAS94M100120171064_w001_5.0s.wav,data/processed/features_10s/train/yhc_Gennaro_T/B2LBULCAAS94M100120171064_w001_5.0s.npy,yhc_Gennaro_T,ipvs,syllable_repetition,0,train,5.0,0.0
data/processed/audio_10s/train/yhc_Gennaro_T/B2LBULCAAS94M100120171064_w002_10.0s.wav,data/processed/features_10s/train/yhc_Gennaro_T/B2LBULCAAS94M100120171064_w002_10.0s.npy,yhc_Gennaro_T,ipvs,syllable_repetition,0,train,10.0,0.0
data/processed/audio_10s/train/yhc_Gennaro_T/B2LBULCAAS94M100120171064_w003_15.0s.wav,data/processed/features_10s/train/yhc_Gennaro_T/B2LBULCAAS94M100120171064_w003_15.0s.npy,yhc_Gennaro_T,ipvs,syllable_repetition,0,train,15.0,0.0
data/processed/audio_10s/train/yhc_Gennaro_T/B2LBULCAAS94M100120171064_w004_20.0s.wav,data/processed/features_10s/train/yhc_Gennaro_T/B2LBULCAAS94M100120171064_w004_20.0s.npy,yhc_Gennaro_T,ipvs,syllable_repetition,0,train,20.0,0.0
data/processed/audio_10s/train/yhc_Gennaro_T/B2LBULCAAS94M100120171064_w005_25.0s.wav,data/processed/features_10s/train/yhc_Gennaro_T/B2LBULCAAS94M100120171064_w005_25.0s.npy,yhc_Gennaro_T,ipvs,syllable_repetition,0,train,25.0,0.0
data/processed/audio_10s/train/yhc_Gennaro_T/B2LBULCAAS94M100120171064_w006_30.0s.wav,data/processed/features_10s/train/yhc_Gennaro_T/B2LBULCAAS94M100120171064_w006_30.0s.npy,yhc_Gennaro_T,ipvs,syllable_repetition,0,train,30.0,0.0
data/processed/audio_10s/train/yhc_Gennaro_T/B2LBULCAAS94M100120171064_w007_35.0s.wav,data/processed/features_10s/train/yhc_Gennaro_T/B2LBULCAAS94M100120171064_w007_35.0s.npy,yhc_Gennaro_T,ipvs,syllable_repetition,0,train,35.0,0.0
data/processed/audio_10s/train/yhc_Gennaro_T/PR1LBULCAAS94M100120171064_w000_0.0s.wav,data/processed/features_10s/train/yhc_Gennaro_T/PR1LBULCAAS94M100120171064_w000_0.0s.npy,yhc_Gennaro_T,ipvs,reading_passage,0,train,0.0,0.0
data/processed/audio_10s/train/yhc_Gennaro_T/PR1LBULCAAS94M100120171064_w001_5.0s.wav,data/processed/features_10s/train/yhc_Gennaro_T/PR1LBULCAAS94M100120171064_w001_5.0s.npy,yhc_Gennaro_T,ipvs,reading_passage,0,train,5.0,0.0
data/processed/audio_10s/train/yhc_Gennaro_T/PR1LBULCAAS94M100120171064_w002_10.0s.wav,data/processed/features_10s/train/yhc_Gennaro_T/PR1LBULCAAS94M100120171064_w002_10.0s.npy,yhc_Gennaro_T,ipvs,reading_passage,0,train,10.0,0.0
data/processed/audio_10s/train/yhc_Gennaro_T/PR1LBULCAAS94M100120171064_w003_15.0s.wav,data/processed/features_10s/train/yhc_Gennaro_T/PR1LBULCAAS94M100120171064_w003_15.0s.npy,yhc_Gennaro_T,ipvs,reading_passage,0,train,15.0,0.0
data/processed/audio_10s/train/yhc_Gennaro_T/PR1LBULCAAS94M100120171064_w004_20.0s.wav,data/processed/features_10s/train/yhc_Gennaro_T/PR1LBULCAAS94M100120171064_w004_20.0s.npy,yhc_Gennaro_T,ipvs,reading_passage,0,train,20.0,0.0
data/processed/audio_10s/train/yhc_Gennaro_T/PR1LBULCAAS94M100120171064_w005_25.0s.wav,data/processed/features_10s/train/yhc_Gennaro_T/PR1LBULCAAS94M100120171064_w005_25.0s.npy,yhc_Gennaro_T,ipvs,reading_passage,0,train,25.0,0.0
data/processed/audio_10s/train/yhc_Gennaro_T/PR1LBULCAAS94M100120171064_w006_30.0s.wav,data/processed/features_10s/train/yhc_Gennaro_T/PR1LBULCAAS94M100120171064_w006_30.0s.npy,yhc_Gennaro_T,ipvs,reading_passage,0,train,30.0,0.0
data/processed/audio_10s/train/yhc_Gennaro_T/PR1LBULCAAS94M100120171064_w007_35.0s.wav,data/processed/features_10s/train/yhc_Gennaro_T/PR1LBULCAAS94M100120171064_w007_35.0s.npy,yhc_Gennaro_T,ipvs,reading_passage,0,train,35.0,0.0
data/processed/audio_10s/train/yhc_Giuseppe_Andrea_M/B1LBULCAAS94M100120171021_w000_0.0s.wav,data/processed/features_10s/train/yhc_Giuseppe_Andrea_M/B1LBULCAAS94M100120171021_w000_0.0s.npy,yhc_Giuseppe_Andrea_M,ipvs,syllable_repetition,0,train,0.0,0.0
data/processed/audio_10s/train/yhc_Giuseppe_Andrea_M/B1LBULCAAS94M100120171021_w001_5.0s.wav,data/processed/features_10s/train/yhc_Giuseppe_Andrea_M/B1LBULCAAS94M100120171021_w001_5.0s.npy,yhc_Giuseppe_Andrea_M,ipvs,syllable_repetition,0,train,5.0,0.0
data/processed/audio_10s/train/yhc_Giuseppe_Andrea_M/B1LBULCAAS94M100120171021_w002_10.0s.wav,data/processed/features_10s/train/yhc_Giuseppe_Andrea_M/B1LBULCAAS94M100120171021_w002_10.0s.npy,yhc_Giuseppe_Andrea_M,ipvs,syllable_repetition,0,train,10.0,0.0
data/processed/audio_10s/train/yhc_Giuseppe_Andrea_M/B1LBULCAAS94M100120171021_w003_15.0s.wav,data/processed/features_10s/train/yhc_Giuseppe_Andrea_M/B1LBULCAAS94M100120171021_w003_15.0s.npy,yhc_Giuseppe_Andrea_M,ipvs,syllable_repetition,0,train,15.0,0.0
data/processed/audio_10s/train/yhc_Giuseppe_Andrea_M/B1LBULCAAS94M100120171021_w004_20.0s.wav,data/processed/features_10s/train/yhc_Giuseppe_Andrea_M/B1LBULCAAS94M100120171021_w004_20.0s.npy,yhc_Giuseppe_Andrea_M,ipvs,syllable_repetition,0,train,20.0,0.0
data/processed/audio_10s/train/yhc_Giuseppe_Andrea_M/B1LBULCAAS94M100120171021_w005_25.0s.wav,data/processed/features_10s/train/yhc_Giuseppe_Andrea_M/B1LBULCAAS94M100120171021_w005_25.0s.npy,yhc_Giuseppe_Andrea_M,ipvs,syllable_repetition,0,train,25.0,0.0
data/processed/audio_10s/train/yhc_Giuseppe_Andrea_M/B1LBULCAAS94M100120171021_w006_30.0s.wav,data/processed/features_10s/train/yhc_Giuseppe_Andrea_M/B1LBULCAAS94M100120171021_w006_30.0s.npy,yhc_Giuseppe_Andrea_M,ipvs,syllable_repetition,0,train,30.0,0.0
data/processed/audio_10s/train/yhc_Giuseppe_Andrea_M/B1LBULCAAS94M100120171021_w007_35.0s.wav,data/processed/features_10s/train/yhc_Giuseppe_Andrea_M/B1LBULCAAS94M100120171021_w007_35.0s.npy,yhc_Giuseppe_Andrea_M,ipvs,syllable_repetition,0,train,35.0,0.0
data/processed/audio_10s/train/yhc_Giuseppe_Andrea_M/B1LBULCAAS94M100120171021_w008_40.0s.wav,data/processed/features_10s/train/yhc_Giuseppe_Andrea_M/B1LBULCAAS94M100120171021_w008_40.0s.npy,yhc_Giuseppe_Andrea_M,ipvs,syllable_repetition,0,train,40.0,0.0
data/processed/audio_10s/train/yhc_Giuseppe_Andrea_M/B2LBULCAAS94M100120171021_w000_0.0s.wav,data/processed/features_10s/train/yhc_Giuseppe_Andrea_M/B2LBULCAAS94M100120171021_w000_0.0s.npy,yhc_Giuseppe_Andrea_M,ipvs,syllable_repetition,0,train,0.0,0.0
data/processed/audio_10s/train/yhc_Giuseppe_Andrea_M/B2LBULCAAS94M100120171021_w001_5.0s.wav,data/processed/features_10s/train/yhc_Giuseppe_Andrea_M/B2LBULCAAS94M100120171021_w001_5.0s.npy,yhc_Giuseppe_Andrea_M,ipvs,syllable_repetition,0,train,5.0,0.0
data/processed/audio_10s/train/yhc_Giuseppe_Andrea_M/B2LBULCAAS94M100120171021_w002_10.0s.wav,data/processed/features_10s/train/yhc_Giuseppe_Andrea_M/B2LBULCAAS94M100120171021_w002_10.0s.npy,yhc_Giuseppe_Andrea_M,ipvs,syllable_repetition,0,train,10.0,0.0
data/processed/audio_10s/train/yhc_Giuseppe_Andrea_M/B2LBULCAAS94M100120171021_w003_15.0s.wav,data/processed/features_10s/train/yhc_Giuseppe_Andrea_M/B2LBULCAAS94M100120171021_w003_15.0s.npy,yhc_Giuseppe_Andrea_M,ipvs,syllable_repetition,0,train,15.0,0.0
data/processed/audio_10s/train/yhc_Giuseppe_Andrea_M/B2LBULCAAS94M100120171021_w004_20.0s.wav,data/processed/features_10s/train/yhc_Giuseppe_Andrea_M/B2LBULCAAS94M100120171021_w004_20.0s.npy,yhc_Giuseppe_Andrea_M,ipvs,syllable_repetition,0,train,20.0,0.0
data/processed/audio_10s/train/yhc_Giuseppe_Andrea_M/B2LBULCAAS94M100120171021_w005_25.0s.wav,data/processed/features_10s/train/yhc_Giuseppe_Andrea_M/B2LBULCAAS94M100120171021_w005_25.0s.npy,yhc_Giuseppe_Andrea_M,ipvs,syllable_repetition,0,train,25.0,0.0
data/processed/audio_10s/train/yhc_Giuseppe_Andrea_M/B2LBULCAAS94M100120171021_w006_30.0s.wav,data/processed/features_10s/train/yhc_Giuseppe_Andrea_M/B2LBULCAAS94M100120171021_w006_30.0s.npy,yhc_Giuseppe_Andrea_M,ipvs,syllable_repetition,0,train,30.0,0.0
data/processed/audio_10s/train/yhc_Giuseppe_Andrea_M/B2LBULCAAS94M100120171021_w007_35.0s.wav,data/processed/features_10s/train/yhc_Giuseppe_Andrea_M/B2LBULCAAS94M100120171021_w007_35.0s.npy,yhc_Giuseppe_Andrea_M,ipvs,syllable_repetition,0,train,35.0,0.0
data/processed/audio_10s/train/yhc_Giuseppe_Andrea_M/PR1LBULCAAS94M100120171021_w000_0.0s.wav,data/processed/features_10s/train/yhc_Giuseppe_Andrea_M/PR1LBULCAAS94M100120171021_w000_0.0s.npy,yhc_Giuseppe_Andrea_M,ipvs,reading_passage,0,train,0.0,0.0
data/processed/audio_10s/train/yhc_Giuseppe_Andrea_M/PR1LBULCAAS94M100120171021_w001_5.0s.wav,data/processed/features_10s/train/yhc_Giuseppe_Andrea_M/PR1LBULCAAS94M100120171021_w001_5.0s.npy,yhc_Giuseppe_Andrea_M,ipvs,reading_passage,0,train,5.0,0.0
data/processed/audio_10s/train/yhc_Giuseppe_Andrea_M/PR1LBULCAAS94M100120171021_w002_10.0s.wav,data/processed/features_10s/train/yhc_Giuseppe_Andrea_M/PR1LBULCAAS94M100120171021_w002_10.0s.npy,yhc_Giuseppe_Andrea_M,ipvs,reading_passage,0,train,10.0,0.0
data/processed/audio_10s/train/yhc_Giuseppe_Andrea_M/PR1LBULCAAS94M100120171021_w003_15.0s.wav,data/processed/features_10s/train/yhc_Giuseppe_Andrea_M/PR1LBULCAAS94M100120171021_w003_15.0s.npy,yhc_Giuseppe_Andrea_M,ipvs,reading_passage,0,train,15.0,0.0
data/processed/audio_10s/train/yhc_Giuseppe_Andrea_M/PR1LBULCAAS94M100120171021_w004_20.0s.wav,data/processed/features_10s/train/yhc_Giuseppe_Andrea_M/PR1LBULCAAS94M100120171021_w004_20.0s.npy,yhc_Giuseppe_Andrea_M,ipvs,reading_passage,0,train,20.0,0.0
data/processed/audio_10s/train/yhc_Giuseppe_Andrea_M/PR1LBULCAAS94M100120171021_w005_25.0s.wav,data/processed/features_10s/train/yhc_Giuseppe_Andrea_M/PR1LBULCAAS94M100120171021_w005_25.0s.npy,yhc_Giuseppe_Andrea_M,ipvs,reading_passage,0,train,25.0,0.0
data/processed/audio_10s/train/yhc_Giuseppe_Andrea_M/PR1LBULCAAS94M100120171021_w006_30.0s.wav,data/processed/features_10s/train/yhc_Giuseppe_Andrea_M/PR1LBULCAAS94M100120171021_w006_30.0s.npy,yhc_Giuseppe_Andrea_M,ipvs,reading_passage,0,train,30.0,0.0
data/processed/audio_10s/train/yhc_Giuseppe_Andrea_M/PR1LBULCAAS94M100120171021_w007_35.0s.wav,data/processed/features_10s/train/yhc_Giuseppe_Andrea_M/PR1LBULCAAS94M100120171021_w007_35.0s.npy,yhc_Giuseppe_Andrea_M,ipvs,reading_passage,0,train,35.0,0.0
data/processed/audio_10s/train/yhc_Giuseppe_Andrea_M/PR1LBULCAAS94M100120171021_w008_40.0s.wav,data/processed/features_10s/train/yhc_Giuseppe_Andrea_M/PR1LBULCAAS94M100120171021_w008_40.0s.npy,yhc_Giuseppe_Andrea_M,ipvs,reading_passage,0,train,40.0,0.0
data/processed/audio_10s/train/yhc_Giuseppe_Andrea_M/PR1LBULCAAS94M100120171021_w009_45.0s.wav,data/processed/features_10s/train/yhc_Giuseppe_Andrea_M/PR1LBULCAAS94M100120171021_w009_45.0s.npy,yhc_Giuseppe_Andrea_M,ipvs,reading_passage,0,train,45.0,0.0
data/processed/audio_10s/test/yhc_Giuseppe_M/B1LBULCAAS94M100120171043_w000_0.0s.wav,data/processed/features_10s/test/yhc_Giuseppe_M/B1LBULCAAS94M100120171043_w000_0.0s.npy,yhc_Giuseppe_M,ipvs,syllable_repetition,0,test,0.0,0.0
data/processed/audio_10s/test/yhc_Giuseppe_M/B1LBULCAAS94M100120171043_w001_5.0s.wav,data/processed/features_10s/test/yhc_Giuseppe_M/B1LBULCAAS94M100120171043_w001_5.0s.npy,yhc_Giuseppe_M,ipvs,syllable_repetition,0,test,5.0,0.0
data/processed/audio_10s/test/yhc_Giuseppe_M/B1LBULCAAS94M100120171043_w002_10.0s.wav,data/processed/features_10s/test/yhc_Giuseppe_M/B1LBULCAAS94M100120171043_w002_10.0s.npy,yhc_Giuseppe_M,ipvs,syllable_repetition,0,test,10.0,0.0
data/processed/audio_10s/test/yhc_Giuseppe_M/B1LBULCAAS94M100120171043_w003_15.0s.wav,data/processed/features_10s/test/yhc_Giuseppe_M/B1LBULCAAS94M100120171043_w003_15.0s.npy,yhc_Giuseppe_M,ipvs,syllable_repetition,0,test,15.0,0.0
data/processed/audio_10s/test/yhc_Giuseppe_M/B1LBULCAAS94M100120171043_w004_20.0s.wav,data/processed/features_10s/test/yhc_Giuseppe_M/B1LBULCAAS94M100120171043_w004_20.0s.npy,yhc_Giuseppe_M,ipvs,syllable_repetition,0,test,20.0,0.0
data/processed/audio_10s/test/yhc_Giuseppe_M/B1LBULCAAS94M100120171043_w005_25.0s.wav,data/processed/features_10s/test/yhc_Giuseppe_M/B1LBULCAAS94M100120171043_w005_25.0s.npy,yhc_Giuseppe_M,ipvs,syllable_repetition,0,test,25.0,0.0
data/processed/audio_10s/test/yhc_Giuseppe_M/B1LBULCAAS94M100120171043_w006_30.0s.wav,data/processed/features_10s/test/yhc_Giuseppe_M/B1LBULCAAS94M100120171043_w006_30.0s.npy,yhc_Giuseppe_M,ipvs,syllable_repetition,0,test,30.0,0.0
data/processed/audio_10s/test/yhc_Giuseppe_M/B2LBULCAAS94M100120171043_w000_0.0s.wav,data/processed/features_10s/test/yhc_Giuseppe_M/B2LBULCAAS94M100120171043_w000_0.0s.npy,yhc_Giuseppe_M,ipvs,syllable_repetition,0,test,0.0,0.0
data/processed/audio_10s/test/yhc_Giuseppe_M/B2LBULCAAS94M100120171043_w001_5.0s.wav,data/processed/features_10s/test/yhc_Giuseppe_M/B2LBULCAAS94M100120171043_w001_5.0s.npy,yhc_Giuseppe_M,ipvs,syllable_repetition,0,test,5.0,0.0
data/processed/audio_10s/test/yhc_Giuseppe_M/B2LBULCAAS94M100120171043_w002_10.0s.wav,data/processed/features_10s/test/yhc_Giuseppe_M/B2LBULCAAS94M100120171043_w002_10.0s.npy,yhc_Giuseppe_M,ipvs,syllable_repetition,0,test,10.0,0.0
data/processed/audio_10s/test/yhc_Giuseppe_M/B2LBULCAAS94M100120171043_w003_15.0s.wav,data/processed/features_10s/test/yhc_Giuseppe_M/B2LBULCAAS94M100120171043_w003_15.0s.npy,yhc_Giuseppe_M,ipvs,syllable_repetition,0,test,15.0,0.0
data/processed/audio_10s/test/yhc_Giuseppe_M/B2LBULCAAS94M100120171043_w004_20.0s.wav,data/processed/features_10s/test/yhc_Giuseppe_M/B2LBULCAAS94M100120171043_w004_20.0s.npy,yhc_Giuseppe_M,ipvs,syllable_repetition,0,test,20.0,0.0
data/processed/audio_10s/test/yhc_Giuseppe_M/B2LBULCAAS94M100120171043_w005_25.0s.wav,data/processed/features_10s/test/yhc_Giuseppe_M/B2LBULCAAS94M100120171043_w005_25.0s.npy,yhc_Giuseppe_M,ipvs,syllable_repetition,0,test,25.0,0.0
data/processed/audio_10s/test/yhc_Giuseppe_M/B2LBULCAAS94M100120171043_w006_30.0s.wav,data/processed/features_10s/test/yhc_Giuseppe_M/B2LBULCAAS94M100120171043_w006_30.0s.npy,yhc_Giuseppe_M,ipvs,syllable_repetition,0,test,30.0,0.0
data/processed/audio_10s/test/yhc_Giuseppe_M/PR1LBULCAAS94M100120171043_w000_0.0s.wav,data/processed/features_10s/test/yhc_Giuseppe_M/PR1LBULCAAS94M100120171043_w000_0.0s.npy,yhc_Giuseppe_M,ipvs,reading_passage,0,test,0.0,0.0
data/processed/audio_10s/test/yhc_Giuseppe_M/PR1LBULCAAS94M100120171043_w001_5.0s.wav,data/processed/features_10s/test/yhc_Giuseppe_M/PR1LBULCAAS94M100120171043_w001_5.0s.npy,yhc_Giuseppe_M,ipvs,reading_passage,0,test,5.0,0.0
data/processed/audio_10s/test/yhc_Giuseppe_M/PR1LBULCAAS94M100120171043_w002_10.0s.wav,data/processed/features_10s/test/yhc_Giuseppe_M/PR1LBULCAAS94M100120171043_w002_10.0s.npy,yhc_Giuseppe_M,ipvs,reading_passage,0,test,10.0,0.0
data/processed/audio_10s/test/yhc_Giuseppe_M/PR1LBULCAAS94M100120171043_w003_15.0s.wav,data/processed/features_10s/test/yhc_Giuseppe_M/PR1LBULCAAS94M100120171043_w003_15.0s.npy,yhc_Giuseppe_M,ipvs,reading_passage,0,test,15.0,0.0
data/processed/audio_10s/test/yhc_Giuseppe_M/PR1LBULCAAS94M100120171043_w004_20.0s.wav,data/processed/features_10s/test/yhc_Giuseppe_M/PR1LBULCAAS94M100120171043_w004_20.0s.npy,yhc_Giuseppe_M,ipvs,reading_passage,0,test,20.0,0.0
data/processed/audio_10s/test/yhc_Giuseppe_M/PR1LBULCAAS94M100120171043_w005_25.0s.wav,data/processed/features_10s/test/yhc_Giuseppe_M/PR1LBULCAAS94M100120171043_w005_25.0s.npy,yhc_Giuseppe_M,ipvs,reading_passage,0,test,25.0,0.0
data/processed/audio_10s/train/yhc_Luca_S/B1LBULCAAS94M100120171063_w000_0.0s.wav,data/processed/features_10s/train/yhc_Luca_S/B1LBULCAAS94M100120171063_w000_0.0s.npy,yhc_Luca_S,ipvs,syllable_repetition,0,train,0.0,0.0
data/processed/audio_10s/train/yhc_Luca_S/B1LBULCAAS94M100120171063_w001_5.0s.wav,data/processed/features_10s/train/yhc_Luca_S/B1LBULCAAS94M100120171063_w001_5.0s.npy,yhc_Luca_S,ipvs,syllable_repetition,0,train,5.0,0.0
data/processed/audio_10s/train/yhc_Luca_S/B1LBULCAAS94M100120171063_w002_10.0s.wav,data/processed/features_10s/train/yhc_Luca_S/B1LBULCAAS94M100120171063_w002_10.0s.npy,yhc_Luca_S,ipvs,syllable_repetition,0,train,10.0,0.0
data/processed/audio_10s/train/yhc_Luca_S/B1LBULCAAS94M100120171063_w003_15.0s.wav,data/processed/features_10s/train/yhc_Luca_S/B1LBULCAAS94M100120171063_w003_15.0s.npy,yhc_Luca_S,ipvs,syllable_repetition,0,train,15.0,0.0
data/processed/audio_10s/train/yhc_Luca_S/B1LBULCAAS94M100120171063_w004_20.0s.wav,data/processed/features_10s/train/yhc_Luca_S/B1LBULCAAS94M100120171063_w004_20.0s.npy,yhc_Luca_S,ipvs,syllable_repetition,0,train,20.0,0.0
data/processed/audio_10s/train/yhc_Luca_S/B1LBULCAAS94M100120171063_w005_25.0s.wav,data/processed/features_10s/train/yhc_Luca_S/B1LBULCAAS94M100120171063_w005_25.0s.npy,yhc_Luca_S,ipvs,syllable_repetition,0,train,25.0,0.0
data/processed/audio_10s/train/yhc_Luca_S/B1LBULCAAS94M100120171063_w006_30.0s.wav,data/processed/features_10s/train/yhc_Luca_S/B1LBULCAAS94M100120171063_w006_30.0s.npy,yhc_Luca_S,ipvs,syllable_repetition,0,train,30.0,0.0
data/processed/audio_10s/train/yhc_Luca_S/B1LBULCAAS94M100120171063_w007_35.0s.wav,data/processed/features_10s/train/yhc_Luca_S/B1LBULCAAS94M100120171063_w007_35.0s.npy,yhc_Luca_S,ipvs,syllable_repetition,0,train,35.0,0.0
data/processed/audio_10s/train/yhc_Luca_S/B2LBULCAAS94M100120171063_w000_0.0s.wav,data/processed/features_10s/train/yhc_Luca_S/B2LBULCAAS94M100120171063_w000_0.0s.npy,yhc_Luca_S,ipvs,syllable_repetition,0,train,0.0,0.0
data/processed/audio_10s/train/yhc_Luca_S/B2LBULCAAS94M100120171063_w001_5.0s.wav,data/processed/features_10s/train/yhc_Luca_S/B2LBULCAAS94M100120171063_w001_5.0s.npy,yhc_Luca_S,ipvs,syllable_repetition,0,train,5.0,0.0
data/processed/audio_10s/train/yhc_Luca_S/B2LBULCAAS94M100120171063_w002_10.0s.wav,data/processed/features_10s/train/yhc_Luca_S/B2LBULCAAS94M100120171063_w002_10.0s.npy,yhc_Luca_S,ipvs,syllable_repetition,0,train,10.0,0.0
data/processed/audio_10s/train/yhc_Luca_S/B2LBULCAAS94M100120171063_w003_15.0s.wav,data/processed/features_10s/train/yhc_Luca_S/B2LBULCAAS94M100120171063_w003_15.0s.npy,yhc_Luca_S,ipvs,syllable_repetition,0,train,15.0,0.0
data/processed/audio_10s/train/yhc_Luca_S/B2LBULCAAS94M100120171063_w004_20.0s.wav,data/processed/features_10s/train/yhc_Luca_S/B2LBULCAAS94M100120171063_w004_20.0s.npy,yhc_Luca_S,ipvs,syllable_repetition,0,train,20.0,0.0
data/processed/audio_10s/train/yhc_Luca_S/B2LBULCAAS94M100120171063_w005_25.0s.wav,data/processed/features_10s/train/yhc_Luca_S/B2LBULCAAS94M100120171063_w005_25.0s.npy,yhc_Luca_S,ipvs,syllable_repetition,0,train,25.0,0.0
data/processed/audio_10s/train/yhc_Luca_S/B2LBULCAAS94M100120171063_w006_30.0s.wav,data/processed/features_10s/train/yhc_Luca_S/B2LBULCAAS94M100120171063_w006_30.0s.npy,yhc_Luca_S,ipvs,syllable_repetition,0,train,30.0,0.0
data/processed/audio_10s/train/yhc_Luca_S/PR1LBULCAAS94M100120171063_w000_0.0s.wav,data/processed/features_10s/train/yhc_Luca_S/PR1LBULCAAS94M100120171063_w000_0.0s.npy,yhc_Luca_S,ipvs,reading_passage,0,train,0.0,0.0
data/processed/audio_10s/train/yhc_Luca_S/PR1LBULCAAS94M100120171063_w001_5.0s.wav,data/processed/features_10s/train/yhc_Luca_S/PR1LBULCAAS94M100120171063_w001_5.0s.npy,yhc_Luca_S,ipvs,reading_passage,0,train,5.0,0.0
data/processed/audio_10s/train/yhc_Luca_S/PR1LBULCAAS94M100120171063_w002_10.0s.wav,data/processed/features_10s/train/yhc_Luca_S/PR1LBULCAAS94M100120171063_w002_10.0s.npy,yhc_Luca_S,ipvs,reading_passage,0,train,10.0,0.0
data/processed/audio_10s/train/yhc_Luca_S/PR1LBULCAAS94M100120171063_w003_15.0s.wav,data/processed/features_10s/train/yhc_Luca_S/PR1LBULCAAS94M100120171063_w003_15.0s.npy,yhc_Luca_S,ipvs,reading_passage,0,train,15.0,0.0
data/processed/audio_10s/train/yhc_Luca_S/PR1LBULCAAS94M100120171063_w004_20.0s.wav,data/processed/features_10s/train/yhc_Luca_S/PR1LBULCAAS94M100120171063_w004_20.0s.npy,yhc_Luca_S,ipvs,reading_passage,0,train,20.0,0.0
data/processed/audio_10s/train/yhc_Luca_S/PR1LBULCAAS94M100120171063_w005_25.0s.wav,data/processed/features_10s/train/yhc_Luca_S/PR1LBULCAAS94M100120171063_w005_25.0s.npy,yhc_Luca_S,ipvs,reading_passage,0,train,25.0,0.0
data/processed/audio_10s/train/yhc_Nicolas_M/B1LBULCAAS94M100120171023_w000_0.0s.wav,data/processed/features_10s/train/yhc_Nicolas_M/B1LBULCAAS94M100120171023_w000_0.0s.npy,yhc_Nicolas_M,ipvs,syllable_repetition,0,train,0.0,0.0
data/processed/audio_10s/train/yhc_Nicolas_M/B1LBULCAAS94M100120171023_w001_5.0s.wav,data/processed/features_10s/train/yhc_Nicolas_M/B1LBULCAAS94M100120171023_w001_5.0s.npy,yhc_Nicolas_M,ipvs,syllable_repetition,0,train,5.0,0.0
data/processed/audio_10s/train/yhc_Nicolas_M/B1LBULCAAS94M100120171023_w002_10.0s.wav,data/processed/features_10s/train/yhc_Nicolas_M/B1LBULCAAS94M100120171023_w002_10.0s.npy,yhc_Nicolas_M,ipvs,syllable_repetition,0,train,10.0,0.0
data/processed/audio_10s/train/yhc_Nicolas_M/B1LBULCAAS94M100120171023_w003_15.0s.wav,data/processed/features_10s/train/yhc_Nicolas_M/B1LBULCAAS94M100120171023_w003_15.0s.npy,yhc_Nicolas_M,ipvs,syllable_repetition,0,train,15.0,0.0
data/processed/audio_10s/train/yhc_Nicolas_M/B1LBULCAAS94M100120171023_w004_20.0s.wav,data/processed/features_10s/train/yhc_Nicolas_M/B1LBULCAAS94M100120171023_w004_20.0s.npy,yhc_Nicolas_M,ipvs,syllable_repetition,0,train,20.0,0.0
data/processed/audio_10s/train/yhc_Nicolas_M/B1LBULCAAS94M100120171023_w005_25.0s.wav,data/processed/features_10s/train/yhc_Nicolas_M/B1LBULCAAS94M100120171023_w005_25.0s.npy,yhc_Nicolas_M,ipvs,syllable_repetition,0,train,25.0,0.0
data/processed/audio_10s/train/yhc_Nicolas_M/B1LBULCAAS94M100120171023_w006_30.0s.wav,data/processed/features_10s/train/yhc_Nicolas_M/B1LBULCAAS94M100120171023_w006_30.0s.npy,yhc_Nicolas_M,ipvs,syllable_repetition,0,train,30.0,0.0
data/processed/audio_10s/train/yhc_Nicolas_M/B1LBULCAAS94M100120171023_w007_35.0s.wav,data/processed/features_10s/train/yhc_Nicolas_M/B1LBULCAAS94M100120171023_w007_35.0s.npy,yhc_Nicolas_M,ipvs,syllable_repetition,0,train,35.0,0.0
data/processed/audio_10s/train/yhc_Nicolas_M/B2LBULCAAS94M100120171023_w000_0.0s.wav,data/processed/features_10s/train/yhc_Nicolas_M/B2LBULCAAS94M100120171023_w000_0.0s.npy,yhc_Nicolas_M,ipvs,syllable_repetition,0,train,0.0,0.0
data/processed/audio_10s/train/yhc_Nicolas_M/B2LBULCAAS94M100120171023_w001_5.0s.wav,data/processed/features_10s/train/yhc_Nicolas_M/B2LBULCAAS94M100120171023_w001_5.0s.npy,yhc_Nicolas_M,ipvs,syllable_repetition,0,train,5.0,0.0
data/processed/audio_10s/train/yhc_Nicolas_M/B2LBULCAAS94M100120171023_w002_10.0s.wav,data/processed/features_10s/train/yhc_Nicolas_M/B2LBULCAAS94M100120171023_w002_10.0s.npy,yhc_Nicolas_M,ipvs,syllable_repetition,0,train,10.0,0.0
data/processed/audio_10s/train/yhc_Nicolas_M/B2LBULCAAS94M100120171023_w003_15.0s.wav,data/processed/features_10s/train/yhc_Nicolas_M/B2LBULCAAS94M100120171023_w003_15.0s.npy,yhc_Nicolas_M,ipvs,syllable_repetition,0,train,15.0,0.0
data/processed/audio_10s/train/yhc_Nicolas_M/B2LBULCAAS94M100120171023_w004_20.0s.wav,data/processed/features_10s/train/yhc_Nicolas_M/B2LBULCAAS94M100120171023_w004_20.0s.npy,yhc_Nicolas_M,ipvs,syllable_repetition,0,train,20.0,0.0
data/processed/audio_10s/train/yhc_Nicolas_M/B2LBULCAAS94M100120171023_w005_25.0s.wav,data/processed/features_10s/train/yhc_Nicolas_M/B2LBULCAAS94M100120171023_w005_25.0s.npy,yhc_Nicolas_M,ipvs,syllable_repetition,0,train,25.0,0.0
data/processed/audio_10s/train/yhc_Nicolas_M/B2LBULCAAS94M100120171023_w006_30.0s.wav,data/processed/features_10s/train/yhc_Nicolas_M/B2LBULCAAS94M100120171023_w006_30.0s.npy,yhc_Nicolas_M,ipvs,syllable_repetition,0,train,30.0,0.0
data/processed/audio_10s/train/yhc_Nicolas_M/B2LBULCAAS94M100120171023_w007_35.0s.wav,data/processed/features_10s/train/yhc_Nicolas_M/B2LBULCAAS94M100120171023_w007_35.0s.npy,yhc_Nicolas_M,ipvs,syllable_repetition,0,train,35.0,0.0
data/processed/audio_10s/train/yhc_Nicolas_M/PR1LBULCAAS94M100120171023_w000_0.0s.wav,data/processed/features_10s/train/yhc_Nicolas_M/PR1LBULCAAS94M100120171023_w000_0.0s.npy,yhc_Nicolas_M,ipvs,reading_passage,0,train,0.0,0.0
data/processed/audio_10s/train/yhc_Nicolas_M/PR1LBULCAAS94M100120171023_w001_5.0s.wav,data/processed/features_10s/train/yhc_Nicolas_M/PR1LBULCAAS94M100120171023_w001_5.0s.npy,yhc_Nicolas_M,ipvs,reading_passage,0,train,5.0,0.0
data/processed/audio_10s/train/yhc_Nicolas_M/PR1LBULCAAS94M100120171023_w002_10.0s.wav,data/processed/features_10s/train/yhc_Nicolas_M/PR1LBULCAAS94M100120171023_w002_10.0s.npy,yhc_Nicolas_M,ipvs,reading_passage,0,train,10.0,0.0
data/processed/audio_10s/train/yhc_Nicolas_M/PR1LBULCAAS94M100120171023_w003_15.0s.wav,data/processed/features_10s/train/yhc_Nicolas_M/PR1LBULCAAS94M100120171023_w003_15.0s.npy,yhc_Nicolas_M,ipvs,reading_passage,0,train,15.0,0.0
data/processed/audio_10s/train/yhc_Nicolas_M/PR1LBULCAAS94M100120171023_w004_20.0s.wav,data/processed/features_10s/train/yhc_Nicolas_M/PR1LBULCAAS94M100120171023_w004_20.0s.npy,yhc_Nicolas_M,ipvs,reading_passage,0,train,20.0,0.0
data/processed/audio_10s/train/yhc_Nicolas_M/PR1LBULCAAS94M100120171023_w005_25.0s.wav,data/processed/features_10s/train/yhc_Nicolas_M/PR1LBULCAAS94M100120171023_w005_25.0s.npy,yhc_Nicolas_M,ipvs,reading_passage,0,train,25.0,0.0
data/processed/audio_10s/train/yhc_Nicolas_M/PR1LBULCAAS94M100120171023_w006_30.0s.wav,data/processed/features_10s/train/yhc_Nicolas_M/PR1LBULCAAS94M100120171023_w006_30.0s.npy,yhc_Nicolas_M,ipvs,reading_passage,0,train,30.0,0.0
data/processed/audio_10s/train/yhc_Nicolas_M/PR1LBULCAAS94M100120171023_w007_35.0s.wav,data/processed/features_10s/train/yhc_Nicolas_M/PR1LBULCAAS94M100120171023_w007_35.0s.npy,yhc_Nicolas_M,ipvs,reading_passage,0,train,35.0,0.0
data/processed/audio_10s/train/yhc_Nicolas_M/PR1LBULCAAS94M100120171023_w008_40.0s.wav,data/processed/features_10s/train/yhc_Nicolas_M/PR1LBULCAAS94M100120171023_w008_40.0s.npy,yhc_Nicolas_M,ipvs,reading_passage,0,train,40.0,0.0
data/processed/audio_10s/train/yhc_Sara_T/B1LBULCAAS94M100120171066_w000_0.0s.wav,data/processed/features_10s/train/yhc_Sara_T/B1LBULCAAS94M100120171066_w000_0.0s.npy,yhc_Sara_T,ipvs,syllable_repetition,0,train,0.0,0.0
data/processed/audio_10s/train/yhc_Sara_T/B1LBULCAAS94M100120171066_w001_5.0s.wav,data/processed/features_10s/train/yhc_Sara_T/B1LBULCAAS94M100120171066_w001_5.0s.npy,yhc_Sara_T,ipvs,syllable_repetition,0,train,5.0,0.0
data/processed/audio_10s/train/yhc_Sara_T/B1LBULCAAS94M100120171066_w002_10.0s.wav,data/processed/features_10s/train/yhc_Sara_T/B1LBULCAAS94M100120171066_w002_10.0s.npy,yhc_Sara_T,ipvs,syllable_repetition,0,train,10.0,0.0
data/processed/audio_10s/train/yhc_Sara_T/B1LBULCAAS94M100120171066_w003_15.0s.wav,data/processed/features_10s/train/yhc_Sara_T/B1LBULCAAS94M100120171066_w003_15.0s.npy,yhc_Sara_T,ipvs,syllable_repetition,0,train,15.0,0.0
data/processed/audio_10s/train/yhc_Sara_T/B1LBULCAAS94M100120171066_w004_20.0s.wav,data/processed/features_10s/train/yhc_Sara_T/B1LBULCAAS94M100120171066_w004_20.0s.npy,yhc_Sara_T,ipvs,syllable_repetition,0,train,20.0,0.0
data/processed/audio_10s/train/yhc_Sara_T/B1LBULCAAS94M100120171066_w005_25.0s.wav,data/processed/features_10s/train/yhc_Sara_T/B1LBULCAAS94M100120171066_w005_25.0s.npy,yhc_Sara_T,ipvs,syllable_repetition,0,train,25.0,0.0
data/processed/audio_10s/train/yhc_Sara_T/B1LBULCAAS94M100120171066_w006_30.0s.wav,data/processed/features_10s/train/yhc_Sara_T/B1LBULCAAS94M100120171066_w006_30.0s.npy,yhc_Sara_T,ipvs,syllable_repetition,0,train,30.0,0.0
data/processed/audio_10s/train/yhc_Sara_T/B1LBULCAAS94M100120171066_w007_35.0s.wav,data/processed/features_10s/train/yhc_Sara_T/B1LBULCAAS94M100120171066_w007_35.0s.npy,yhc_Sara_T,ipvs,syllable_repetition,0,train,35.0,0.0
data/processed/audio_10s/train/yhc_Sara_T/B2LBULCAAS94M100120171066_w000_0.0s.wav,data/processed/features_10s/train/yhc_Sara_T/B2LBULCAAS94M100120171066_w000_0.0s.npy,yhc_Sara_T,ipvs,syllable_repetition,0,train,0.0,0.0
data/processed/audio_10s/train/yhc_Sara_T/B2LBULCAAS94M100120171066_w001_5.0s.wav,data/processed/features_10s/train/yhc_Sara_T/B2LBULCAAS94M100120171066_w001_5.0s.npy,yhc_Sara_T,ipvs,syllable_repetition,0,train,5.0,0.0
data/processed/audio_10s/train/yhc_Sara_T/B2LBULCAAS94M100120171066_w002_10.0s.wav,data/processed/features_10s/train/yhc_Sara_T/B2LBULCAAS94M100120171066_w002_10.0s.npy,yhc_Sara_T,ipvs,syllable_repetition,0,train,10.0,0.0
data/processed/audio_10s/train/yhc_Sara_T/B2LBULCAAS94M100120171066_w003_15.0s.wav,data/processed/features_10s/train/yhc_Sara_T/B2LBULCAAS94M100120171066_w003_15.0s.npy,yhc_Sara_T,ipvs,syllable_repetition,0,train,15.0,0.0
data/processed/audio_10s/train/yhc_Sara_T/B2LBULCAAS94M100120171066_w004_20.0s.wav,data/processed/features_10s/train/yhc_Sara_T/B2LBULCAAS94M100120171066_w004_20.0s.npy,yhc_Sara_T,ipvs,syllable_repetition,0,train,20.0,0.0
data/processed/audio_10s/train/yhc_Sara_T/B2LBULCAAS94M100120171066_w005_25.0s.wav,data/processed/features_10s/train/yhc_Sara_T/B2LBULCAAS94M100120171066_w005_25.0s.npy,yhc_Sara_T,ipvs,syllable_repetition,0,train,25.0,0.0
data/processed/audio_10s/train/yhc_Sara_T/B2LBULCAAS94M100120171066_w006_30.0s.wav,data/processed/features_10s/train/yhc_Sara_T/B2LBULCAAS94M100120171066_w006_30.0s.npy,yhc_Sara_T,ipvs,syllable_repetition,0,train,30.0,0.0
data/processed/audio_10s/train/yhc_Sara_T/B2LBULCAAS94M100120171066_w007_35.0s.wav,data/processed/features_10s/train/yhc_Sara_T/B2LBULCAAS94M100120171066_w007_35.0s.npy,yhc_Sara_T,ipvs,syllable_repetition,0,train,35.0,0.0
data/processed/audio_10s/train/yhc_Sara_T/PR1LBULCAAS94M100120171066_w000_0.0s.wav,data/processed/features_10s/train/yhc_Sara_T/PR1LBULCAAS94M100120171066_w000_0.0s.npy,yhc_Sara_T,ipvs,reading_passage,0,train,0.0,0.0
data/processed/audio_10s/train/yhc_Sara_T/PR1LBULCAAS94M100120171066_w001_5.0s.wav,data/processed/features_10s/train/yhc_Sara_T/PR1LBULCAAS94M100120171066_w001_5.0s.npy,yhc_Sara_T,ipvs,reading_passage,0,train,5.0,0.0
data/processed/audio_10s/train/yhc_Sara_T/PR1LBULCAAS94M100120171066_w002_10.0s.wav,data/processed/features_10s/train/yhc_Sara_T/PR1LBULCAAS94M100120171066_w002_10.0s.npy,yhc_Sara_T,ipvs,reading_passage,0,train,10.0,0.0
data/processed/audio_10s/train/yhc_Sara_T/PR1LBULCAAS94M100120171066_w003_15.0s.wav,data/processed/features_10s/train/yhc_Sara_T/PR1LBULCAAS94M100120171066_w003_15.0s.npy,yhc_Sara_T,ipvs,reading_passage,0,train,15.0,0.0
data/processed/audio_10s/train/yhc_Sara_T/PR1LBULCAAS94M100120171066_w004_20.0s.wav,data/processed/features_10s/train/yhc_Sara_T/PR1LBULCAAS94M100120171066_w004_20.0s.npy,yhc_Sara_T,ipvs,reading_passage,0,train,20.0,0.0
data/processed/audio_10s/train/yhc_Sara_T/PR1LBULCAAS94M100120171066_w005_25.0s.wav,data/processed/features_10s/train/yhc_Sara_T/PR1LBULCAAS94M100120171066_w005_25.0s.npy,yhc_Sara_T,ipvs,reading_passage,0,train,25.0,0.0
data/processed/audio_10s/train/yhc_Sara_T/PR1LBULCAAS94M100120171066_w006_30.0s.wav,data/processed/features_10s/train/yhc_Sara_T/PR1LBULCAAS94M100120171066_w006_30.0s.npy,yhc_Sara_T,ipvs,reading_passage,0,train,30.0,0.0
data/processed/audio_10s/train/yhc_Sara_T/PR1LBULCAAS94M100120171066_w007_35.0s.wav,data/processed/features_10s/train/yhc_Sara_T/PR1LBULCAAS94M100120171066_w007_35.0s.npy,yhc_Sara_T,ipvs,reading_passage,0,train,35.0,0.0
data/processed/audio_10s/train/ehc_AGNESE_P/B1APGANRET55F170320171104_w000_0.0s.wav,data/processed/features_10s/train/ehc_AGNESE_P/B1APGANRET55F170320171104_w000_0.0s.npy,ehc_AGNESE_P,ipvs,syllable_repetition,0,train,0.0,0.0
data/processed/audio_10s/train/ehc_AGNESE_P/B1APGANRET55F170320171104_w001_5.0s.wav,data/processed/features_10s/train/ehc_AGNESE_P/B1APGANRET55F170320171104_w001_5.0s.npy,ehc_AGNESE_P,ipvs,syllable_repetition,0,train,5.0,0.0
data/processed/audio_10s/train/ehc_AGNESE_P/B1APGANRET55F170320171104_w002_10.0s.wav,data/processed/features_10s/train/ehc_AGNESE_P/B1APGANRET55F170320171104_w002_10.0s.npy,ehc_AGNESE_P,ipvs,syllable_repetition,0,train,10.0,0.0
data/processed/audio_10s/train/ehc_AGNESE_P/B1APGANRET55F170320171104_w003_15.0s.wav,data/processed/features_10s/train/ehc_AGNESE_P/B1APGANRET55F170320171104_w003_15.0s.npy,ehc_AGNESE_P,ipvs,syllable_repetition,0,train,15.0,0.0
data/processed/audio_10s/train/ehc_AGNESE_P/B1APGANRET55F170320171104_w004_20.0s.wav,data/processed/features_10s/train/ehc_AGNESE_P/B1APGANRET55F170320171104_w004_20.0s.npy,ehc_AGNESE_P,ipvs,syllable_repetition,0,train,20.0,0.0
data/processed/audio_10s/train/ehc_AGNESE_P/B1APGANRET55F170320171104_w005_25.0s.wav,data/processed/features_10s/train/ehc_AGNESE_P/B1APGANRET55F170320171104_w005_25.0s.npy,ehc_AGNESE_P,ipvs,syllable_repetition,0,train,25.0,0.0
data/processed/audio_10s/train/ehc_AGNESE_P/B1APGANRET55F170320171104_w006_30.0s.wav,data/processed/features_10s/train/ehc_AGNESE_P/B1APGANRET55F170320171104_w006_30.0s.npy,ehc_AGNESE_P,ipvs,syllable_repetition,0,train,30.0,0.0
data/processed/audio_10s/train/ehc_AGNESE_P/B1APGANRET55F170320171104_w007_35.0s.wav,data/processed/features_10s/train/ehc_AGNESE_P/B1APGANRET55F170320171104_w007_35.0s.npy,ehc_AGNESE_P,ipvs,syllable_repetition,0,train,35.0,0.0
data/processed/audio_10s/train/ehc_AGNESE_P/B1APGANRET55F170320171104_w008_40.0s.wav,data/processed/features_10s/train/ehc_AGNESE_P/B1APGANRET55F170320171104_w008_40.0s.npy,ehc_AGNESE_P,ipvs,syllable_repetition,0,train,40.0,0.0
data/processed/audio_10s/train/ehc_AGNESE_P/B1APGANRET55F170320171104_w009_45.0s.wav,data/processed/features_10s/train/ehc_AGNESE_P/B1APGANRET55F170320171104_w009_45.0s.npy,ehc_AGNESE_P,ipvs,syllable_repetition,0,train,45.0,0.0
data/processed/audio_10s/train/ehc_AGNESE_P/B1APGANRET55F170320171104_w010_50.0s.wav,data/processed/features_10s/train/ehc_AGNESE_P/B1APGANRET55F170320171104_w010_50.0s.npy,ehc_AGNESE_P,ipvs,syllable_repetition,0,train,50.0,0.0
data/processed/audio_10s/train/ehc_AGNESE_P/B1APGANRET55F170320171104_w011_55.0s.wav,data/processed/features_10s/train/ehc_AGNESE_P/B1APGANRET55F170320171104_w011_55.0s.npy,ehc_AGNESE_P,ipvs,syllable_repetition,0,train,55.0,0.0
data/processed/audio_10s/train/ehc_AGNESE_P/B1APGANRET55F170320171104_w012_60.0s.wav,data/processed/features_10s/train/ehc_AGNESE_P/B1APGANRET55F170320171104_w012_60.0s.npy,ehc_AGNESE_P,ipvs,syllable_repetition,0,train,60.0,0.0
data/processed/audio_10s/train/ehc_AGNESE_P/B1APGANRET55F170320171104_w013_65.0s.wav,data/processed/features_10s/train/ehc_AGNESE_P/B1APGANRET55F170320171104_w013_65.0s.npy,ehc_AGNESE_P,ipvs,syllable_repetition,0,train,65.0,0.0
data/processed/audio_10s/train/ehc_AGNESE_P/B1APGANRET55F170320171104_w014_70.0s.wav,data/processed/features_10s/train/ehc_AGNESE_P/B1APGANRET55F170320171104_w014_70.0s.npy,ehc_AGNESE_P,ipvs,syllable_repetition,0,train,70.0,0.0
data/processed/audio_10s/train/ehc_AGNESE_P/B1APGANRET55F170320171104_w015_75.0s.wav,data/processed/features_10s/train/ehc_AGNESE_P/B1APGANRET55F170320171104_w015_75.0s.npy,ehc_AGNESE_P,ipvs,syllable_repetition,0,train,75.0,0.0
data/processed/audio_10s/train/ehc_AGNESE_P/B1APGANRET55F170320171104_w016_80.0s.wav,data/processed/features_10s/train/ehc_AGNESE_P/B1APGANRET55F170320171104_w016_80.0s.npy,ehc_AGNESE_P,ipvs,syllable_repetition,0,train,80.0,0.0
data/processed/audio_10s/train/ehc_AGNESE_P/B1APGANRET55F170320171104_w017_85.0s.wav,data/processed/features_10s/train/ehc_AGNESE_P/B1APGANRET55F170320171104_w017_85.0s.npy,ehc_AGNESE_P,ipvs,syllable_repetition,0,train,85.0,0.0
data/processed/audio_10s/train/ehc_AGNESE_P/B1APGANRET55F170320171104_w018_90.0s.wav,data/processed/features_10s/train/ehc_AGNESE_P/B1APGANRET55F170320171104_w018_90.0s.npy,ehc_AGNESE_P,ipvs,syllable_repetition,0,train,90.0,0.0
data/processed/audio_10s/train/ehc_AGNESE_P/B2APGANRET55F170320171105_w000_0.0s.wav,data/processed/features_10s/train/ehc_AGNESE_P/B2APGANRET55F170320171105_w000_0.0s.npy,ehc_AGNESE_P,ipvs,syllable_repetition,0,train,0.0,0.0
data/processed/audio_10s/train/ehc_AGNESE_P/B2APGANRET55F170320171105_w001_5.0s.wav,data/processed/features_10s/train/ehc_AGNESE_P/B2APGANRET55F170320171105_w001_5.0s.npy,ehc_AGNESE_P,ipvs,syllable_repetition,0,train,5.0,0.0
data/processed/audio_10s/train/ehc_AGNESE_P/B2APGANRET55F170320171105_w002_10.0s.wav,data/processed/features_10s/train/ehc_AGNESE_P/B2APGANRET55F170320171105_w002_10.0s.npy,ehc_AGNESE_P,ipvs,syllable_repetition,0,train,10.0,0.0
data/processed/audio_10s/train/ehc_AGNESE_P/B2APGANRET55F170320171105_w003_15.0s.wav,data/processed/features_10s/train/ehc_AGNESE_P/B2APGANRET55F170320171105_w003_15.0s.npy,ehc_AGNESE_P,ipvs,syllable_repetition,0,train,15.0,0.0
data/processed/audio_10s/train/ehc_AGNESE_P/B2APGANRET55F170320171105_w004_20.0s.wav,data/processed/features_10s/train/ehc_AGNESE_P/B2APGANRET55F170320171105_w004_20.0s.npy,ehc_AGNESE_P,ipvs,syllable_repetition,0,train,20.0,0.0
data/processed/audio_10s/train/ehc_AGNESE_P/B2APGANRET55F170320171105_w005_25.0s.wav,data/processed/features_10s/train/ehc_AGNESE_P/B2APGANRET55F170320171105_w005_25.0s.npy,ehc_AGNESE_P,ipvs,syllable_repetition,0,train,25.0,0.0
data/processed/audio_10s/train/ehc_AGNESE_P/B2APGANRET55F170320171105_w006_30.0s.wav,data/processed/features_10s/train/ehc_AGNESE_P/B2APGANRET55F170320171105_w006_30.0s.npy,ehc_AGNESE_P,ipvs,syllable_repetition,0,train,30.0,0.0
data/processed/audio_10s/train/ehc_AGNESE_P/B2APGANRET55F170320171105_w007_35.0s.wav,data/processed/features_10s/train/ehc_AGNESE_P/B2APGANRET55F170320171105_w007_35.0s.npy,ehc_AGNESE_P,ipvs,syllable_repetition,0,train,35.0,0.0
data/processed/audio_10s/train/ehc_AGNESE_P/B2APGANRET55F170320171105_w008_40.0s.wav,data/processed/features_10s/train/ehc_AGNESE_P/B2APGANRET55F170320171105_w008_40.0s.npy,ehc_AGNESE_P,ipvs,syllable_repetition,0,train,40.0,0.0
data/processed/audio_10s/train/ehc_AGNESE_P/B2APGANRET55F170320171105_w009_45.0s.wav,data/processed/features_10s/train/ehc_AGNESE_P/B2APGANRET55F170320171105_w009_45.0s.npy,ehc_AGNESE_P,ipvs,syllable_repetition,0,train,45.0,0.0
data/processed/audio_10s/train/ehc_AGNESE_P/B2APGANRET55F170320171105_w010_50.0s.wav,data/processed/features_10s/train/ehc_AGNESE_P/B2APGANRET55F170320171105_w010_50.0s.npy,ehc_AGNESE_P,ipvs,syllable_repetition,0,train,50.0,0.0
data/processed/audio_10s/train/ehc_AGNESE_P/B2APGANRET55F170320171105_w011_55.0s.wav,data/processed/features_10s/train/ehc_AGNESE_P/B2APGANRET55F170320171105_w011_55.0s.npy,ehc_AGNESE_P,ipvs,syllable_repetition,0,train,55.0,0.0
data/processed/audio_10s/train/ehc_AGNESE_P/B2APGANRET55F170320171105_w012_60.0s.wav,data/processed/features_10s/train/ehc_AGNESE_P/B2APGANRET55F170320171105_w012_60.0s.npy,ehc_AGNESE_P,ipvs,syllable_repetition,0,train,60.0,0.0
data/processed/audio_10s/train/ehc_AGNESE_P/B2APGANRET55F170320171105_w013_65.0s.wav,data/processed/features_10s/train/ehc_AGNESE_P/B2APGANRET55F170320171105_w013_65.0s.npy,ehc_AGNESE_P,ipvs,syllable_repetition,0,train,65.0,0.0
data/processed/audio_10s/train/ehc_AGNESE_P/FB1APGANRET55F170320171115_w000_0.0s.wav,data/processed/features_10s/train/ehc_AGNESE_P/FB1APGANRET55F170320171115_w000_0.0s.npy,ehc_AGNESE_P,ipvs,syllable_repetition,0,train,0.0,0.0
data/processed/audio_10s/train/ehc_AGNESE_P/FB1APGANRET55F170320171115_w001_5.0s.wav,data/processed/features_10s/train/ehc_AGNESE_P/FB1APGANRET55F170320171115_w001_5.0s.npy,ehc_AGNESE_P,ipvs,syllable_repetition,0,train,5.0,0.0
data/processed/audio_10s/train/ehc_AGNESE_P/FB1APGANRET55F170320171115_w002_10.0s.wav,data/processed/features_10s/train/ehc_AGNESE_P/FB1APGANRET55F170320171115_w002_10.0s.npy,ehc_AGNESE_P,ipvs,syllable_repetition,0,train,10.0,0.0
data/processed/audio_10s/train/ehc_AGNESE_P/FB1APGANRET55F170320171115_w003_15.0s.wav,data/processed/features_10s/train/ehc_AGNESE_P/FB1APGANRET55F170320171115_w003_15.0s.npy,ehc_AGNESE_P,ipvs,syllable_repetition,0,train,15.0,0.0
data/processed/audio_10s/train/ehc_AGNESE_P/FB1APGANRET55F170320171115_w004_20.0s.wav,data/processed/features_10s/train/ehc_AGNESE_P/FB1APGANRET55F170320171115_w004_20.0s.npy,ehc_AGNESE_P,ipvs,syllable_repetition,0,train,20.0,0.0
data/processed/audio_10s/train/ehc_AGNESE_P/FB1APGANRET55F170320171115_w005_25.0s.wav,data/processed/features_10s/train/ehc_AGNESE_P/FB1APGANRET55F170320171115_w005_25.0s.npy,ehc_AGNESE_P,ipvs,syllable_repetition,0,train,25.0,0.0
data/processed/audio_10s/train/ehc_AGNESE_P/PR1APGANRET55F170320171114_w000_0.0s.wav,data/processed/features_10s/train/ehc_AGNESE_P/PR1APGANRET55F170320171114_w000_0.0s.npy,ehc_AGNESE_P,ipvs,reading_passage,0,train,0.0,0.0
data/processed/audio_10s/train/ehc_AGNESE_P/PR1APGANRET55F170320171114_w001_5.0s.wav,data/processed/features_10s/train/ehc_AGNESE_P/PR1APGANRET55F170320171114_w001_5.0s.npy,ehc_AGNESE_P,ipvs,reading_passage,0,train,5.0,0.0
data/processed/audio_10s/train/ehc_AGNESE_P/PR1APGANRET55F170320171114_w002_10.0s.wav,data/processed/features_10s/train/ehc_AGNESE_P/PR1APGANRET55F170320171114_w002_10.0s.npy,ehc_AGNESE_P,ipvs,reading_passage,0,train,10.0,0.0
data/processed/audio_10s/train/ehc_AGNESE_P/PR1APGANRET55F170320171114_w003_15.0s.wav,data/processed/features_10s/train/ehc_AGNESE_P/PR1APGANRET55F170320171114_w003_15.0s.npy,ehc_AGNESE_P,ipvs,reading_passage,0,train,15.0,0.0
data/processed/audio_10s/train/ehc_AGNESE_P/PR1APGANRET55F170320171114_w004_20.0s.wav,data/processed/features_10s/train/ehc_AGNESE_P/PR1APGANRET55F170320171114_w004_20.0s.npy,ehc_AGNESE_P,ipvs,reading_passage,0,train,20.0,0.0
data/processed/audio_10s/train/ehc_AGNESE_P/PR1APGANRET55F170320171114_w005_25.0s.wav,data/processed/features_10s/train/ehc_AGNESE_P/PR1APGANRET55F170320171114_w005_25.0s.npy,ehc_AGNESE_P,ipvs,reading_passage,0,train,25.0,0.0
data/processed/audio_10s/train/ehc_AGNESE_P/PR1APGANRET55F170320171114_w006_30.0s.wav,data/processed/features_10s/train/ehc_AGNESE_P/PR1APGANRET55F170320171114_w006_30.0s.npy,ehc_AGNESE_P,ipvs,reading_passage,0,train,30.0,0.0
data/processed/audio_10s/train/ehc_AGNESE_P/PR1APGANRET55F170320171114_w007_35.0s.wav,data/processed/features_10s/train/ehc_AGNESE_P/PR1APGANRET55F170320171114_w007_35.0s.npy,ehc_AGNESE_P,ipvs,reading_passage,0,train,35.0,0.0
data/processed/audio_10s/train/ehc_AGNESE_P/PR1APGANRET55F170320171114_w008_40.0s.wav,data/processed/features_10s/train/ehc_AGNESE_P/PR1APGANRET55F170320171114_w008_40.0s.npy,ehc_AGNESE_P,ipvs,reading_passage,0,train,40.0,0.0
data/processed/audio_10s/train/ehc_AGNESE_P/PR1APGANRET55F170320171114_w009_45.0s.wav,data/processed/features_10s/train/ehc_AGNESE_P/PR1APGANRET55F170320171114_w009_45.0s.npy,ehc_AGNESE_P,ipvs,reading_passage,0,train,45.0,0.0
data/processed/audio_10s/train/ehc_AGNESE_P/PR1APGANRET55F170320171114_w010_50.0s.wav,data/processed/features_10s/train/ehc_AGNESE_P/PR1APGANRET55F170320171114_w010_50.0s.npy,ehc_AGNESE_P,ipvs,reading_passage,0,train,50.0,0.0
data/processed/audio_10s/train/ehc_AGNESE_P/PR1APGANRET55F170320171114_w011_55.0s.wav,data/processed/features_10s/train/ehc_AGNESE_P/PR1APGANRET55F170320171114_w011_55.0s.npy,ehc_AGNESE_P,ipvs,reading_passage,0,train,55.0,0.0
data/processed/audio_10s/train/ehc_AGNESE_P/VA1APGANRET55F170320171107_w000_0.0s.wav,data/processed/features_10s/train/ehc_AGNESE_P/VA1APGANRET55F170320171107_w000_0.0s.npy,ehc_AGNESE_P,ipvs,vowel_sustain,0,train,0.0,0.0
data/processed/audio_10s/train/ehc_AGNESE_P/VE1APGANRET55F170320171109_w000_0.0s.wav,data/processed/features_10s/train/ehc_AGNESE_P/VE1APGANRET55F170320171109_w000_0.0s.npy,ehc_AGNESE_P,ipvs,vowel_sustain,0,train,0.0,0.0054
data/processed/audio_10s/train/ehc_AGNESE_P/VI1APGANRET55F170320171109_w000_0.0s.wav,data/processed/features_10s/train/ehc_AGNESE_P/VI1APGANRET55F170320171109_w000_0.0s.npy,ehc_AGNESE_P,ipvs,vowel_sustain,0,train,0.0,0.0523
data/processed/audio_10s/train/ehc_AGNESE_P/VO1APGANRET55F170320171111_w000_0.0s.wav,data/processed/features_10s/train/ehc_AGNESE_P/VO1APGANRET55F170320171111_w000_0.0s.npy,ehc_AGNESE_P,ipvs,vowel_sustain,0,train,0.0,0.0929
data/processed/audio_10s/train/ehc_AGNESE_P/VU1APGANRET55F170320171112_w000_0.0s.wav,data/processed/features_10s/train/ehc_AGNESE_P/VU1APGANRET55F170320171112_w000_0.0s.npy,ehc_AGNESE_P,ipvs,vowel_sustain,0,train,0.0,0.1008
data/processed/audio_10s/train/ehc_ANGELA_C/B1ACNAGRER49F210320170916_w000_0.0s.wav,data/processed/features_10s/train/ehc_ANGELA_C/B1ACNAGRER49F210320170916_w000_0.0s.npy,ehc_ANGELA_C,ipvs,syllable_repetition,0,train,0.0,0.0
data/processed/audio_10s/train/ehc_ANGELA_C/B1ACNAGRER49F210320170916_w001_5.0s.wav,data/processed/features_10s/train/ehc_ANGELA_C/B1ACNAGRER49F210320170916_w001_5.0s.npy,ehc_ANGELA_C,ipvs,syllable_repetition,0,train,5.0,0.0
data/processed/audio_10s/train/ehc_ANGELA_C/B1ACNAGRER49F210320170916_w002_10.0s.wav,data/processed/features_10s/train/ehc_ANGELA_C/B1ACNAGRER49F210320170916_w002_10.0s.npy,ehc_ANGELA_C,ipvs,syllable_repetition,0,train,10.0,0.0
data/processed/audio_10s/train/ehc_ANGELA_C/B1ACNAGRER49F210320170916_w003_15.0s.wav,data/processed/features_10s/train/ehc_ANGELA_C/B1ACNAGRER49F210320170916_w003_15.0s.npy,ehc_ANGELA_C,ipvs,syllable_repetition,0,train,15.0,0.0
data/processed/audio_10s/train/ehc_ANGELA_C/B1ACNAGRER49F210320170916_w004_20.0s.wav,data/processed/features_10s/train/ehc_ANGELA_C/B1ACNAGRER49F210320170916_w004_20.0s.npy,ehc_ANGELA_C,ipvs,syllable_repetition,0,train,20.0,0.0
data/processed/audio_10s/train/ehc_ANGELA_C/B1ACNAGRER49F210320170916_w005_25.0s.wav,data/processed/features_10s/train/ehc_ANGELA_C/B1ACNAGRER49F210320170916_w005_25.0s.npy,ehc_ANGELA_C,ipvs,syllable_repetition,0,train,25.0,0.0
data/processed/audio_10s/train/ehc_ANGELA_C/B1ACNAGRER49F210320170916_w006_30.0s.wav,data/processed/features_10s/train/ehc_ANGELA_C/B1ACNAGRER49F210320170916_w006_30.0s.npy,ehc_ANGELA_C,ipvs,syllable_repetition,0,train,30.0,0.0
data/processed/audio_10s/train/ehc_ANGELA_C/B1ACNAGRER49F210320170916_w007_35.0s.wav,data/processed/features_10s/train/ehc_ANGELA_C/B1ACNAGRER49F210320170916_w007_35.0s.npy,ehc_ANGELA_C,ipvs,syllable_repetition,0,train,35.0,0.0
data/processed/audio_10s/train/ehc_ANGELA_C/B1ACNAGRER49F210320170916_w008_40.0s.wav,data/processed/features_10s/train/ehc_ANGELA_C/B1ACNAGRER49F210320170916_w008_40.0s.npy,ehc_ANGELA_C,ipvs,syllable_repetition,0,train,40.0,0.0
data/processed/audio_10s/train/ehc_ANGELA_C/B1ACNAGRER49F210320170916_w009_45.0s.wav,data/processed/features_10s/train/ehc_ANGELA_C/B1ACNAGRER49F210320170916_w009_45.0s.npy,ehc_ANGELA_C,ipvs,syllable_repetition,0,train,45.0,0.0
data/processed/audio_10s/train/ehc_ANGELA_C/B2ACNAGRER49F210320170919_w000_0.0s.wav,data/processed/features_10s/train/ehc_ANGELA_C/B2ACNAGRER49F210320170919_w000_0.0s.npy,ehc_ANGELA_C,ipvs,syllable_repetition,0,train,0.0,0.0
data/processed/audio_10s/train/ehc_ANGELA_C/B2ACNAGRER49F210320170919_w001_5.0s.wav,data/processed/features_10s/train/ehc_ANGELA_C/B2ACNAGRER49F210320170919_w001_5.0s.npy,ehc_ANGELA_C,ipvs,syllable_repetition,0,train,5.0,0.0
data/processed/audio_10s/train/ehc_ANGELA_C/B2ACNAGRER49F210320170919_w002_10.0s.wav,data/processed/features_10s/train/ehc_ANGELA_C/B2ACNAGRER49F210320170919_w002_10.0s.npy,ehc_ANGELA_C,ipvs,syllable_repetition,0,train,10.0,0.0
data/processed/audio_10s/train/ehc_ANGELA_C/B2ACNAGRER49F210320170919_w003_15.0s.wav,data/processed/features_10s/train/ehc_ANGELA_C/B2ACNAGRER49F210320170919_w003_15.0s.npy,ehc_ANGELA_C,ipvs,syllable_repetition,0,train,15.0,0.0
data/processed/audio_10s/train/ehc_ANGELA_C/B2ACNAGRER49F210320170919_w004_20.0s.wav,data/processed/features_10s/train/ehc_ANGELA_C/B2ACNAGRER49F210320170919_w004_20.0s.npy,ehc_ANGELA_C,ipvs,syllable_repetition,0,train,20.0,0.0
data/processed/audio_10s/train/ehc_ANGELA_C/B2ACNAGRER49F210320170919_w005_25.0s.wav,data/processed/features_10s/train/ehc_ANGELA_C/B2ACNAGRER49F210320170919_w005_25.0s.npy,ehc_ANGELA_C,ipvs,syllable_repetition,0,train,25.0,0.0
data/processed/audio_10s/train/ehc_ANGELA_C/B2ACNAGRER49F210320170919_w006_30.0s.wav,data/processed/features_10s/train/ehc_ANGELA_C/B2ACNAGRER49F210320170919_w006_30.0s.npy,ehc_ANGELA_C,ipvs,syllable_repetition,0,train,30.0,0.0
data/processed/audio_10s/train/ehc_ANGELA_C/B2ACNAGRER49F210320170919_w007_35.0s.wav,data/processed/features_10s/train/ehc_ANGELA_C/B2ACNAGRER49F210320170919_w007_35.0s.npy,ehc_ANGELA_C,ipvs,syllable_repetition,0,train,35.0,0.0
data/processed/audio_10s/train/ehc_ANGELA_C/B2ACNAGRER49F210320170919_w008_40.0s.wav,data/processed/features_10s/train/ehc_ANGELA_C/B2ACNAGRER49F210320170919_w008_40.0s.npy,ehc_ANGELA_C,ipvs,syllable_repetition,0,train,40.0,0.0
data/processed/audio_10s/train/ehc_ANGELA_C/FB1ACNAGRER49F210320170926_w000_0.0s.wav,data/processed/features_10s/train/ehc_ANGELA_C/FB1ACNAGRER49F210320170926_w000_0.0s.npy,ehc_ANGELA_C,ipvs,syllable_repetition,0,train,0.0,0.0
data/processed/audio_10s/train/ehc_ANGELA_C/FB1ACNAGRER49F210320170926_w001_5.0s.wav,data/processed/features_10s/train/ehc_ANGELA_C/FB1ACNAGRER49F210320170926_w001_5.0s.npy,ehc_ANGELA_C,ipvs,syllable_repetition,0,train,5.0,0.0
data/processed/audio_10s/train/ehc_ANGELA_C/FB1ACNAGRER49F210320170926_w002_10.0s.wav,data/processed/features_10s/train/ehc_ANGELA_C/FB1ACNAGRER49F210320170926_w002_10.0s.npy,ehc_ANGELA_C,ipvs,syllable_repetition,0,train,10.0,0.0
data/processed/audio_10s/train/ehc_ANGELA_C/PR1ACNAGRER49F210320170925_w000_0.0s.wav,data/processed/features_10s/train/ehc_ANGELA_C/PR1ACNAGRER49F210320170925_w000_0.0s.npy,ehc_ANGELA_C,ipvs,reading_passage,0,train,0.0,0.0
data/processed/audio_10s/train/ehc_ANGELA_C/PR1ACNAGRER49F210320170925_w001_5.0s.wav,data/processed/features_10s/train/ehc_ANGELA_C/PR1ACNAGRER49F210320170925_w001_5.0s.npy,ehc_ANGELA_C,ipvs,reading_passage,0,train,5.0,0.0
data/processed/audio_10s/train/ehc_ANGELA_C/PR1ACNAGRER49F210320170925_w002_10.0s.wav,data/processed/features_10s/train/ehc_ANGELA_C/PR1ACNAGRER49F210320170925_w002_10.0s.npy,ehc_ANGELA_C,ipvs,reading_passage,0,train,10.0,0.0
data/processed/audio_10s/train/ehc_ANGELA_C/PR1ACNAGRER49F210320170925_w003_15.0s.wav,data/processed/features_10s/train/ehc_ANGELA_C/PR1ACNAGRER49F210320170925_w003_15.0s.npy,ehc_ANGELA_C,ipvs,reading_passage,0,train,15.0,0.0
data/processed/audio_10s/train/ehc_ANGELA_C/PR1ACNAGRER49F210320170925_w004_20.0s.wav,data/processed/features_10s/train/ehc_ANGELA_C/PR1ACNAGRER49F210320170925_w004_20.0s.npy,ehc_ANGELA_C,ipvs,reading_passage,0,train,20.0,0.0
data/processed/audio_10s/train/ehc_ANGELA_C/PR1ACNAGRER49F210320170925_w005_25.0s.wav,data/processed/features_10s/train/ehc_ANGELA_C/PR1ACNAGRER49F210320170925_w005_25.0s.npy,ehc_ANGELA_C,ipvs,reading_passage,0,train,25.0,0.0
data/processed/audio_10s/train/ehc_ANGELA_C/PR1ACNAGRER49F210320170925_w006_30.0s.wav,data/processed/features_10s/train/ehc_ANGELA_C/PR1ACNAGRER49F210320170925_w006_30.0s.npy,ehc_ANGELA_C,ipvs,reading_passage,0,train,30.0,0.0
data/processed/audio_10s/train/ehc_ANGELA_C/PR1ACNAGRER49F210320170925_w007_35.0s.wav,data/processed/features_10s/train/ehc_ANGELA_C/PR1ACNAGRER49F210320170925_w007_35.0s.npy,ehc_ANGELA_C,ipvs,reading_passage,0,train,35.0,0.0
data/processed/audio_10s/train/ehc_ANGELA_C/PR1ACNAGRER49F210320170925_w008_40.0s.wav,data/processed/features_10s/train/ehc_ANGELA_C/PR1ACNAGRER49F210320170925_w008_40.0s.npy,ehc_ANGELA_C,ipvs,reading_passage,0,train,40.0,0.0
data/processed/audio_10s/train/ehc_ANGELA_C/VA1ACNAGRER49F210320170920_w000_0.0s.wav,data/processed/features_10s/train/ehc_ANGELA_C/VA1ACNAGRER49F210320170920_w000_0.0s.npy,ehc_ANGELA_C,ipvs,vowel_sustain,0,train,0.0,0.0
data/processed/audio_10s/train/ehc_ANGELA_C/VE1ACNAGRER49F210320170921_w000_0.0s.wav,data/processed/features_10s/train/ehc_ANGELA_C/VE1ACNAGRER49F210320170921_w000_0.0s.npy,ehc_ANGELA_C,ipvs,vowel_sustain,0,train,0.0,0.0
data/processed/audio_10s/train/ehc_ANGELA_C/VE1ACNAGRER49F210320170921_w001_5.0s.wav,data/processed/features_10s/train/ehc_ANGELA_C/VE1ACNAGRER49F210320170921_w001_5.0s.npy,ehc_ANGELA_C,ipvs,vowel_sustain,0,train,5.0,0.0
data/processed/audio_10s/train/ehc_ANGELA_C/VI1ACNAGRER49F210320170921_w000_0.0s.wav,data/processed/features_10s/train/ehc_ANGELA_C/VI1ACNAGRER49F210320170921_w000_0.0s.npy,ehc_ANGELA_C,ipvs,vowel_sustain,0,train,0.0,0.0
data/processed/audio_10s/train/ehc_ANGELA_C/VI1ACNAGRER49F210320170921_w001_5.0s.wav,data/processed/features_10s/train/ehc_ANGELA_C/VI1ACNAGRER49F210320170921_w001_5.0s.npy,ehc_ANGELA_C,ipvs,vowel_sustain,0,train,5.0,0.0
data/processed/audio_10s/train/ehc_ANGELA_C/VI1ACNAGRER49F210320170921_w002_10.0s.wav,data/processed/features_10s/train/ehc_ANGELA_C/VI1ACNAGRER49F210320170921_w002_10.0s.npy,ehc_ANGELA_C,ipvs,vowel_sustain,0,train,10.0,0.0
data/processed/audio_10s/train/ehc_ANGELA_C/VO1ACNAGRER49F210320170922_w000_0.0s.wav,data/processed/features_10s/train/ehc_ANGELA_C/VO1ACNAGRER49F210320170922_w000_0.0s.npy,ehc_ANGELA_C,ipvs,vowel_sustain,0,train,0.0,0.0
data/processed/audio_10s/train/ehc_ANGELA_C/VO1ACNAGRER49F210320170922_w001_5.0s.wav,data/processed/features_10s/train/ehc_ANGELA_C/VO1ACNAGRER49F210320170922_w001_5.0s.npy,ehc_ANGELA_C,ipvs,vowel_sustain,0,train,5.0,0.0
data/processed/audio_10s/train/ehc_ANGELA_C/VU1ACNAGRER49F210320170923_w000_0.0s.wav,data/processed/features_10s/train/ehc_ANGELA_C/VU1ACNAGRER49F210320170923_w000_0.0s.npy,ehc_ANGELA_C,ipvs,vowel_sustain,0,train,0.0,0.0
data/processed/audio_10s/train/ehc_ANGELA_C/VU1ACNAGRER49F210320170923_w001_5.0s.wav,data/processed/features_10s/train/ehc_ANGELA_C/VU1ACNAGRER49F210320170923_w001_5.0s.npy,ehc_ANGELA_C,ipvs,vowel_sustain,0,train,5.0,0.0
data/processed/audio_10s/train/ehc_ANGELA_G/B1AGNIGNEE54F230320171018_w000_0.0s.wav,data/processed/features_10s/train/ehc_ANGELA_G/B1AGNIGNEE54F230320171018_w000_0.0s.npy,ehc_ANGELA_G,ipvs,syllable_repetition,0,train,0.0,0.0
data/processed/audio_10s/train/ehc_ANGELA_G/B1AGNIGNEE54F230320171018_w001_5.0s.wav,data/processed/features_10s/train/ehc_ANGELA_G/B1AGNIGNEE54F230320171018_w001_5.0s.npy,ehc_ANGELA_G,ipvs,syllable_repetition,0,train,5.0,0.0
data/processed/audio_10s/train/ehc_ANGELA_G/B1AGNIGNEE54F230320171018_w002_10.0s.wav,data/processed/features_10s/train/ehc_ANGELA_G/B1AGNIGNEE54F230320171018_w002_10.0s.npy,ehc_ANGELA_G,ipvs,syllable_repetition,0,train,10.0,0.0
data/processed/audio_10s/train/ehc_ANGELA_G/B1AGNIGNEE54F230320171018_w003_15.0s.wav,data/processed/features_10s/train/ehc_ANGELA_G/B1AGNIGNEE54F230320171018_w003_15.0s.npy,ehc_ANGELA_G,ipvs,syllable_repetition,0,train,15.0,0.0
data/processed/audio_10s/train/ehc_ANGELA_G/B1AGNIGNEE54F230320171018_w004_20.0s.wav,data/processed/features_10s/train/ehc_ANGELA_G/B1AGNIGNEE54F230320171018_w004_20.0s.npy,ehc_ANGELA_G,ipvs,syllable_repetition,0,train,20.0,0.0
data/processed/audio_10s/train/ehc_ANGELA_G/B1AGNIGNEE54F230320171018_w005_25.0s.wav,data/processed/features_10s/train/ehc_ANGELA_G/B1AGNIGNEE54F230320171018_w005_25.0s.npy,ehc_ANGELA_G,ipvs,syllable_repetition,0,train,25.0,0.0
data/processed/audio_10s/train/ehc_ANGELA_G/B1AGNIGNEE54F230320171018_w006_30.0s.wav,data/processed/features_10s/train/ehc_ANGELA_G/B1AGNIGNEE54F230320171018_w006_30.0s.npy,ehc_ANGELA_G,ipvs,syllable_repetition,0,train,30.0,0.0
data/processed/audio_10s/train/ehc_ANGELA_G/B1AGNIGNEE54F230320171018_w007_35.0s.wav,data/processed/features_10s/train/ehc_ANGELA_G/B1AGNIGNEE54F230320171018_w007_35.0s.npy,ehc_ANGELA_G,ipvs,syllable_repetition,0,train,35.0,0.0
data/processed/audio_10s/train/ehc_ANGELA_G/B1AGNIGNEE54F230320171018_w008_40.0s.wav,data/processed/features_10s/train/ehc_ANGELA_G/B1AGNIGNEE54F230320171018_w008_40.0s.npy,ehc_ANGELA_G,ipvs,syllable_repetition,0,train,40.0,0.0
data/processed/audio_10s/train/ehc_ANGELA_G/B1AGNIGNEE54F230320171018_w009_45.0s.wav,data/processed/features_10s/train/ehc_ANGELA_G/B1AGNIGNEE54F230320171018_w009_45.0s.npy,ehc_ANGELA_G,ipvs,syllable_repetition,0,train,45.0,0.0
data/processed/audio_10s/train/ehc_ANGELA_G/B1AGNIGNEE54F230320171018_w010_50.0s.wav,data/processed/features_10s/train/ehc_ANGELA_G/B1AGNIGNEE54F230320171018_w010_50.0s.npy,ehc_ANGELA_G,ipvs,syllable_repetition,0,train,50.0,0.0
data/processed/audio_10s/train/ehc_ANGELA_G/B1AGNIGNEE54F230320171018_w011_55.0s.wav,data/processed/features_10s/train/ehc_ANGELA_G/B1AGNIGNEE54F230320171018_w011_55.0s.npy,ehc_ANGELA_G,ipvs,syllable_repetition,0,train,55.0,0.0
data/processed/audio_10s/train/ehc_ANGELA_G/B1AGNIGNEE54F230320171018_w012_60.0s.wav,data/processed/features_10s/train/ehc_ANGELA_G/B1AGNIGNEE54F230320171018_w012_60.0s.npy,ehc_ANGELA_G,ipvs,syllable_repetition,0,train,60.0,0.0
data/processed/audio_10s/train/ehc_ANGELA_G/B2AGNIGNEE54F230320171019_w000_0.0s.wav,data/processed/features_10s/train/ehc_ANGELA_G/B2AGNIGNEE54F230320171019_w000_0.0s.npy,ehc_ANGELA_G,ipvs,syllable_repetition,0,train,0.0,0.0
data/processed/audio_10s/train/ehc_ANGELA_G/B2AGNIGNEE54F230320171019_w001_5.0s.wav,data/processed/features_10s/train/ehc_ANGELA_G/B2AGNIGNEE54F230320171019_w001_5.0s.npy,ehc_ANGELA_G,ipvs,syllable_repetition,0,train,5.0,0.0
data/processed/audio_10s/train/ehc_ANGELA_G/B2AGNIGNEE54F230320171019_w002_10.0s.wav,data/processed/features_10s/train/ehc_ANGELA_G/B2AGNIGNEE54F230320171019_w002_10.0s.npy,ehc_ANGELA_G,ipvs,syllable_repetition,0,train,10.0,0.0
data/processed/audio_10s/train/ehc_ANGELA_G/B2AGNIGNEE54F230320171019_w003_15.0s.wav,data/processed/features_10s/train/ehc_ANGELA_G/B2AGNIGNEE54F230320171019_w003_15.0s.npy,ehc_ANGELA_G,ipvs,syllable_repetition,0,train,15.0,0.0
data/processed/audio_10s/train/ehc_ANGELA_G/B2AGNIGNEE54F230320171019_w004_20.0s.wav,data/processed/features_10s/train/ehc_ANGELA_G/B2AGNIGNEE54F230320171019_w004_20.0s.npy,ehc_ANGELA_G,ipvs,syllable_repetition,0,train,20.0,0.0
data/processed/audio_10s/train/ehc_ANGELA_G/B2AGNIGNEE54F230320171019_w005_25.0s.wav,data/processed/features_10s/train/ehc_ANGELA_G/B2AGNIGNEE54F230320171019_w005_25.0s.npy,ehc_ANGELA_G,ipvs,syllable_repetition,0,train,25.0,0.0
data/processed/audio_10s/train/ehc_ANGELA_G/B2AGNIGNEE54F230320171019_w006_30.0s.wav,data/processed/features_10s/train/ehc_ANGELA_G/B2AGNIGNEE54F230320171019_w006_30.0s.npy,ehc_ANGELA_G,ipvs,syllable_repetition,0,train,30.0,0.0
data/processed/audio_10s/train/ehc_ANGELA_G/B2AGNIGNEE54F230320171019_w007_35.0s.wav,data/processed/features_10s/train/ehc_ANGELA_G/B2AGNIGNEE54F230320171019_w007_35.0s.npy,ehc_ANGELA_G,ipvs,syllable_repetition,0,train,35.0,0.0
data/processed/audio_10s/train/ehc_ANGELA_G/B2AGNIGNEE54F230320171019_w008_40.0s.wav,data/processed/features_10s/train/ehc_ANGELA_G/B2AGNIGNEE54F230320171019_w008_40.0s.npy,ehc_ANGELA_G,ipvs,syllable_repetition,0,train,40.0,0.0
data/processed/audio_10s/train/ehc_ANGELA_G/B2AGNIGNEE54F230320171019_w009_45.0s.wav,data/processed/features_10s/train/ehc_ANGELA_G/B2AGNIGNEE54F230320171019_w009_45.0s.npy,ehc_ANGELA_G,ipvs,syllable_repetition,0,train,45.0,0.0
data/processed/audio_10s/train/ehc_ANGELA_G/B2AGNIGNEE54F230320171019_w010_50.0s.wav,data/processed/features_10s/train/ehc_ANGELA_G/B2AGNIGNEE54F230320171019_w010_50.0s.npy,ehc_ANGELA_G,ipvs,syllable_repetition,0,train,50.0,0.0
data/processed/audio_10s/train/ehc_ANGELA_G/B2AGNIGNEE54F230320171019_w011_55.0s.wav,data/processed/features_10s/train/ehc_ANGELA_G/B2AGNIGNEE54F230320171019_w011_55.0s.npy,ehc_ANGELA_G,ipvs,syllable_repetition,0,train,55.0,0.0
data/processed/audio_10s/train/ehc_ANGELA_G/B2AGNIGNEE54F230320171019_w012_60.0s.wav,data/processed/features_10s/train/ehc_ANGELA_G/B2AGNIGNEE54F230320171019_w012_60.0s.npy,ehc_ANGELA_G,ipvs,syllable_repetition,0,train,60.0,0.0
data/processed/audio_10s/train/ehc_ANGELA_G/FB1AGNIGNEE54F230320171025_w000_0.0s.wav,data/processed/features_10s/train/ehc_ANGELA_G/FB1AGNIGNEE54F230320171025_w000_0.0s.npy,ehc_ANGELA_G,ipvs,syllable_repetition,0,train,0.0,0.0
data/processed/audio_10s/train/ehc_ANGELA_G/FB1AGNIGNEE54F230320171025_w001_5.0s.wav,data/processed/features_10s/train/ehc_ANGELA_G/FB1AGNIGNEE54F230320171025_w001_5.0s.npy,ehc_ANGELA_G,ipvs,syllable_repetition,0,train,5.0,0.0
data/processed/audio_10s/train/ehc_ANGELA_G/FB1AGNIGNEE54F230320171025_w002_10.0s.wav,data/processed/features_10s/train/ehc_ANGELA_G/FB1AGNIGNEE54F230320171025_w002_10.0s.npy,ehc_ANGELA_G,ipvs,syllable_repetition,0,train,10.0,0.0
data/processed/audio_10s/train/ehc_ANGELA_G/FB1AGNIGNEE54F230320171025_w003_15.0s.wav,data/processed/features_10s/train/ehc_ANGELA_G/FB1AGNIGNEE54F230320171025_w003_15.0s.npy,ehc_ANGELA_G,ipvs,syllable_repetition,0,train,15.0,0.0
data/processed/audio_10s/train/ehc_ANGELA_G/FB1AGNIGNEE54F230320171025_w004_20.0s.wav,data/processed/features_10s/train/ehc_ANGELA_G/FB1AGNIGNEE54F230320171025_w004_20.0s.npy,ehc_ANGELA_G,ipvs,syllable_repetition,0,train,20.0,0.0
data/processed/audio_10s/train/ehc_ANGELA_G/PR1AGNIGNEE54F230320171024_w000_0.0s.wav,data/processed/features_10s/train/ehc_ANGELA_G/PR1AGNIGNEE54F230320171024_w000_0.0s.npy,ehc_ANGELA_G,ipvs,reading_passage,0,train,0.0,0.0
data/processed/audio_10s/train/ehc_ANGELA_G/PR1AGNIGNEE54F230320171024_w001_5.0s.wav,data/processed/features_10s/train/ehc_ANGELA_G/PR1AGNIGNEE54F230320171024_w001_5.0s.npy,ehc_ANGELA_G,ipvs,reading_passage,0,train,5.0,0.0
data/processed/audio_10s/train/ehc_ANGELA_G/PR1AGNIGNEE54F230320171024_w002_10.0s.wav,data/processed/features_10s/train/ehc_ANGELA_G/PR1AGNIGNEE54F230320171024_w002_10.0s.npy,ehc_ANGELA_G,ipvs,reading_passage,0,train,10.0,0.0
data/processed/audio_10s/train/ehc_ANGELA_G/PR1AGNIGNEE54F230320171024_w003_15.0s.wav,data/processed/features_10s/train/ehc_ANGELA_G/PR1AGNIGNEE54F230320171024_w003_15.0s.npy,ehc_ANGELA_G,ipvs,reading_passage,0,train,15.0,0.0
data/processed/audio_10s/train/ehc_ANGELA_G/PR1AGNIGNEE54F230320171024_w004_20.0s.wav,data/processed/features_10s/train/ehc_ANGELA_G/PR1AGNIGNEE54F230320171024_w004_20.0s.npy,ehc_ANGELA_G,ipvs,reading_passage,0,train,20.0,0.0
data/processed/audio_10s/train/ehc_ANGELA_G/PR1AGNIGNEE54F230320171024_w005_25.0s.wav,data/processed/features_10s/train/ehc_ANGELA_G/PR1AGNIGNEE54F230320171024_w005_25.0s.npy,ehc_ANGELA_G,ipvs,reading_passage,0,train,25.0,0.0
data/processed/audio_10s/train/ehc_ANGELA_G/PR1AGNIGNEE54F230320171024_w006_30.0s.wav,data/processed/features_10s/train/ehc_ANGELA_G/PR1AGNIGNEE54F230320171024_w006_30.0s.npy,ehc_ANGELA_G,ipvs,reading_passage,0,train,30.0,0.0
data/processed/audio_10s/train/ehc_ANGELA_G/VA1AGNIGNEE54F230320171020_w000_0.0s.wav,data/processed/features_10s/train/ehc_ANGELA_G/VA1AGNIGNEE54F230320171020_w000_0.0s.npy,ehc_ANGELA_G,ipvs,vowel_sustain,0,train,0.0,0.0
data/processed/audio_10s/train/ehc_ANGELA_G/VA1AGNIGNEE54F230320171020_w001_5.0s.wav,data/processed/features_10s/train/ehc_ANGELA_G/VA1AGNIGNEE54F230320171020_w001_5.0s.npy,ehc_ANGELA_G,ipvs,vowel_sustain,0,train,5.0,0.0
data/processed/audio_10s/train/ehc_ANGELA_G/VI1AGNIGNEE54F230320171021_w000_0.0s.wav,data/processed/features_10s/train/ehc_ANGELA_G/VI1AGNIGNEE54F230320171021_w000_0.0s.npy,ehc_ANGELA_G,ipvs,vowel_sustain,0,train,0.0,0.1968
data/processed/audio_10s/train/ehc_ANGELA_G/VO1AGNIGNEE54F230320171022_w000_0.0s.wav,data/processed/features_10s/train/ehc_ANGELA_G/VO1AGNIGNEE54F230320171022_w000_0.0s.npy,ehc_ANGELA_G,ipvs,vowel_sustain,0,train,0.0,0.1232
data/processed/audio_10s/train/ehc_ANGELA_G/VU1AGNIGNEE54F230320171022_w000_0.0s.wav,data/processed/features_10s/train/ehc_ANGELA_G/VU1AGNIGNEE54F230320171022_w000_0.0s.npy,ehc_ANGELA_G,ipvs,vowel_sustain,0,train,0.0,0.0
data/processed/audio_10s/test/ehc_ANTONIETTA_P/B1APNITNOT56F230320170847_w000_0.0s.wav,data/processed/features_10s/test/ehc_ANTONIETTA_P/B1APNITNOT56F230320170847_w000_0.0s.npy,ehc_ANTONIETTA_P,ipvs,syllable_repetition,0,test,0.0,0.0
data/processed/audio_10s/test/ehc_ANTONIETTA_P/B1APNITNOT56F230320170847_w001_5.0s.wav,data/processed/features_10s/test/ehc_ANTONIETTA_P/B1APNITNOT56F230320170847_w001_5.0s.npy,ehc_ANTONIETTA_P,ipvs,syllable_repetition,0,test,5.0,0.0
data/processed/audio_10s/test/ehc_ANTONIETTA_P/B1APNITNOT56F230320170847_w002_10.0s.wav,data/processed/features_10s/test/ehc_ANTONIETTA_P/B1APNITNOT56F230320170847_w002_10.0s.npy,ehc_ANTONIETTA_P,ipvs,syllable_repetition,0,test,10.0,0.0
data/processed/audio_10s/test/ehc_ANTONIETTA_P/B1APNITNOT56F230320170847_w003_15.0s.wav,data/processed/features_10s/test/ehc_ANTONIETTA_P/B1APNITNOT56F230320170847_w003_15.0s.npy,ehc_ANTONIETTA_P,ipvs,syllable_repetition,0,test,15.0,0.0
data/processed/audio_10s/test/ehc_ANTONIETTA_P/B1APNITNOT56F230320170847_w004_20.0s.wav,data/processed/features_10s/test/ehc_ANTONIETTA_P/B1APNITNOT56F230320170847_w004_20.0s.npy,ehc_ANTONIETTA_P,ipvs,syllable_repetition,0,test,20.0,0.0
data/processed/audio_10s/test/ehc_ANTONIETTA_P/B1APNITNOT56F230320170847_w005_25.0s.wav,data/processed/features_10s/test/ehc_ANTONIETTA_P/B1APNITNOT56F230320170847_w005_25.0s.npy,ehc_ANTONIETTA_P,ipvs,syllable_repetition,0,test,25.0,0.0
data/processed/audio_10s/test/ehc_ANTONIETTA_P/B1APNITNOT56F230320170847_w006_30.0s.wav,data/processed/features_10s/test/ehc_ANTONIETTA_P/B1APNITNOT56F230320170847_w006_30.0s.npy,ehc_ANTONIETTA_P,ipvs,syllable_repetition,0,test,30.0,0.0
data/processed/audio_10s/test/ehc_ANTONIETTA_P/B1APNITNOT56F230320170847_w007_35.0s.wav,data/processed/features_10s/test/ehc_ANTONIETTA_P/B1APNITNOT56F230320170847_w007_35.0s.npy,ehc_ANTONIETTA_P,ipvs,syllable_repetition,0,test,35.0,0.0
data/processed/audio_10s/test/ehc_ANTONIETTA_P/B1APNITNOT56F230320170847_w008_40.0s.wav,data/processed/features_10s/test/ehc_ANTONIETTA_P/B1APNITNOT56F230320170847_w008_40.0s.npy,ehc_ANTONIETTA_P,ipvs,syllable_repetition,0,test,40.0,0.0
data/processed/audio_10s/test/ehc_ANTONIETTA_P/B1APNITNOT56F230320170847_w009_45.0s.wav,data/processed/features_10s/test/ehc_ANTONIETTA_P/B1APNITNOT56F230320170847_w009_45.0s.npy,ehc_ANTONIETTA_P,ipvs,syllable_repetition,0,test,45.0,0.0
data/processed/audio_10s/test/ehc_ANTONIETTA_P/B1APNITNOT56F230320170847_w010_50.0s.wav,data/processed/features_10s/test/ehc_ANTONIETTA_P/B1APNITNOT56F230320170847_w010_50.0s.npy,ehc_ANTONIETTA_P,ipvs,syllable_repetition,0,test,50.0,0.0
data/processed/audio_10s/test/ehc_ANTONIETTA_P/B1APNITNOT56F230320170847_w011_55.0s.wav,data/processed/features_10s/test/ehc_ANTONIETTA_P/B1APNITNOT56F230320170847_w011_55.0s.npy,ehc_ANTONIETTA_P,ipvs,syllable_repetition,0,test,55.0,0.0
data/processed/audio_10s/test/ehc_ANTONIETTA_P/B2APNITNOT56F230320170849_w000_0.0s.wav,data/processed/features_10s/test/ehc_ANTONIETTA_P/B2APNITNOT56F230320170849_w000_0.0s.npy,ehc_ANTONIETTA_P,ipvs,syllable_repetition,0,test,0.0,0.0
data/processed/audio_10s/test/ehc_ANTONIETTA_P/B2APNITNOT56F230320170849_w001_5.0s.wav,data/processed/features_10s/test/ehc_ANTONIETTA_P/B2APNITNOT56F230320170849_w001_5.0s.npy,ehc_ANTONIETTA_P,ipvs,syllable_repetition,0,test,5.0,0.0
data/processed/audio_10s/test/ehc_ANTONIETTA_P/B2APNITNOT56F230320170849_w002_10.0s.wav,data/processed/features_10s/test/ehc_ANTONIETTA_P/B2APNITNOT56F230320170849_w002_10.0s.npy,ehc_ANTONIETTA_P,ipvs,syllable_repetition,0,test,10.0,0.0
data/processed/audio_10s/test/ehc_ANTONIETTA_P/B2APNITNOT56F230320170849_w003_15.0s.wav,data/processed/features_10s/test/ehc_ANTONIETTA_P/B2APNITNOT56F230320170849_w003_15.0s.npy,ehc_ANTONIETTA_P,ipvs,syllable_repetition,0,test,15.0,0.0
data/processed/audio_10s/test/ehc_ANTONIETTA_P/B2APNITNOT56F230320170849_w004_20.0s.wav,data/processed/features_10s/test/ehc_ANTONIETTA_P/B2APNITNOT56F230320170849_w004_20.0s.npy,ehc_ANTONIETTA_P,ipvs,syllable_repetition,0,test,20.0,0.0
data/processed/audio_10s/test/ehc_ANTONIETTA_P/B2APNITNOT56F230320170849_w005_25.0s.wav,data/processed/features_10s/test/ehc_ANTONIETTA_P/B2APNITNOT56F230320170849_w005_25.0s.npy,ehc_ANTONIETTA_P,ipvs,syllable_repetition,0,test,25.0,0.0
data/processed/audio_10s/test/ehc_ANTONIETTA_P/B2APNITNOT56F230320170849_w006_30.0s.wav,data/processed/features_10s/test/ehc_ANTONIETTA_P/B2APNITNOT56F230320170849_w006_30.0s.npy,ehc_ANTONIETTA_P,ipvs,syllable_repetition,0,test,30.0,0.0
data/processed/audio_10s/test/ehc_ANTONIETTA_P/B2APNITNOT56F230320170849_w007_35.0s.wav,data/processed/features_10s/test/ehc_ANTONIETTA_P/B2APNITNOT56F230320170849_w007_35.0s.npy,ehc_ANTONIETTA_P,ipvs,syllable_repetition,0,test,35.0,0.0
data/processed/audio_10s/test/ehc_ANTONIETTA_P/B2APNITNOT56F230320170849_w008_40.0s.wav,data/processed/features_10s/test/ehc_ANTONIETTA_P/B2APNITNOT56F230320170849_w008_40.0s.npy,ehc_ANTONIETTA_P,ipvs,syllable_repetition,0,test,40.0,0.0
data/processed/audio_10s/test/ehc_ANTONIETTA_P/FB1APNITNOT56F230320170857_w000_0.0s.wav,data/processed/features_10s/test/ehc_ANTONIETTA_P/FB1APNITNOT56F230320170857_w000_0.0s.npy,ehc_ANTONIETTA_P,ipvs,syllable_repetition,0,test,0.0,0.0
data/processed/audio_10s/test/ehc_ANTONIETTA_P/FB1APNITNOT56F230320170857_w001_5.0s.wav,data/processed/features_10s/test/ehc_ANTONIETTA_P/FB1APNITNOT56F230320170857_w001_5.0s.npy,ehc_ANTONIETTA_P,ipvs,syllable_repetition,0,test,5.0,0.0
data/processed/audio_10s/test/ehc_ANTONIETTA_P/FB1APNITNOT56F230320170857_w002_10.0s.wav,data/processed/features_10s/test/ehc_ANTONIETTA_P/FB1APNITNOT56F230320170857_w002_10.0s.npy,ehc_ANTONIETTA_P,ipvs,syllable_repetition,0,test,10.0,0.0
data/processed/audio_10s/test/ehc_ANTONIETTA_P/FB1APNITNOT56F230320170857_w003_15.0s.wav,data/processed/features_10s/test/ehc_ANTONIETTA_P/FB1APNITNOT56F230320170857_w003_15.0s.npy,ehc_ANTONIETTA_P,ipvs,syllable_repetition,0,test,15.0,0.0
data/processed/audio_10s/test/ehc_ANTONIETTA_P/PR1APNITNOT56F230320170856_w000_0.0s.wav,data/processed/features_10s/test/ehc_ANTONIETTA_P/PR1APNITNOT56F230320170856_w000_0.0s.npy,ehc_ANTONIETTA_P,ipvs,reading_passage,0,test,0.0,0.0
data/processed/audio_10s/test/ehc_ANTONIETTA_P/PR1APNITNOT56F230320170856_w001_5.0s.wav,data/processed/features_10s/test/ehc_ANTONIETTA_P/PR1APNITNOT56F230320170856_w001_5.0s.npy,ehc_ANTONIETTA_P,ipvs,reading_passage,0,test,5.0,0.0
data/processed/audio_10s/test/ehc_ANTONIETTA_P/PR1APNITNOT56F230320170856_w002_10.0s.wav,data/processed/features_10s/test/ehc_ANTONIETTA_P/PR1APNITNOT56F230320170856_w002_10.0s.npy,ehc_ANTONIETTA_P,ipvs,reading_passage,0,test,10.0,0.0
data/processed/audio_10s/test/ehc_ANTONIETTA_P/PR1APNITNOT56F230320170856_w003_15.0s.wav,data/processed/features_10s/test/ehc_ANTONIETTA_P/PR1APNITNOT56F230320170856_w003_15.0s.npy,ehc_ANTONIETTA_P,ipvs,reading_passage,0,test,15.0,0.0
data/processed/audio_10s/test/ehc_ANTONIETTA_P/PR1APNITNOT56F230320170856_w004_20.0s.wav,data/processed/features_10s/test/ehc_ANTONIETTA_P/PR1APNITNOT56F230320170856_w004_20.0s.npy,ehc_ANTONIETTA_P,ipvs,reading_passage,0,test,20.0,0.0
data/processed/audio_10s/test/ehc_ANTONIETTA_P/PR1APNITNOT56F230320170856_w005_25.0s.wav,data/processed/features_10s/test/ehc_ANTONIETTA_P/PR1APNITNOT56F230320170856_w005_25.0s.npy,ehc_ANTONIETTA_P,ipvs,reading_passage,0,test,25.0,0.0
data/processed/audio_10s/test/ehc_ANTONIETTA_P/PR1APNITNOT56F230320170856_w006_30.0s.wav,data/processed/features_10s/test/ehc_ANTONIETTA_P/PR1APNITNOT56F230320170856_w006_30.0s.npy,ehc_ANTONIETTA_P,ipvs,reading_passage,0,test,30.0,0.0
data/processed/audio_10s/test/ehc_ANTONIETTA_P/VA1APNITNOT56F230320170850_w000_0.0s.wav,data/processed/features_10s/test/ehc_ANTONIETTA_P/VA1APNITNOT56F230320170850_w000_0.0s.npy,ehc_ANTONIETTA_P,ipvs,vowel_sustain,0,test,0.0,0.0
data/processed/audio_10s/test/ehc_ANTONIETTA_P/VE1APNITNOT56F230320170851_w000_0.0s.wav,data/processed/features_10s/test/ehc_ANTONIETTA_P/VE1APNITNOT56F230320170851_w000_0.0s.npy,ehc_ANTONIETTA_P,ipvs,vowel_sustain,0,test,0.0,0.1641
data/processed/audio_10s/test/ehc_ANTONIETTA_P/VI1APNITNOT56F230320170852_w000_0.0s.wav,data/processed/features_10s/test/ehc_ANTONIETTA_P/VI1APNITNOT56F230320170852_w000_0.0s.npy,ehc_ANTONIETTA_P,ipvs,vowel_sustain,0,test,0.0,0.0
data/processed/audio_10s/test/ehc_ANTONIETTA_P/VO1APNITNOT56F230320170854_w000_0.0s.wav,data/processed/features_10s/test/ehc_ANTONIETTA_P/VO1APNITNOT56F230320170854_w000_0.0s.npy,ehc_ANTONIETTA_P,ipvs,vowel_sustain,0,test,0.0,0.0304
data/processed/audio_10s/test/ehc_ANTONIETTA_P/VU1APNITNOT56F230320170855_w000_0.0s.wav,data/processed/features_10s/test/ehc_ANTONIETTA_P/VU1APNITNOT56F230320170855_w000_0.0s.npy,ehc_ANTONIETTA_P,ipvs,vowel_sustain,0,test,0.0,0.0
data/processed/audio_10s/train/ehc_ANTONIO_C/B1ACNUTCOC40M230320171121_w000_0.0s.wav,data/processed/features_10s/train/ehc_ANTONIO_C/B1ACNUTCOC40M230320171121_w000_0.0s.npy,ehc_ANTONIO_C,ipvs,syllable_repetition,0,train,0.0,0.0
data/processed/audio_10s/train/ehc_ANTONIO_C/B1ACNUTCOC40M230320171121_w001_5.0s.wav,data/processed/features_10s/train/ehc_ANTONIO_C/B1ACNUTCOC40M230320171121_w001_5.0s.npy,ehc_ANTONIO_C,ipvs,syllable_repetition,0,train,5.0,0.0
data/processed/audio_10s/train/ehc_ANTONIO_C/B1ACNUTCOC40M230320171121_w002_10.0s.wav,data/processed/features_10s/train/ehc_ANTONIO_C/B1ACNUTCOC40M230320171121_w002_10.0s.npy,ehc_ANTONIO_C,ipvs,syllable_repetition,0,train,10.0,0.0
data/processed/audio_10s/train/ehc_ANTONIO_C/B1ACNUTCOC40M230320171121_w003_15.0s.wav,data/processed/features_10s/train/ehc_ANTONIO_C/B1ACNUTCOC40M230320171121_w003_15.0s.npy,ehc_ANTONIO_C,ipvs,syllable_repetition,0,train,15.0,0.0
data/processed/audio_10s/train/ehc_ANTONIO_C/B1ACNUTCOC40M230320171121_w004_20.0s.wav,data/processed/features_10s/train/ehc_ANTONIO_C/B1ACNUTCOC40M230320171121_w004_20.0s.npy,ehc_ANTONIO_C,ipvs,syllable_repetition,0,train,20.0,0.0
data/processed/audio_10s/train/ehc_ANTONIO_C/B1ACNUTCOC40M230320171121_w005_25.0s.wav,data/processed/features_10s/train/ehc_ANTONIO_C/B1ACNUTCOC40M230320171121_w005_25.0s.npy,ehc_ANTONIO_C,ipvs,syllable_repetition,0,train,25.0,0.0
data/processed/audio_10s/train/ehc_ANTONIO_C/B1ACNUTCOC40M230320171121_w006_30.0s.wav,data/processed/features_10s/train/ehc_ANTONIO_C/B1ACNUTCOC40M230320171121_w006_30.0s.npy,ehc_ANTONIO_C,ipvs,syllable_repetition,0,train,30.0,0.0
data/processed/audio_10s/train/ehc_ANTONIO_C/B1ACNUTCOC40M230320171121_w007_35.0s.wav,data/processed/features_10s/train/ehc_ANTONIO_C/B1ACNUTCOC40M230320171121_w007_35.0s.npy,ehc_ANTONIO_C,ipvs,syllable_repetition,0,train,35.0,0.0
data/processed/audio_10s/train/ehc_ANTONIO_C/B1ACNUTCOC40M230320171121_w008_40.0s.wav,data/processed/features_10s/train/ehc_ANTONIO_C/B1ACNUTCOC40M230320171121_w008_40.0s.npy,ehc_ANTONIO_C,ipvs,syllable_repetition,0,train,40.0,0.0
data/processed/audio_10s/train/ehc_ANTONIO_C/B1ACNUTCOC40M230320171121_w009_45.0s.wav,data/processed/features_10s/train/ehc_ANTONIO_C/B1ACNUTCOC40M230320171121_w009_45.0s.npy,ehc_ANTONIO_C,ipvs,syllable_repetition,0,train,45.0,0.0
data/processed/audio_10s/train/ehc_ANTONIO_C/B1ACNUTCOC40M230320171121_w010_50.0s.wav,data/processed/features_10s/train/ehc_ANTONIO_C/B1ACNUTCOC40M230320171121_w010_50.0s.npy,ehc_ANTONIO_C,ipvs,syllable_repetition,0,train,50.0,0.0
data/processed/audio_10s/train/ehc_ANTONIO_C/B2ACNUTCOC40M230320171123_w000_0.0s.wav,data/processed/features_10s/train/ehc_ANTONIO_C/B2ACNUTCOC40M230320171123_w000_0.0s.npy,ehc_ANTONIO_C,ipvs,syllable_repetition,0,train,0.0,0.0
data/processed/audio_10s/train/ehc_ANTONIO_C/B2ACNUTCOC40M230320171123_w001_5.0s.wav,data/processed/features_10s/train/ehc_ANTONIO_C/B2ACNUTCOC40M230320171123_w001_5.0s.npy,ehc_ANTONIO_C,ipvs,syllable_repetition,0,train,5.0,0.0
data/processed/audio_10s/train/ehc_ANTONIO_C/B2ACNUTCOC40M230320171123_w002_10.0s.wav,data/processed/features_10s/train/ehc_ANTONIO_C/B2ACNUTCOC40M230320171123_w002_10.0s.npy,ehc_ANTONIO_C,ipvs,syllable_repetition,0,train,10.0,0.0
data/processed/audio_10s/train/ehc_ANTONIO_C/B2ACNUTCOC40M230320171123_w003_15.0s.wav,data/processed/features_10s/train/ehc_ANTONIO_C/B2ACNUTCOC40M230320171123_w003_15.0s.npy,ehc_ANTONIO_C,ipvs,syllable_repetition,0,train,15.0,0.0
data/processed/audio_10s/train/ehc_ANTONIO_C/B2ACNUTCOC40M230320171123_w004_20.0s.wav,data/processed/features_10s/train/ehc_ANTONIO_C/B2ACNUTCOC40M230320171123_w004_20.0s.npy,ehc_ANTONIO_C,ipvs,syllable_repetition,0,train,20.0,0.0
data/processed/audio_10s/train/ehc_ANTONIO_C/B2ACNUTCOC40M230320171123_w005_25.0s.wav,data/processed/features_10s/train/ehc_ANTONIO_C/B2ACNUTCOC40M230320171123_w005_25.0s.npy,ehc_ANTONIO_C,ipvs,syllable_repetition,0,train,25.0,0.0
data/processed/audio_10s/train/ehc_ANTONIO_C/B2ACNUTCOC40M230320171123_w006_30.0s.wav,data/processed/features_10s/train/ehc_ANTONIO_C/B2ACNUTCOC40M230320171123_w006_30.0s.npy,ehc_ANTONIO_C,ipvs,syllable_repetition,0,train,30.0,0.0
data/processed/audio_10s/train/ehc_ANTONIO_C/B2ACNUTCOC40M230320171123_w007_35.0s.wav,data/processed/features_10s/train/ehc_ANTONIO_C/B2ACNUTCOC40M230320171123_w007_35.0s.npy,ehc_ANTONIO_C,ipvs,syllable_repetition,0,train,35.0,0.0
data/processed/audio_10s/train/ehc_ANTONIO_C/B2ACNUTCOC40M230320171123_w008_40.0s.wav,data/processed/features_10s/train/ehc_ANTONIO_C/B2ACNUTCOC40M230320171123_w008_40.0s.npy,ehc_ANTONIO_C,ipvs,syllable_repetition,0,train,40.0,0.0
data/processed/audio_10s/train/ehc_ANTONIO_C/B2ACNUTCOC40M230320171123_w009_45.0s.wav,data/processed/features_10s/train/ehc_ANTONIO_C/B2ACNUTCOC40M230320171123_w009_45.0s.npy,ehc_ANTONIO_C,ipvs,syllable_repetition,0,train,45.0,0.0
data/processed/audio_10s/train/ehc_ANTONIO_C/B2ACNUTCOC40M230320171123_w010_50.0s.wav,data/processed/features_10s/train/ehc_ANTONIO_C/B2ACNUTCOC40M230320171123_w010_50.0s.npy,ehc_ANTONIO_C,ipvs,syllable_repetition,0,train,50.0,0.0
data/processed/audio_10s/train/ehc_ANTONIO_C/FB1ACNUTCOC40M230320171130_w000_0.0s.wav,data/processed/features_10s/train/ehc_ANTONIO_C/FB1ACNUTCOC40M230320171130_w000_0.0s.npy,ehc_ANTONIO_C,ipvs,syllable_repetition,0,train,0.0,0.0
data/processed/audio_10s/train/ehc_ANTONIO_C/FB1ACNUTCOC40M230320171130_w001_5.0s.wav,data/processed/features_10s/train/ehc_ANTONIO_C/FB1ACNUTCOC40M230320171130_w001_5.0s.npy,ehc_ANTONIO_C,ipvs,syllable_repetition,0,train,5.0,0.0
data/processed/audio_10s/train/ehc_ANTONIO_C/FB1ACNUTCOC40M230320171130_w002_10.0s.wav,data/processed/features_10s/train/ehc_ANTONIO_C/FB1ACNUTCOC40M230320171130_w002_10.0s.npy,ehc_ANTONIO_C,ipvs,syllable_repetition,0,train,10.0,0.0
data/processed/audio_10s/train/ehc_ANTONIO_C/FB1ACNUTCOC40M230320171130_w003_15.0s.wav,data/processed/features_10s/train/ehc_ANTONIO_C/FB1ACNUTCOC40M230320171130_w003_15.0s.npy,ehc_ANTONIO_C,ipvs,syllable_repetition,0,train,15.0,0.0
data/processed/audio_10s/train/ehc_ANTONIO_C/PR1ACNUTCOC40M230320171129_w000_0.0s.wav,data/processed/features_10s/train/ehc_ANTONIO_C/PR1ACNUTCOC40M230320171129_w000_0.0s.npy,ehc_ANTONIO_C,ipvs,reading_passage,0,train,0.0,0.0
data/processed/audio_10s/train/ehc_ANTONIO_C/PR1ACNUTCOC40M230320171129_w001_5.0s.wav,data/processed/features_10s/train/ehc_ANTONIO_C/PR1ACNUTCOC40M230320171129_w001_5.0s.npy,ehc_ANTONIO_C,ipvs,reading_passage,0,train,5.0,0.0
data/processed/audio_10s/train/ehc_ANTONIO_C/PR1ACNUTCOC40M230320171129_w002_10.0s.wav,data/processed/features_10s/train/ehc_ANTONIO_C/PR1ACNUTCOC40M230320171129_w002_10.0s.npy,ehc_ANTONIO_C,ipvs,reading_passage,0,train,10.0,0.0
data/processed/audio_10s/train/ehc_ANTONIO_C/PR1ACNUTCOC40M230320171129_w003_15.0s.wav,data/processed/features_10s/train/ehc_ANTONIO_C/PR1ACNUTCOC40M230320171129_w003_15.0s.npy,ehc_ANTONIO_C,ipvs,reading_passage,0,train,15.0,0.0
data/processed/audio_10s/train/ehc_ANTONIO_C/PR1ACNUTCOC40M230320171129_w004_20.0s.wav,data/processed/features_10s/train/ehc_ANTONIO_C/PR1ACNUTCOC40M230320171129_w004_20.0s.npy,ehc_ANTONIO_C,ipvs,reading_passage,0,train,20.0,0.0
data/processed/audio_10s/train/ehc_ANTONIO_C/PR1ACNUTCOC40M230320171129_w005_25.0s.wav,data/processed/features_10s/train/ehc_ANTONIO_C/PR1ACNUTCOC40M230320171129_w005_25.0s.npy,ehc_ANTONIO_C,ipvs,reading_passage,0,train,25.0,0.0
data/processed/audio_10s/train/ehc_ANTONIO_C/PR1ACNUTCOC40M230320171129_w006_30.0s.wav,data/processed/features_10s/train/ehc_ANTONIO_C/PR1ACNUTCOC40M230320171129_w006_30.0s.npy,ehc_ANTONIO_C,ipvs,reading_passage,0,train,30.0,0.0
data/processed/audio_10s/train/ehc_ANTONIO_C/PR1ACNUTCOC40M230320171129_w007_35.0s.wav,data/processed/features_10s/train/ehc_ANTONIO_C/PR1ACNUTCOC40M230320171129_w007_35.0s.npy,ehc_ANTONIO_C,ipvs,reading_passage,0,train,35.0,0.0
data/processed/audio_10s/train/ehc_ANTONIO_C/PR1ACNUTCOC40M230320171129_w008_40.0s.wav,data/processed/features_10s/train/ehc_ANTONIO_C/PR1ACNUTCOC40M230320171129_w008_40.0s.npy,ehc_ANTONIO_C,ipvs,reading_passage,0,train,40.0,0.0
data/processed/audio_10s/train/ehc_ANTONIO_C/PR1ACNUTCOC40M230320171129_w009_45.0s.wav,data/processed/features_10s/train/ehc_ANTONIO_C/PR1ACNUTCOC40M230320171129_w009_45.0s.npy,ehc_ANTONIO_C,ipvs,reading_passage,0,train,45.0,0.0
data/processed/audio_10s/train/ehc_ANTONIO_C/PR1ACNUTCOC40M230320171129_w010_50.0s.wav,data/processed/features_10s/train/ehc_ANTONIO_C/PR1ACNUTCOC40M230320171129_w010_50.0s.npy,ehc_ANTONIO_C,ipvs,reading_passage,0,train,50.0,0.0
data/processed/audio_10s/train/ehc_ANTONIO_C/VE1ACNUTCOC40M230320171126_w000_0.0s.wav,data/processed/features_10s/train/ehc_ANTONIO_C/VE1ACNUTCOC40M230320171126_w000_0.0s.npy,ehc_ANTONIO_C,ipvs,vowel_sustain,0,train,0.0,0.168
data/processed/audio_10s/train/ehc_ANTONIO_C/VI1ACNUTCOC40M230320171126_w000_0.0s.wav,data/processed/features_10s/train/ehc_ANTONIO_C/VI1ACNUTCOC40M230320171126_w000_0.0s.npy,ehc_ANTONIO_C,ipvs,vowel_sustain,0,train,0.0,0.0688
data/processed/audio_10s/train/ehc_ANTONIO_C/VO1ACNUTCOC40M230320171127_w000_0.0s.wav,data/processed/features_10s/train/ehc_ANTONIO_C/VO1ACNUTCOC40M230320171127_w000_0.0s.npy,ehc_ANTONIO_C,ipvs,vowel_sustain,0,train,0.0,0.0784
data/processed/audio_10s/train/ehc_ANTONIO_C/VU1ACNUTCOC40M230320171128_w000_0.0s.wav,data/processed/features_10s/train/ehc_ANTONIO_C/VU1ACNUTCOC40M230320171128_w000_0.0s.npy,ehc_ANTONIO_C,ipvs,vowel_sustain,0,train,0.0,0.0
data/processed/audio_10s/train/ehc_BRIGIDA_C/B1BCRAISGS48F210320171002_w000_0.0s.wav,data/processed/features_10s/train/ehc_BRIGIDA_C/B1BCRAISGS48F210320171002_w000_0.0s.npy,ehc_BRIGIDA_C,ipvs,syllable_repetition,0,train,0.0,0.0
data/processed/audio_10s/train/ehc_BRIGIDA_C/B1BCRAISGS48F210320171002_w001_5.0s.wav,data/processed/features_10s/train/ehc_BRIGIDA_C/B1BCRAISGS48F210320171002_w001_5.0s.npy,ehc_BRIGIDA_C,ipvs,syllable_repetition,0,train,5.0,0.0
data/processed/audio_10s/train/ehc_BRIGIDA_C/B1BCRAISGS48F210320171002_w002_10.0s.wav,data/processed/features_10s/train/ehc_BRIGIDA_C/B1BCRAISGS48F210320171002_w002_10.0s.npy,ehc_BRIGIDA_C,ipvs,syllable_repetition,0,train,10.0,0.0
data/processed/audio_10s/train/ehc_BRIGIDA_C/B1BCRAISGS48F210320171002_w003_15.0s.wav,data/processed/features_10s/train/ehc_BRIGIDA_C/B1BCRAISGS48F210320171002_w003_15.0s.npy,ehc_BRIGIDA_C,ipvs,syllable_repetition,0,train,15.0,0.0
data/processed/audio_10s/train/ehc_BRIGIDA_C/B1BCRAISGS48F210320171002_w004_20.0s.wav,data/processed/features_10s/train/ehc_BRIGIDA_C/B1BCRAISGS48F210320171002_w004_20.0s.npy,ehc_BRIGIDA_C,ipvs,syllable_repetition,0,train,20.0,0.0
data/processed/audio_10s/train/ehc_BRIGIDA_C/B1BCRAISGS48F210320171002_w005_25.0s.wav,data/processed/features_10s/train/ehc_BRIGIDA_C/B1BCRAISGS48F210320171002_w005_25.0s.npy,ehc_BRIGIDA_C,ipvs,syllable_repetition,0,train,25.0,0.0
data/processed/audio_10s/train/ehc_BRIGIDA_C/B1BCRAISGS48F210320171002_w006_30.0s.wav,data/processed/features_10s/train/ehc_BRIGIDA_C/B1BCRAISGS48F210320171002_w006_30.0s.npy,ehc_BRIGIDA_C,ipvs,syllable_repetition,0,train,30.0,0.0
data/processed/audio_10s/train/ehc_BRIGIDA_C/B1BCRAISGS48F210320171002_w007_35.0s.wav,data/processed/features_10s/train/ehc_BRIGIDA_C/B1BCRAISGS48F210320171002_w007_35.0s.npy,ehc_BRIGIDA_C,ipvs,syllable_repetition,0,train,35.0,0.0
data/processed/audio_10s/train/ehc_BRIGIDA_C/B1BCRAISGS48F210320171002_w008_40.0s.wav,data/processed/features_10s/train/ehc_BRIGIDA_C/B1BCRAISGS48F210320171002_w008_40.0s.npy,ehc_BRIGIDA_C,ipvs,syllable_repetition,0,train,40.0,0.0
data/processed/audio_10s/train/ehc_BRIGIDA_C/B1BCRAISGS48F210320171002_w009_45.0s.wav,data/processed/features_10s/train/ehc_BRIGIDA_C/B1BCRAISGS48F210320171002_w009_45.0s.npy,ehc_BRIGIDA_C,ipvs,syllable_repetition,0,train,45.0,0.0
data/processed/audio_10s/train/ehc_BRIGIDA_C/B2BCRAISGS48F210320171004_w000_0.0s.wav,data/processed/features_10s/train/ehc_BRIGIDA_C/B2BCRAISGS48F210320171004_w000_0.0s.npy,ehc_BRIGIDA_C,ipvs,syllable_repetition,0,train,0.0,0.0
data/processed/audio_10s/train/ehc_BRIGIDA_C/B2BCRAISGS48F210320171004_w001_5.0s.wav,data/processed/features_10s/train/ehc_BRIGIDA_C/B2BCRAISGS48F210320171004_w001_5.0s.npy,ehc_BRIGIDA_C,ipvs,syllable_repetition,0,train,5.0,0.0
data/processed/audio_10s/train/ehc_BRIGIDA_C/B2BCRAISGS48F210320171004_w002_10.0s.wav,data/processed/features_10s/train/ehc_BRIGIDA_C/B2BCRAISGS48F210320171004_w002_10.0s.npy,ehc_BRIGIDA_C,ipvs,syllable_repetition,0,train,10.0,0.0
data/processed/audio_10s/train/ehc_BRIGIDA_C/B2BCRAISGS48F210320171004_w003_15.0s.wav,data/processed/features_10s/train/ehc_BRIGIDA_C/B2BCRAISGS48F210320171004_w003_15.0s.npy,ehc_BRIGIDA_C,ipvs,syllable_repetition,0,train,15.0,0.0
data/processed/audio_10s/train/ehc_BRIGIDA_C/B2BCRAISGS48F210320171004_w004_20.0s.wav,data/processed/features_10s/train/ehc_BRIGIDA_C/B2BCRAISGS48F210320171004_w004_20.0s.npy,ehc_BRIGIDA_C,ipvs,syllable_repetition,0,train,20.0,0.0
data/processed/audio_10s/train/ehc_BRIGIDA_C/B2BCRAISGS48F210320171004_w005_25.0s.wav,data/processed/features_10s/train/ehc_BRIGIDA_C/B2BCRAISGS48F210320171004_w005_25.0s.npy,ehc_BRIGIDA_C,ipvs,syllable_repetition,0,train,25.0,0.0
data/processed/audio_10s/train/ehc_BRIGIDA_C/B2BCRAISGS48F210320171004_w006_30.0s.wav,data/processed/features_10s/train/ehc_BRIGIDA_C/B2BCRAISGS48F210320171004_w006_30.0s.npy,ehc_BRIGIDA_C,ipvs,syllable_repetition,0,train,30.0,0.0
data/processed/audio_10s/train/ehc_BRIGIDA_C/B2BCRAISGS48F210320171004_w007_35.0s.wav,data/processed/features_10s/train/ehc_BRIGIDA_C/B2BCRAISGS48F210320171004_w007_35.0s.npy,ehc_BRIGIDA_C,ipvs,syllable_repetition,0,train,35.0,0.0
data/processed/audio_10s/train/ehc_BRIGIDA_C/FB1BCRAISGS48F210320171013_w000_0.0s.wav,data/processed/features_10s/train/ehc_BRIGIDA_C/FB1BCRAISGS48F210320171013_w000_0.0s.npy,ehc_BRIGIDA_C,ipvs,syllable_repetition,0,train,0.0,0.0
data/processed/audio_10s/train/ehc_BRIGIDA_C/FB1BCRAISGS48F210320171013_w001_5.0s.wav,data/processed/features_10s/train/ehc_BRIGIDA_C/FB1BCRAISGS48F210320171013_w001_5.0s.npy,ehc_BRIGIDA_C,ipvs,syllable_repetition,0,train,5.0,0.0
data/processed/audio_10s/train/ehc_BRIGIDA_C/FB1BCRAISGS48F210320171013_w002_10.0s.wav,data/processed/features_10s/train/ehc_BRIGIDA_C/FB1BCRAISGS48F210320171013_w002_10.0s.npy,ehc_BRIGIDA_C,ipvs,syllable_repetition,0,train,10.0,0.0
data/processed/audio_10s/train/ehc_BRIGIDA_C/PR1BCRAISGS48F210320171012_w000_0.0s.wav,data/processed/features_10s/train/ehc_BRIGIDA_C/PR1BCRAISGS48F210320171012_w000_0.0s.npy,ehc_BRIGIDA_C,ipvs,reading_passage,0,train,0.0,0.0
data/processed/audio_10s/train/ehc_BRIGIDA_C/PR1BCRAISGS48F210320171012_w001_5.0s.wav,data/processed/features_10s/train/ehc_BRIGIDA_C/PR1BCRAISGS48F210320171012_w001_5.0s.npy,ehc_BRIGIDA_C,ipvs,reading_passage,0,train,5.0,0.0
data/processed/audio_10s/train/ehc_BRIGIDA_C/PR1BCRAISGS48F210320171012_w002_10.0s.wav,data/processed/features_10s/train/ehc_BRIGIDA_C/PR1BCRAISGS48F210320171012_w002_10.0s.npy,ehc_BRIGIDA_C,ipvs,reading_passage,0,train,10.0,0.0
data/processed/audio_10s/train/ehc_BRIGIDA_C/PR1BCRAISGS48F210320171012_w003_15.0s.wav,data/processed/features_10s/train/ehc_BRIGIDA_C/PR1BCRAISGS48F210320171012_w003_15.0s.npy,ehc_BRIGIDA_C,ipvs,reading_passage,0,train,15.0,0.0
data/processed/audio_10s/train/ehc_BRIGIDA_C/PR1BCRAISGS48F210320171012_w004_20.0s.wav,data/processed/features_10s/train/ehc_BRIGIDA_C/PR1BCRAISGS48F210320171012_w004_20.0s.npy,ehc_BRIGIDA_C,ipvs,reading_passage,0,train,20.0,0.0
data/processed/audio_10s/train/ehc_BRIGIDA_C/PR1BCRAISGS48F210320171012_w005_25.0s.wav,data/processed/features_10s/train/ehc_BRIGIDA_C/PR1BCRAISGS48F210320171012_w005_25.0s.npy,ehc_BRIGIDA_C,ipvs,reading_passage,0,train,25.0,0.0
data/processed/audio_10s/train/ehc_BRIGIDA_C/PR1BCRAISGS48F210320171012_w006_30.0s.wav,data/processed/features_10s/train/ehc_BRIGIDA_C/PR1BCRAISGS48F210320171012_w006_30.0s.npy,ehc_BRIGIDA_C,ipvs,reading_passage,0,train,30.0,0.0
data/processed/audio_10s/train/ehc_BRIGIDA_C/PR1BCRAISGS48F210320171012_w007_35.0s.wav,data/processed/features_10s/train/ehc_BRIGIDA_C/PR1BCRAISGS48F210320171012_w007_35.0s.npy,ehc_BRIGIDA_C,ipvs,reading_passage,0,train,35.0,0.0
data/processed/audio_10s/train/ehc_BRIGIDA_C/VA1BCRAISGS48F210320171005_w000_0.0s.wav,data/processed/features_10s/train/ehc_BRIGIDA_C/VA1BCRAISGS48F210320171005_w000_0.0s.npy,ehc_BRIGIDA_C,ipvs,vowel_sustain,0,train,0.0,0.0624
data/processed/audio_10s/train/ehc_BRIGIDA_C/VE1BCRAISGS48F210320171006_w000_0.0s.wav,data/processed/features_10s/train/ehc_BRIGIDA_C/VE1BCRAISGS48F210320171006_w000_0.0s.npy,ehc_BRIGIDA_C,ipvs,vowel_sustain,0,train,0.0,0.0
data/processed/audio_10s/train/ehc_BRIGIDA_C/VI1BCRAISGS48F210320171007_w000_0.0s.wav,data/processed/features_10s/train/ehc_BRIGIDA_C/VI1BCRAISGS48F210320171007_w000_0.0s.npy,ehc_BRIGIDA_C,ipvs,vowel_sustain,0,train,0.0,0.0
data/processed/audio_10s/train/ehc_BRIGIDA_C/VO1BCRAISGS48F210320171007_w000_0.0s.wav,data/processed/features_10s/train/ehc_BRIGIDA_C/VO1BCRAISGS48F210320171007_w000_0.0s.npy,ehc_BRIGIDA_C,ipvs,vowel_sustain,0,train,0.0,0.0
data/processed/audio_10s/train/ehc_BRIGIDA_C/VU1BCRAISGS48F210320171009_w000_0.0s.wav,data/processed/features_10s/train/ehc_BRIGIDA_C/VU1BCRAISGS48F210320171009_w000_0.0s.npy,ehc_BRIGIDA_C,ipvs,vowel_sustain,0,train,0.0,0.0
data/processed/audio_10s/train/ehc_GILDA_C/B1GCIALSDA52F170320171124_w000_0.0s.wav,data/processed/features_10s/train/ehc_GILDA_C/B1GCIALSDA52F170320171124_w000_0.0s.npy,ehc_GILDA_C,ipvs,syllable_repetition,0,train,0.0,0.0
data/processed/audio_10s/train/ehc_GILDA_C/B1GCIALSDA52F170320171124_w001_5.0s.wav,data/processed/features_10s/train/ehc_GILDA_C/B1GCIALSDA52F170320171124_w001_5.0s.npy,ehc_GILDA_C,ipvs,syllable_repetition,0,train,5.0,0.0
data/processed/audio_10s/train/ehc_GILDA_C/B1GCIALSDA52F170320171124_w002_10.0s.wav,data/processed/features_10s/train/ehc_GILDA_C/B1GCIALSDA52F170320171124_w002_10.0s.npy,ehc_GILDA_C,ipvs,syllable_repetition,0,train,10.0,0.0
data/processed/audio_10s/train/ehc_GILDA_C/B1GCIALSDA52F170320171124_w003_15.0s.wav,data/processed/features_10s/train/ehc_GILDA_C/B1GCIALSDA52F170320171124_w003_15.0s.npy,ehc_GILDA_C,ipvs,syllable_repetition,0,train,15.0,0.0
data/processed/audio_10s/train/ehc_GILDA_C/B1GCIALSDA52F170320171124_w004_20.0s.wav,data/processed/features_10s/train/ehc_GILDA_C/B1GCIALSDA52F170320171124_w004_20.0s.npy,ehc_GILDA_C,ipvs,syllable_repetition,0,train,20.0,0.0
data/processed/audio_10s/train/ehc_GILDA_C/B1GCIALSDA52F170320171124_w005_25.0s.wav,data/processed/features_10s/train/ehc_GILDA_C/B1GCIALSDA52F170320171124_w005_25.0s.npy,ehc_GILDA_C,ipvs,syllable_repetition,0,train,25.0,0.0
data/processed/audio_10s/train/ehc_GILDA_C/B1GCIALSDA52F170320171124_w006_30.0s.wav,data/processed/features_10s/train/ehc_GILDA_C/B1GCIALSDA52F170320171124_w006_30.0s.npy,ehc_GILDA_C,ipvs,syllable_repetition,0,train,30.0,0.0
data/processed/audio_10s/train/ehc_GILDA_C/B1GCIALSDA52F170320171124_w007_35.0s.wav,data/processed/features_10s/train/ehc_GILDA_C/B1GCIALSDA52F170320171124_w007_35.0s.npy,ehc_GILDA_C,ipvs,syllable_repetition,0,train,35.0,0.0
data/processed/audio_10s/train/ehc_GILDA_C/B1GCIALSDA52F170320171124_w008_40.0s.wav,data/processed/features_10s/train/ehc_GILDA_C/B1GCIALSDA52F170320171124_w008_40.0s.npy,ehc_GILDA_C,ipvs,syllable_repetition,0,train,40.0,0.0
data/processed/audio_10s/train/ehc_GILDA_C/B1GCIALSDA52F170320171124_w009_45.0s.wav,data/processed/features_10s/train/ehc_GILDA_C/B1GCIALSDA52F170320171124_w009_45.0s.npy,ehc_GILDA_C,ipvs,syllable_repetition,0,train,45.0,0.0
data/processed/audio_10s/train/ehc_GILDA_C/B1GCIALSDA52F170320171124_w010_50.0s.wav,data/processed/features_10s/train/ehc_GILDA_C/B1GCIALSDA52F170320171124_w010_50.0s.npy,ehc_GILDA_C,ipvs,syllable_repetition,0,train,50.0,0.0
data/processed/audio_10s/train/ehc_GILDA_C/B1GCIALSDA52F170320171124_w011_55.0s.wav,data/processed/features_10s/train/ehc_GILDA_C/B1GCIALSDA52F170320171124_w011_55.0s.npy,ehc_GILDA_C,ipvs,syllable_repetition,0,train,55.0,0.0
data/processed/audio_10s/train/ehc_GILDA_C/B2GCIALSDA52F170320171125_w000_0.0s.wav,data/processed/features_10s/train/ehc_GILDA_C/B2GCIALSDA52F170320171125_w000_0.0s.npy,ehc_GILDA_C,ipvs,syllable_repetition,0,train,0.0,0.0
data/processed/audio_10s/train/ehc_GILDA_C/B2GCIALSDA52F170320171125_w001_5.0s.wav,data/processed/features_10s/train/ehc_GILDA_C/B2GCIALSDA52F170320171125_w001_5.0s.npy,ehc_GILDA_C,ipvs,syllable_repetition,0,train,5.0,0.0
data/processed/audio_10s/train/ehc_GILDA_C/B2GCIALSDA52F170320171125_w002_10.0s.wav,data/processed/features_10s/train/ehc_GILDA_C/B2GCIALSDA52F170320171125_w002_10.0s.npy,ehc_GILDA_C,ipvs,syllable_repetition,0,train,10.0,0.0
data/processed/audio_10s/train/ehc_GILDA_C/B2GCIALSDA52F170320171125_w003_15.0s.wav,data/processed/features_10s/train/ehc_GILDA_C/B2GCIALSDA52F170320171125_w003_15.0s.npy,ehc_GILDA_C,ipvs,syllable_repetition,0,train,15.0,0.0
data/processed/audio_10s/train/ehc_GILDA_C/B2GCIALSDA52F170320171125_w004_20.0s.wav,data/processed/features_10s/train/ehc_GILDA_C/B2GCIALSDA52F170320171125_w004_20.0s.npy,ehc_GILDA_C,ipvs,syllable_repetition,0,train,20.0,0.0
data/processed/audio_10s/train/ehc_GILDA_C/B2GCIALSDA52F170320171125_w005_25.0s.wav,data/processed/features_10s/train/ehc_GILDA_C/B2GCIALSDA52F170320171125_w005_25.0s.npy,ehc_GILDA_C,ipvs,syllable_repetition,0,train,25.0,0.0
data/processed/audio_10s/train/ehc_GILDA_C/B2GCIALSDA52F170320171125_w006_30.0s.wav,data/processed/features_10s/train/ehc_GILDA_C/B2GCIALSDA52F170320171125_w006_30.0s.npy,ehc_GILDA_C,ipvs,syllable_repetition,0,train,30.0,0.0
data/processed/audio_10s/train/ehc_GILDA_C/B2GCIALSDA52F170320171125_w007_35.0s.wav,data/processed/features_10s/train/ehc_GILDA_C/B2GCIALSDA52F170320171125_w007_35.0s.npy,ehc_GILDA_C,ipvs,syllable_repetition,0,train,35.0,0.0
data/processed/audio_10s/train/ehc_GILDA_C/B2GCIALSDA52F170320171125_w008_40.0s.wav,data/processed/features_10s/train/ehc_GILDA_C/B2GCIALSDA52F170320171125_w008_40.0s.npy,ehc_GILDA_C,ipvs,syllable_repetition,0,train,40.0,0.0
data/processed/audio_10s/train/ehc_GILDA_C/B2GCIALSDA52F170320171125_w009_45.0s.wav,data/processed/features_10s/train/ehc_GILDA_C/B2GCIALSDA52F170320171125_w009_45.0s.npy,ehc_GILDA_C,ipvs,syllable_repetition,0,train,45.0,0.0
data/processed/audio_10s/train/ehc_GILDA_C/FB1GCIALSDA52F170320171133_w000_0.0s.wav,data/processed/features_10s/train/ehc_GILDA_C/FB1GCIALSDA52F170320171133_w000_0.0s.npy,ehc_GILDA_C,ipvs,syllable_repetition,0,train,0.0,0.0
data/processed/audio_10s/train/ehc_GILDA_C/FB1GCIALSDA52F170320171133_w001_5.0s.wav,data/processed/features_10s/train/ehc_GILDA_C/FB1GCIALSDA52F170320171133_w001_5.0s.npy,ehc_GILDA_C,ipvs,syllable_repetition,0,train,5.0,0.0
data/processed/audio_10s/train/ehc_GILDA_C/FB1GCIALSDA52F170320171133_w002_10.0s.wav,data/processed/features_10s/train/ehc_GILDA_C/FB1GCIALSDA52F170320171133_w002_10.0s.npy,ehc_GILDA_C,ipvs,syllable_repetition,0,train,10.0,0.0
data/processed/audio_10s/train/ehc_GILDA_C/PR1GCIALSDA52F170320171132_w000_0.0s.wav,data/processed/features_10s/train/ehc_GILDA_C/PR1GCIALSDA52F170320171132_w000_0.0s.npy,ehc_GILDA_C,ipvs,reading_passage,0,train,0.0,0.0
data/processed/audio_10s/train/ehc_GILDA_C/PR1GCIALSDA52F170320171132_w001_5.0s.wav,data/processed/features_10s/train/ehc_GILDA_C/PR1GCIALSDA52F170320171132_w001_5.0s.npy,ehc_GILDA_C,ipvs,reading_passage,0,train,5.0,0.0
data/processed/audio_10s/train/ehc_GILDA_C/PR1GCIALSDA52F170320171132_w002_10.0s.wav,data/processed/features_10s/train/ehc_GILDA_C/PR1GCIALSDA52F170320171132_w002_10.0s.npy,ehc_GILDA_C,ipvs,reading_passage,0,train,10.0,0.0
data/processed/audio_10s/train/ehc_GILDA_C/PR1GCIALSDA52F170320171132_w003_15.0s.wav,data/processed/features_10s/train/ehc_GILDA_C/PR1GCIALSDA52F170320171132_w003_15.0s.npy,ehc_GILDA_C,ipvs,reading_passage,0,train,15.0,0.0
data/processed/audio_10s/train/ehc_GILDA_C/PR1GCIALSDA52F170320171132_w004_20.0s.wav,data/processed/features_10s/train/ehc_GILDA_C/PR1GCIALSDA52F170320171132_w004_20.0s.npy,ehc_GILDA_C,ipvs,reading_passage,0,train,20.0,0.0
data/processed/audio_10s/train/ehc_GILDA_C/PR1GCIALSDA52F170320171132_w005_25.0s.wav,data/processed/features_10s/train/ehc_GILDA_C/PR1GCIALSDA52F170320171132_w005_25.0s.npy,ehc_GILDA_C,ipvs,reading_passage,0,train,25.0,0.0
data/processed/audio_10s/train/ehc_GILDA_C/PR1GCIALSDA52F170320171132_w006_30.0s.wav,data/processed/features_10s/train/ehc_GILDA_C/PR1GCIALSDA52F170320171132_w006_30.0s.npy,ehc_GILDA_C,ipvs,reading_passage,0,train,30.0,0.0
data/processed/audio_10s/train/ehc_GILDA_C/VA1GCIALSDA52F170320171127_w000_0.0s.wav,data/processed/features_10s/train/ehc_GILDA_C/VA1GCIALSDA52F170320171127_w000_0.0s.npy,ehc_GILDA_C,ipvs,vowel_sustain,0,train,0.0,0.0
data/processed/audio_10s/train/ehc_GILDA_C/VE1GCIALSDA52F170320171127_w000_0.0s.wav,data/processed/features_10s/train/ehc_GILDA_C/VE1GCIALSDA52F170320171127_w000_0.0s.npy,ehc_GILDA_C,ipvs,vowel_sustain,0,train,0.0,0.0
data/processed/audio_10s/train/ehc_GILDA_C/VI1GCIALSDA52F170320171128_w000_0.0s.wav,data/processed/features_10s/train/ehc_GILDA_C/VI1GCIALSDA52F170320171128_w000_0.0s.npy,ehc_GILDA_C,ipvs,vowel_sustain,0,train,0.0,0.0
data/processed/audio_10s/train/ehc_GILDA_C/VI1GCIALSDA52F170320171128_w001_5.0s.wav,data/processed/features_10s/train/ehc_GILDA_C/VI1GCIALSDA52F170320171128_w001_5.0s.npy,ehc_GILDA_C,ipvs,vowel_sustain,0,train,5.0,0.0
data/processed/audio_10s/train/ehc_GILDA_C/VO1GCIALSDA52F170320171129_w000_0.0s.wav,data/processed/features_10s/train/ehc_GILDA_C/VO1GCIALSDA52F170320171129_w000_0.0s.npy,ehc_GILDA_C,ipvs,vowel_sustain,0,train,0.0,0.0
data/processed/audio_10s/train/ehc_GILDA_C/VU1GCIALSDA52F170320171130_w000_0.0s.wav,data/processed/features_10s/train/ehc_GILDA_C/VU1GCIALSDA52F170320171130_w000_0.0s.npy,ehc_GILDA_C,ipvs,vowel_sustain,0,train,0.0,0.0554
data/processed/audio_10s/val/ehc_GIOVANNA_G/B1GGIAORVG47F300320171207_w000_0.0s.wav,data/processed/features_10s/val/ehc_GIOVANNA_G/B1GGIAORVG47F300320171207_w000_0.0s.npy,ehc_GIOVANNA_G,ipvs,syllable_repetition,0,val,0.0,0.0
data/processed/audio_10s/val/ehc_GIOVANNA_G/B1GGIAORVG47F300320171207_w001_5.0s.wav,data/processed/features_10s/val/ehc_GIOVANNA_G/B1GGIAORVG47F300320171207_w001_5.0s.npy,ehc_GIOVANNA_G,ipvs,syllable_repetition,0,val,5.0,0.0
data/processed/audio_10s/val/ehc_GIOVANNA_G/B1GGIAORVG47F300320171207_w002_10.0s.wav,data/processed/features_10s/val/ehc_GIOVANNA_G/B1GGIAORVG47F300320171207_w002_10.0s.npy,ehc_GIOVANNA_G,ipvs,syllable_repetition,0,val,10.0,0.0
data/processed/audio_10s/val/ehc_GIOVANNA_G/B1GGIAORVG47F300320171207_w003_15.0s.wav,data/processed/features_10s/val/ehc_GIOVANNA_G/B1GGIAORVG47F300320171207_w003_15.0s.npy,ehc_GIOVANNA_G,ipvs,syllable_repetition,0,val,15.0,0.0
data/processed/audio_10s/val/ehc_GIOVANNA_G/B1GGIAORVG47F300320171207_w004_20.0s.wav,data/processed/features_10s/val/ehc_GIOVANNA_G/B1GGIAORVG47F300320171207_w004_20.0s.npy,ehc_GIOVANNA_G,ipvs,syllable_repetition,0,val,20.0,0.0
data/processed/audio_10s/val/ehc_GIOVANNA_G/B1GGIAORVG47F300320171207_w005_25.0s.wav,data/processed/features_10s/val/ehc_GIOVANNA_G/B1GGIAORVG47F300320171207_w005_25.0s.npy,ehc_GIOVANNA_G,ipvs,syllable_repetition,0,val,25.0,0.0
data/processed/audio_10s/val/ehc_GIOVANNA_G/B1GGIAORVG47F300320171207_w006_30.0s.wav,data/processed/features_10s/val/ehc_GIOVANNA_G/B1GGIAORVG47F300320171207_w006_30.0s.npy,ehc_GIOVANNA_G,ipvs,syllable_repetition,0,val,30.0,0.0
data/processed/audio_10s/val/ehc_GIOVANNA_G/B1GGIAORVG47F300320171207_w007_35.0s.wav,data/processed/features_10s/val/ehc_GIOVANNA_G/B1GGIAORVG47F300320171207_w007_35.0s.npy,ehc_GIOVANNA_G,ipvs,syllable_repetition,0,val,35.0,0.0
data/processed/audio_10s/val/ehc_GIOVANNA_G/B1GGIAORVG47F300320171207_w008_40.0s.wav,data/processed/features_10s/val/ehc_GIOVANNA_G/B1GGIAORVG47F300320171207_w008_40.0s.npy,ehc_GIOVANNA_G,ipvs,syllable_repetition,0,val,40.0,0.0
data/processed/audio_10s/val/ehc_GIOVANNA_G/B1GGIAORVG47F300320171207_w009_45.0s.wav,data/processed/features_10s/val/ehc_GIOVANNA_G/B1GGIAORVG47F300320171207_w009_45.0s.npy,ehc_GIOVANNA_G,ipvs,syllable_repetition,0,val,45.0,0.0
data/processed/audio_10s/val/ehc_GIOVANNA_G/B1GGIAORVG47F300320171207_w010_50.0s.wav,data/processed/features_10s/val/ehc_GIOVANNA_G/B1GGIAORVG47F300320171207_w010_50.0s.npy,ehc_GIOVANNA_G,ipvs,syllable_repetition,0,val,50.0,0.0
data/processed/audio_10s/val/ehc_GIOVANNA_G/B1GGIAORVG47F300320171207_w011_55.0s.wav,data/processed/features_10s/val/ehc_GIOVANNA_G/B1GGIAORVG47F300320171207_w011_55.0s.npy,ehc_GIOVANNA_G,ipvs,syllable_repetition,0,val,55.0,0.0
data/processed/audio_10s/val/ehc_GIOVANNA_G/B1GGIAORVG47F300320171207_w012_60.0s.wav,data/processed/features_10s/val/ehc_GIOVANNA_G/B1GGIAORVG47F300320171207_w012_60.0s.npy,ehc_GIOVANNA_G,ipvs,syllable_repetition,0,val,60.0,0.0
data/processed/audio_10s/val/ehc_GIOVANNA_G/B1GGIAORVG47F300320171207_w013_65.0s.wav,data/processed/features_10s/val/ehc_GIOVANNA_G/B1GGIAORVG47F300320171207_w013_65.0s.npy,ehc_GIOVANNA_G,ipvs,syllable_repetition,0,val,65.0,0.0
data/processed/audio_10s/val/ehc_GIOVANNA_G/B1GGIAORVG47F300320171207_w014_70.0s.wav,data/processed/features_10s/val/ehc_GIOVANNA_G/B1GGIAORVG47F300320171207_w014_70.0s.npy,ehc_GIOVANNA_G,ipvs,syllable_repetition,0,val,70.0,0.0
data/processed/audio_10s/val/ehc_GIOVANNA_G/B1GGIAORVG47F300320171207_w015_75.0s.wav,data/processed/features_10s/val/ehc_GIOVANNA_G/B1GGIAORVG47F300320171207_w015_75.0s.npy,ehc_GIOVANNA_G,ipvs,syllable_repetition,0,val,75.0,0.0
data/processed/audio_10s/val/ehc_GIOVANNA_G/B1GGIAORVG47F300320171207_w016_80.0s.wav,data/processed/features_10s/val/ehc_GIOVANNA_G/B1GGIAORVG47F300320171207_w016_80.0s.npy,ehc_GIOVANNA_G,ipvs,syllable_repetition,0,val,80.0,0.0
data/processed/audio_10s/val/ehc_GIOVANNA_G/B1GGIAORVG47F300320171207_w017_85.0s.wav,data/processed/features_10s/val/ehc_GIOVANNA_G/B1GGIAORVG47F300320171207_w017_85.0s.npy,ehc_GIOVANNA_G,ipvs,syllable_repetition,0,val,85.0,0.0
data/processed/audio_10s/val/ehc_GIOVANNA_G/B1GGIAORVG47F300320171207_w018_90.0s.wav,data/processed/features_10s/val/ehc_GIOVANNA_G/B1GGIAORVG47F300320171207_w018_90.0s.npy,ehc_GIOVANNA_G,ipvs,syllable_repetition,0,val,90.0,0.0
data/processed/audio_10s/val/ehc_GIOVANNA_G/B1GGIAORVG47F300320171207_w019_95.0s.wav,data/processed/features_10s/val/ehc_GIOVANNA_G/B1GGIAORVG47F300320171207_w019_95.0s.npy,ehc_GIOVANNA_G,ipvs,syllable_repetition,0,val,95.0,0.0
data/processed/audio_10s/val/ehc_GIOVANNA_G/B1GGIAORVG47F300320171207_w020_100.0s.wav,data/processed/features_10s/val/ehc_GIOVANNA_G/B1GGIAORVG47F300320171207_w020_100.0s.npy,ehc_GIOVANNA_G,ipvs,syllable_repetition,0,val,100.0,0.0
data/processed/audio_10s/val/ehc_GIOVANNA_G/B1GGIAORVG47F300320171207_w021_105.0s.wav,data/processed/features_10s/val/ehc_GIOVANNA_G/B1GGIAORVG47F300320171207_w021_105.0s.npy,ehc_GIOVANNA_G,ipvs,syllable_repetition,0,val,105.0,0.0
data/processed/audio_10s/val/ehc_GIOVANNA_G/B1GGIAORVG47F300320171207_w022_110.0s.wav,data/processed/features_10s/val/ehc_GIOVANNA_G/B1GGIAORVG47F300320171207_w022_110.0s.npy,ehc_GIOVANNA_G,ipvs,syllable_repetition,0,val,110.0,0.0
data/processed/audio_10s/val/ehc_GIOVANNA_G/B1GGIAORVG47F300320171207_w023_115.0s.wav,data/processed/features_10s/val/ehc_GIOVANNA_G/B1GGIAORVG47F300320171207_w023_115.0s.npy,ehc_GIOVANNA_G,ipvs,syllable_repetition,0,val,115.0,0.0
data/processed/audio_10s/val/ehc_GIOVANNA_G/B1GGIAORVG47F300320171207_w024_120.0s.wav,data/processed/features_10s/val/ehc_GIOVANNA_G/B1GGIAORVG47F300320171207_w024_120.0s.npy,ehc_GIOVANNA_G,ipvs,syllable_repetition,0,val,120.0,0.0
data/processed/audio_10s/val/ehc_GIOVANNA_G/B1GGIAORVG47F300320171207_w025_125.0s.wav,data/processed/features_10s/val/ehc_GIOVANNA_G/B1GGIAORVG47F300320171207_w025_125.0s.npy,ehc_GIOVANNA_G,ipvs,syllable_repetition,0,val,125.0,0.0
data/processed/audio_10s/val/ehc_GIOVANNA_G/B1GGIAORVG47F300320171207_w026_130.0s.wav,data/processed/features_10s/val/ehc_GIOVANNA_G/B1GGIAORVG47F300320171207_w026_130.0s.npy,ehc_GIOVANNA_G,ipvs,syllable_repetition,0,val,130.0,0.0
data/processed/audio_10s/val/ehc_GIOVANNA_G/B1GGIAORVG47F300320171207_w027_135.0s.wav,data/processed/features_10s/val/ehc_GIOVANNA_G/B1GGIAORVG47F300320171207_w027_135.0s.npy,ehc_GIOVANNA_G,ipvs,syllable_repetition,0,val,135.0,0.0
data/processed/audio_10s/val/ehc_GIOVANNA_G/B2GGIAORVG47F300320171210_w000_0.0s.wav,data/processed/features_10s/val/ehc_GIOVANNA_G/B2GGIAORVG47F300320171210_w000_0.0s.npy,ehc_GIOVANNA_G,ipvs,syllable_repetition,0,val,0.0,0.0
data/processed/audio_10s/val/ehc_GIOVANNA_G/B2GGIAORVG47F300320171210_w001_5.0s.wav,data/processed/features_10s/val/ehc_GIOVANNA_G/B2GGIAORVG47F300320171210_w001_5.0s.npy,ehc_GIOVANNA_G,ipvs,syllable_repetition,0,val,5.0,0.0
data/processed/audio_10s/val/ehc_GIOVANNA_G/B2GGIAORVG47F300320171210_w002_10.0s.wav,data/processed/features_10s/val/ehc_GIOVANNA_G/B2GGIAORVG47F300320171210_w002_10.0s.npy,ehc_GIOVANNA_G,ipvs,syllable_repetition,0,val,10.0,0.0
data/processed/audio_10s/val/ehc_GIOVANNA_G/B2GGIAORVG47F300320171210_w003_15.0s.wav,data/processed/features_10s/val/ehc_GIOVANNA_G/B2GGIAORVG47F300320171210_w003_15.0s.npy,ehc_GIOVANNA_G,ipvs,syllable_repetition,0,val,15.0,0.0
data/processed/audio_10s/val/ehc_GIOVANNA_G/B2GGIAORVG47F300320171210_w004_20.0s.wav,data/processed/features_10s/val/ehc_GIOVANNA_G/B2GGIAORVG47F300320171210_w004_20.0s.npy,ehc_GIOVANNA_G,ipvs,syllable_repetition,0,val,20.0,0.0
data/processed/audio_10s/val/ehc_GIOVANNA_G/B2GGIAORVG47F300320171210_w005_25.0s.wav,data/processed/features_10s/val/ehc_GIOVANNA_G/B2GGIAORVG47F300320171210_w005_25.0s.npy,ehc_GIOVANNA_G,ipvs,syllable_repetition,0,val,25.0,0.0
data/processed/audio_10s/val/ehc_GIOVANNA_G/B2GGIAORVG47F300320171210_w006_30.0s.wav,data/processed/features_10s/val/ehc_GIOVANNA_G/B2GGIAORVG47F300320171210_w006_30.0s.npy,ehc_GIOVANNA_G,ipvs,syllable_repetition,0,val,30.0,0.0
data/processed/audio_10s/val/ehc_GIOVANNA_G/B2GGIAORVG47F300320171210_w007_35.0s.wav,data/processed/features_10s/val/ehc_GIOVANNA_G/B2GGIAORVG47F300320171210_w007_35.0s.npy,ehc_GIOVANNA_G,ipvs,syllable_repetition,0,val,35.0,0.0
data/processed/audio_10s/val/ehc_GIOVANNA_G/B2GGIAORVG47F300320171210_w008_40.0s.wav,data/processed/features_10s/val/ehc_GIOVANNA_G/B2GGIAORVG47F300320171210_w008_40.0s.npy,ehc_GIOVANNA_G,ipvs,syllable_repetition,0,val,40.0,0.0
data/processed/audio_10s/val/ehc_GIOVANNA_G/B2GGIAORVG47F300320171210_w009_45.0s.wav,data/processed/features_10s/val/ehc_GIOVANNA_G/B2GGIAORVG47F300320171210_w009_45.0s.npy,ehc_GIOVANNA_G,ipvs,syllable_repetition,0,val,45.0,0.0
data/processed/audio_10s/val/ehc_GIOVANNA_G/B2GGIAORVG47F300320171210_w010_50.0s.wav,data/processed/features_10s/val/ehc_GIOVANNA_G/B2GGIAORVG47F300320171210_w010_50.0s.npy,ehc_GIOVANNA_G,ipvs,syllable_repetition,0,val,50.0,0.0
data/processed/audio_10s/val/ehc_GIOVANNA_G/B2GGIAORVG47F300320171210_w011_55.0s.wav,data/processed/features_10s/val/ehc_GIOVANNA_G/B2GGIAORVG47F300320171210_w011_55.0s.npy,ehc_GIOVANNA_G,ipvs,syllable_repetition,0,val,55.0,0.0
data/processed/audio_10s/val/ehc_GIOVANNA_G/B2GGIAORVG47F300320171210_w012_60.0s.wav,data/processed/features_10s/val/ehc_GIOVANNA_G/B2GGIAORVG47F300320171210_w012_60.0s.npy,ehc_GIOVANNA_G,ipvs,syllable_repetition,0,val,60.0,0.0
data/processed/audio_10s/val/ehc_GIOVANNA_G/B2GGIAORVG47F300320171210_w013_65.0s.wav,data/processed/features_10s/val/ehc_GIOVANNA_G/B2GGIAORVG47F300320171210_w013_65.0s.npy,ehc_GIOVANNA_G,ipvs,syllable_repetition,0,val,65.0,0.0
data/processed/audio_10s/val/ehc_GIOVANNA_G/B2GGIAORVG47F300320171210_w014_70.0s.wav,data/processed/features_10s/val/ehc_GIOVANNA_G/B2GGIAORVG47F300320171210_w014_70.0s.npy,ehc_GIOVANNA_G,ipvs,syllable_repetition,0,val,70.0,0.0
data/processed/audio_10s/val/ehc_GIOVANNA_G/B2GGIAORVG47F300320171210_w015_75.0s.wav,data/processed/features_10s/val/ehc_GIOVANNA_G/B2GGIAORVG47F300320171210_w015_75.0s.npy,ehc_GIOVANNA_G,ipvs,syllable_repetition,0,val,75.0,0.0
data/processed/audio_10s/val/ehc_GIOVANNA_G/B2GGIAORVG47F300320171210_w016_80.0s.wav,data/processed/features_10s/val/ehc_GIOVANNA_G/B2GGIAORVG47F300320171210_w016_80.0s.npy,ehc_GIOVANNA_G,ipvs,syllable_repetition,0,val,80.0,0.0
data/processed/audio_10s/val/ehc_GIOVANNA_G/B2GGIAORVG47F300320171210_w017_85.0s.wav,data/processed/features_10s/val/ehc_GIOVANNA_G/B2GGIAORVG47F300320171210_w017_85.0s.npy,ehc_GIOVANNA_G,ipvs,syllable_repetition,0,val,85.0,0.0
data/processed/audio_10s/val/ehc_GIOVANNA_G/B2GGIAORVG47F300320171210_w018_90.0s.wav,data/processed/features_10s/val/ehc_GIOVANNA_G/B2GGIAORVG47F300320171210_w018_90.0s.npy,ehc_GIOVANNA_G,ipvs,syllable_repetition,0,val,90.0,0.0
data/processed/audio_10s/val/ehc_GIOVANNA_G/B2GGIAORVG47F300320171210_w019_95.0s.wav,data/processed/features_10s/val/ehc_GIOVANNA_G/B2GGIAORVG47F300320171210_w019_95.0s.npy,ehc_GIOVANNA_G,ipvs,syllable_repetition,0,val,95.0,0.0
data/processed/audio_10s/val/ehc_GIOVANNA_G/FB1GGIAORVG47F300320171218_w000_0.0s.wav,data/processed/features_10s/val/ehc_GIOVANNA_G/FB1GGIAORVG47F300320171218_w000_0.0s.npy,ehc_GIOVANNA_G,ipvs,syllable_repetition,0,val,0.0,0.0
data/processed/audio_10s/val/ehc_GIOVANNA_G/FB1GGIAORVG47F300320171218_w001_5.0s.wav,data/processed/features_10s/val/ehc_GIOVANNA_G/FB1GGIAORVG47F300320171218_w001_5.0s.npy,ehc_GIOVANNA_G,ipvs,syllable_repetition,0,val,5.0,0.0
data/processed/audio_10s/val/ehc_GIOVANNA_G/FB1GGIAORVG47F300320171218_w002_10.0s.wav,data/processed/features_10s/val/ehc_GIOVANNA_G/FB1GGIAORVG47F300320171218_w002_10.0s.npy,ehc_GIOVANNA_G,ipvs,syllable_repetition,0,val,10.0,0.0
data/processed/audio_10s/val/ehc_GIOVANNA_G/FB1GGIAORVG47F300320171218_w003_15.0s.wav,data/processed/features_10s/val/ehc_GIOVANNA_G/FB1GGIAORVG47F300320171218_w003_15.0s.npy,ehc_GIOVANNA_G,ipvs,syllable_repetition,0,val,15.0,0.0
data/processed/audio_10s/val/ehc_GIOVANNA_G/FB1GGIAORVG47F300320171218_w004_20.0s.wav,data/processed/features_10s/val/ehc_GIOVANNA_G/FB1GGIAORVG47F300320171218_w004_20.0s.npy,ehc_GIOVANNA_G,ipvs,syllable_repetition,0,val,20.0,0.0
data/processed/audio_10s/val/ehc_GIOVANNA_G/FB1GGIAORVG47F300320171218_w005_25.0s.wav,data/processed/features_10s/val/ehc_GIOVANNA_G/FB1GGIAORVG47F300320171218_w005_25.0s.npy,ehc_GIOVANNA_G,ipvs,syllable_repetition,0,val,25.0,0.0
data/processed/audio_10s/val/ehc_GIOVANNA_G/PR1GGIAORVG47F300320171217_w000_0.0s.wav,data/processed/features_10s/val/ehc_GIOVANNA_G/PR1GGIAORVG47F300320171217_w000_0.0s.npy,ehc_GIOVANNA_G,ipvs,reading_passage,0,val,0.0,0.0
data/processed/audio_10s/val/ehc_GIOVANNA_G/PR1GGIAORVG47F300320171217_w001_5.0s.wav,data/processed/features_10s/val/ehc_GIOVANNA_G/PR1GGIAORVG47F300320171217_w001_5.0s.npy,ehc_GIOVANNA_G,ipvs,reading_passage,0,val,5.0,0.0
data/processed/audio_10s/val/ehc_GIOVANNA_G/PR1GGIAORVG47F300320171217_w002_10.0s.wav,data/processed/features_10s/val/ehc_GIOVANNA_G/PR1GGIAORVG47F300320171217_w002_10.0s.npy,ehc_GIOVANNA_G,ipvs,reading_passage,0,val,10.0,0.0
data/processed/audio_10s/val/ehc_GIOVANNA_G/PR1GGIAORVG47F300320171217_w003_15.0s.wav,data/processed/features_10s/val/ehc_GIOVANNA_G/PR1GGIAORVG47F300320171217_w003_15.0s.npy,ehc_GIOVANNA_G,ipvs,reading_passage,0,val,15.0,0.0
data/processed/audio_10s/val/ehc_GIOVANNA_G/PR1GGIAORVG47F300320171217_w004_20.0s.wav,data/processed/features_10s/val/ehc_GIOVANNA_G/PR1GGIAORVG47F300320171217_w004_20.0s.npy,ehc_GIOVANNA_G,ipvs,reading_passage,0,val,20.0,0.0
data/processed/audio_10s/val/ehc_GIOVANNA_G/PR1GGIAORVG47F300320171217_w005_25.0s.wav,data/processed/features_10s/val/ehc_GIOVANNA_G/PR1GGIAORVG47F300320171217_w005_25.0s.npy,ehc_GIOVANNA_G,ipvs,reading_passage,0,val,25.0,0.0
data/processed/audio_10s/val/ehc_GIOVANNA_G/PR1GGIAORVG47F300320171217_w006_30.0s.wav,data/processed/features_10s/val/ehc_GIOVANNA_G/PR1GGIAORVG47F300320171217_w006_30.0s.npy,ehc_GIOVANNA_G,ipvs,reading_passage,0,val,30.0,0.0
data/processed/audio_10s/val/ehc_GIOVANNA_G/PR1GGIAORVG47F300320171217_w007_35.0s.wav,data/processed/features_10s/val/ehc_GIOVANNA_G/PR1GGIAORVG47F300320171217_w007_35.0s.npy,ehc_GIOVANNA_G,ipvs,reading_passage,0,val,35.0,0.0
data/processed/audio_10s/val/ehc_GIOVANNA_G/PR1GGIAORVG47F300320171217_w008_40.0s.wav,data/processed/features_10s/val/ehc_GIOVANNA_G/PR1GGIAORVG47F300320171217_w008_40.0s.npy,ehc_GIOVANNA_G,ipvs,reading_passage,0,val,40.0,0.0
data/processed/audio_10s/val/ehc_GIOVANNA_G/PR1GGIAORVG47F300320171217_w009_45.0s.wav,data/processed/features_10s/val/ehc_GIOVANNA_G/PR1GGIAORVG47F300320171217_w009_45.0s.npy,ehc_GIOVANNA_G,ipvs,reading_passage,0,val,45.0,0.0
data/processed/audio_10s/val/ehc_GIOVANNA_G/PR1GGIAORVG47F300320171217_w010_50.0s.wav,data/processed/features_10s/val/ehc_GIOVANNA_G/PR1GGIAORVG47F300320171217_w010_50.0s.npy,ehc_GIOVANNA_G,ipvs,reading_passage,0,val,50.0,0.0
data/processed/audio_10s/val/ehc_GIOVANNA_G/VA1GGIAORVG47F300320171212_w000_0.0s.wav,data/processed/features_10s/val/ehc_GIOVANNA_G/VA1GGIAORVG47F300320171212_w000_0.0s.npy,ehc_GIOVANNA_G,ipvs,vowel_sustain,0,val,0.0,0.0
data/processed/audio_10s/val/ehc_GIOVANNA_G/VI1GGIAORVG47F300320171214_w000_0.0s.wav,data/processed/features_10s/val/ehc_GIOVANNA_G/VI1GGIAORVG47F300320171214_w000_0.0s.npy,ehc_GIOVANNA_G,ipvs,vowel_sustain,0,val,0.0,0.0
data/processed/audio_10s/val/ehc_GIOVANNA_G/VO1GGIAORVG47F300320171214_w000_0.0s.wav,data/processed/features_10s/val/ehc_GIOVANNA_G/VO1GGIAORVG47F300320171214_w000_0.0s.npy,ehc_GIOVANNA_G,ipvs,vowel_sustain,0,val,0.0,0.0816
data/processed/audio_10s/val/ehc_GIOVANNA_G/VU1GGIAORVG47F300320171215_w000_0.0s.wav,data/processed/features_10s/val/ehc_GIOVANNA_G/VU1GGIAORVG47F300320171215_w000_0.0s.npy,ehc_GIOVANNA_G,ipvs,vowel_sustain,0,val,0.0,0.0
data/processed/audio_10s/train/ehc_GIOVANNI_B/B1GBIAORVI48M230320171233_w000_0.0s.wav,data/processed/features_10s/train/ehc_GIOVANNI_B/B1GBIAORVI48M230320171233_w000_0.0s.npy,ehc_GIOVANNI_B,ipvs,syllable_repetition,0,train,0.0,0.0
data/processed/audio_10s/train/ehc_GIOVANNI_B/B1GBIAORVI48M230320171233_w001_5.0s.wav,data/processed/features_10s/train/ehc_GIOVANNI_B/B1GBIAORVI48M230320171233_w001_5.0s.npy,ehc_GIOVANNI_B,ipvs,syllable_repetition,0,train,5.0,0.0
data/processed/audio_10s/train/ehc_GIOVANNI_B/B1GBIAORVI48M230320171233_w002_10.0s.wav,data/processed/features_10s/train/ehc_GIOVANNI_B/B1GBIAORVI48M230320171233_w002_10.0s.npy,ehc_GIOVANNI_B,ipvs,syllable_repetition,0,train,10.0,0.0
data/processed/audio_10s/train/ehc_GIOVANNI_B/B1GBIAORVI48M230320171233_w003_15.0s.wav,data/processed/features_10s/train/ehc_GIOVANNI_B/B1GBIAORVI48M230320171233_w003_15.0s.npy,ehc_GIOVANNI_B,ipvs,syllable_repetition,0,train,15.0,0.0
data/processed/audio_10s/train/ehc_GIOVANNI_B/B1GBIAORVI48M230320171233_w004_20.0s.wav,data/processed/features_10s/train/ehc_GIOVANNI_B/B1GBIAORVI48M230320171233_w004_20.0s.npy,ehc_GIOVANNI_B,ipvs,syllable_repetition,0,train,20.0,0.0
data/processed/audio_10s/train/ehc_GIOVANNI_B/B1GBIAORVI48M230320171233_w005_25.0s.wav,data/processed/features_10s/train/ehc_GIOVANNI_B/B1GBIAORVI48M230320171233_w005_25.0s.npy,ehc_GIOVANNI_B,ipvs,syllable_repetition,0,train,25.0,0.0
data/processed/audio_10s/train/ehc_GIOVANNI_B/B1GBIAORVI48M230320171233_w006_30.0s.wav,data/processed/features_10s/train/ehc_GIOVANNI_B/B1GBIAORVI48M230320171233_w006_30.0s.npy,ehc_GIOVANNI_B,ipvs,syllable_repetition,0,train,30.0,0.0
data/processed/audio_10s/train/ehc_GIOVANNI_B/B1GBIAORVI48M230320171233_w007_35.0s.wav,data/processed/features_10s/train/ehc_GIOVANNI_B/B1GBIAORVI48M230320171233_w007_35.0s.npy,ehc_GIOVANNI_B,ipvs,syllable_repetition,0,train,35.0,0.0
data/processed/audio_10s/train/ehc_GIOVANNI_B/B1GBIAORVI48M230320171233_w008_40.0s.wav,data/processed/features_10s/train/ehc_GIOVANNI_B/B1GBIAORVI48M230320171233_w008_40.0s.npy,ehc_GIOVANNI_B,ipvs,syllable_repetition,0,train,40.0,0.0
data/processed/audio_10s/train/ehc_GIOVANNI_B/B1GBIAORVI48M230320171233_w009_45.0s.wav,data/processed/features_10s/train/ehc_GIOVANNI_B/B1GBIAORVI48M230320171233_w009_45.0s.npy,ehc_GIOVANNI_B,ipvs,syllable_repetition,0,train,45.0,0.0
data/processed/audio_10s/train/ehc_GIOVANNI_B/B1GBIAORVI48M230320171233_w010_50.0s.wav,data/processed/features_10s/train/ehc_GIOVANNI_B/B1GBIAORVI48M230320171233_w010_50.0s.npy,ehc_GIOVANNI_B,ipvs,syllable_repetition,0,train,50.0,0.0
data/processed/audio_10s/train/ehc_GIOVANNI_B/B1GBIAORVI48M230320171233_w011_55.0s.wav,data/processed/features_10s/train/ehc_GIOVANNI_B/B1GBIAORVI48M230320171233_w011_55.0s.npy,ehc_GIOVANNI_B,ipvs,syllable_repetition,0,train,55.0,0.0
data/processed/audio_10s/train/ehc_GIOVANNI_B/B2GBIAORVI48M230320171234_w000_0.0s.wav,data/processed/features_10s/train/ehc_GIOVANNI_B/B2GBIAORVI48M230320171234_w000_0.0s.npy,ehc_GIOVANNI_B,ipvs,syllable_repetition,0,train,0.0,0.0
data/processed/audio_10s/train/ehc_GIOVANNI_B/B2GBIAORVI48M230320171234_w001_5.0s.wav,data/processed/features_10s/train/ehc_GIOVANNI_B/B2GBIAORVI48M230320171234_w001_5.0s.npy,ehc_GIOVANNI_B,ipvs,syllable_repetition,0,train,5.0,0.0
data/processed/audio_10s/train/ehc_GIOVANNI_B/B2GBIAORVI48M230320171234_w002_10.0s.wav,data/processed/features_10s/train/ehc_GIOVANNI_B/B2GBIAORVI48M230320171234_w002_10.0s.npy,ehc_GIOVANNI_B,ipvs,syllable_repetition,0,train,10.0,0.0
data/processed/audio_10s/train/ehc_GIOVANNI_B/B2GBIAORVI48M230320171234_w003_15.0s.wav,data/processed/features_10s/train/ehc_GIOVANNI_B/B2GBIAORVI48M230320171234_w003_15.0s.npy,ehc_GIOVANNI_B,ipvs,syllable_repetition,0,train,15.0,0.0
data/processed/audio_10s/train/ehc_GIOVANNI_B/B2GBIAORVI48M230320171234_w004_20.0s.wav,data/processed/features_10s/train/ehc_GIOVANNI_B/B2GBIAORVI48M230320171234_w004_20.0s.npy,ehc_GIOVANNI_B,ipvs,syllable_repetition,0,train,20.0,0.0
data/processed/audio_10s/train/ehc_GIOVANNI_B/B2GBIAORVI48M230320171234_w005_25.0s.wav,data/processed/features_10s/train/ehc_GIOVANNI_B/B2GBIAORVI48M230320171234_w005_25.0s.npy,ehc_GIOVANNI_B,ipvs,syllable_repetition,0,train,25.0,0.0
data/processed/audio_10s/train/ehc_GIOVANNI_B/B2GBIAORVI48M230320171234_w006_30.0s.wav,data/processed/features_10s/train/ehc_GIOVANNI_B/B2GBIAORVI48M230320171234_w006_30.0s.npy,ehc_GIOVANNI_B,ipvs,syllable_repetition,0,train,30.0,0.0
data/processed/audio_10s/train/ehc_GIOVANNI_B/B2GBIAORVI48M230320171234_w007_35.0s.wav,data/processed/features_10s/train/ehc_GIOVANNI_B/B2GBIAORVI48M230320171234_w007_35.0s.npy,ehc_GIOVANNI_B,ipvs,syllable_repetition,0,train,35.0,0.0
data/processed/audio_10s/train/ehc_GIOVANNI_B/B2GBIAORVI48M230320171234_w008_40.0s.wav,data/processed/features_10s/train/ehc_GIOVANNI_B/B2GBIAORVI48M230320171234_w008_40.0s.npy,ehc_GIOVANNI_B,ipvs,syllable_repetition,0,train,40.0,0.0
data/processed/audio_10s/train/ehc_GIOVANNI_B/B2GBIAORVI48M230320171234_w009_45.0s.wav,data/processed/features_10s/train/ehc_GIOVANNI_B/B2GBIAORVI48M230320171234_w009_45.0s.npy,ehc_GIOVANNI_B,ipvs,syllable_repetition,0,train,45.0,0.0
data/processed/audio_10s/train/ehc_GIOVANNI_B/B2GBIAORVI48M230320171234_w010_50.0s.wav,data/processed/features_10s/train/ehc_GIOVANNI_B/B2GBIAORVI48M230320171234_w010_50.0s.npy,ehc_GIOVANNI_B,ipvs,syllable_repetition,0,train,50.0,0.0
data/processed/audio_10s/train/ehc_GIOVANNI_B/FB1GBIAORVI48M230320171241_w000_0.0s.wav,data/processed/features_10s/train/ehc_GIOVANNI_B/FB1GBIAORVI48M230320171241_w000_0.0s.npy,ehc_GIOVANNI_B,ipvs,syllable_repetition,0,train,0.0,0.0
data/processed/audio_10s/train/ehc_GIOVANNI_B/FB1GBIAORVI48M230320171241_w001_5.0s.wav,data/processed/features_10s/train/ehc_GIOVANNI_B/FB1GBIAORVI48M230320171241_w001_5.0s.npy,ehc_GIOVANNI_B,ipvs,syllable_repetition,0,train,5.0,0.0
data/processed/audio_10s/train/ehc_GIOVANNI_B/FB1GBIAORVI48M230320171241_w002_10.0s.wav,data/processed/features_10s/train/ehc_GIOVANNI_B/FB1GBIAORVI48M230320171241_w002_10.0s.npy,ehc_GIOVANNI_B,ipvs,syllable_repetition,0,train,10.0,0.0
data/processed/audio_10s/train/ehc_GIOVANNI_B/FB1GBIAORVI48M230320171241_w003_15.0s.wav,data/processed/features_10s/train/ehc_GIOVANNI_B/FB1GBIAORVI48M230320171241_w003_15.0s.npy,ehc_GIOVANNI_B,ipvs,syllable_repetition,0,train,15.0,0.0
data/processed/audio_10s/train/ehc_GIOVANNI_B/PR1GBIAORVI48M230320171240_w000_0.0s.wav,data/processed/features_10s/train/ehc_GIOVANNI_B/PR1GBIAORVI48M230320171240_w000_0.0s.npy,ehc_GIOVANNI_B,ipvs,reading_passage,0,train,0.0,0.0
data/processed/audio_10s/train/ehc_GIOVANNI_B/PR1GBIAORVI48M230320171240_w001_5.0s.wav,data/processed/features_10s/train/ehc_GIOVANNI_B/PR1GBIAORVI48M230320171240_w001_5.0s.npy,ehc_GIOVANNI_B,ipvs,reading_passage,0,train,5.0,0.0
data/processed/audio_10s/train/ehc_GIOVANNI_B/PR1GBIAORVI48M230320171240_w002_10.0s.wav,data/processed/features_10s/train/ehc_GIOVANNI_B/PR1GBIAORVI48M230320171240_w002_10.0s.npy,ehc_GIOVANNI_B,ipvs,reading_passage,0,train,10.0,0.0
data/processed/audio_10s/train/ehc_GIOVANNI_B/PR1GBIAORVI48M230320171240_w003_15.0s.wav,data/processed/features_10s/train/ehc_GIOVANNI_B/PR1GBIAORVI48M230320171240_w003_15.0s.npy,ehc_GIOVANNI_B,ipvs,reading_passage,0,train,15.0,0.0
data/processed/audio_10s/train/ehc_GIOVANNI_B/PR1GBIAORVI48M230320171240_w004_20.0s.wav,data/processed/features_10s/train/ehc_GIOVANNI_B/PR1GBIAORVI48M230320171240_w004_20.0s.npy,ehc_GIOVANNI_B,ipvs,reading_passage,0,train,20.0,0.0
data/processed/audio_10s/train/ehc_GIOVANNI_B/PR1GBIAORVI48M230320171240_w005_25.0s.wav,data/processed/features_10s/train/ehc_GIOVANNI_B/PR1GBIAORVI48M230320171240_w005_25.0s.npy,ehc_GIOVANNI_B,ipvs,reading_passage,0,train,25.0,0.0
data/processed/audio_10s/train/ehc_GIOVANNI_B/VA1GBIAORVI48M230320171236_w000_0.0s.wav,data/processed/features_10s/train/ehc_GIOVANNI_B/VA1GBIAORVI48M230320171236_w000_0.0s.npy,ehc_GIOVANNI_B,ipvs,vowel_sustain,0,train,0.0,0.0
data/processed/audio_10s/train/ehc_GIOVANNI_B/VE1GBIAORVI48M230320171236_w000_0.0s.wav,data/processed/features_10s/train/ehc_GIOVANNI_B/VE1GBIAORVI48M230320171236_w000_0.0s.npy,ehc_GIOVANNI_B,ipvs,vowel_sustain,0,train,0.0,0.0
data/processed/audio_10s/train/ehc_GIOVANNI_B/VI1GBIAORVI48M230320171237_w000_0.0s.wav,data/processed/features_10s/train/ehc_GIOVANNI_B/VI1GBIAORVI48M230320171237_w000_0.0s.npy,ehc_GIOVANNI_B,ipvs,vowel_sustain,0,train,0.0,0.0
data/processed/audio_10s/train/ehc_GIOVANNI_B/VO1GBIAORVI48M230320171238_w000_0.0s.wav,data/processed/features_10s/train/ehc_GIOVANNI_B/VO1GBIAORVI48M230320171238_w000_0.0s.npy,ehc_GIOVANNI_B,ipvs,vowel_sustain,0,train,0.0,0.0
data/processed/audio_10s/train/ehc_GIOVANNI_B/VU1GBIAORVI48M230320171239_w000_0.0s.wav,data/processed/features_10s/train/ehc_GIOVANNI_B/VU1GBIAORVI48M230320171239_w000_0.0s.npy,ehc_GIOVANNI_B,ipvs,vowel_sustain,0,train,0.0,0.0
data/processed/audio_10s/train/ehc_GRAZIA_G/B1GGRIAUZL45F020420171817_w000_0.0s.wav,data/processed/features_10s/train/ehc_GRAZIA_G/B1GGRIAUZL45F020420171817_w000_0.0s.npy,ehc_GRAZIA_G,ipvs,syllable_repetition,0,train,0.0,0.0
data/processed/audio_10s/train/ehc_GRAZIA_G/B1GGRIAUZL45F020420171817_w001_5.0s.wav,data/processed/features_10s/train/ehc_GRAZIA_G/B1GGRIAUZL45F020420171817_w001_5.0s.npy,ehc_GRAZIA_G,ipvs,syllable_repetition,0,train,5.0,0.0
data/processed/audio_10s/train/ehc_GRAZIA_G/B1GGRIAUZL45F020420171817_w002_10.0s.wav,data/processed/features_10s/train/ehc_GRAZIA_G/B1GGRIAUZL45F020420171817_w002_10.0s.npy,ehc_GRAZIA_G,ipvs,syllable_repetition,0,train,10.0,0.0
data/processed/audio_10s/train/ehc_GRAZIA_G/B1GGRIAUZL45F020420171817_w003_15.0s.wav,data/processed/features_10s/train/ehc_GRAZIA_G/B1GGRIAUZL45F020420171817_w003_15.0s.npy,ehc_GRAZIA_G,ipvs,syllable_repetition,0,train,15.0,0.0
data/processed/audio_10s/train/ehc_GRAZIA_G/B1GGRIAUZL45F020420171817_w004_20.0s.wav,data/processed/features_10s/train/ehc_GRAZIA_G/B1GGRIAUZL45F020420171817_w004_20.0s.npy,ehc_GRAZIA_G,ipvs,syllable_repetition,0,train,20.0,0.0
data/processed/audio_10s/train/ehc_GRAZIA_G/B1GGRIAUZL45F020420171817_w005_25.0s.wav,data/processed/features_10s/train/ehc_GRAZIA_G/B1GGRIAUZL45F020420171817_w005_25.0s.npy,ehc_GRAZIA_G,ipvs,syllable_repetition,0,train,25.0,0.0
data/processed/audio_10s/train/ehc_GRAZIA_G/B1GGRIAUZL45F020420171817_w006_30.0s.wav,data/processed/features_10s/train/ehc_GRAZIA_G/B1GGRIAUZL45F020420171817_w006_30.0s.npy,ehc_GRAZIA_G,ipvs,syllable_repetition,0,train,30.0,0.0
data/processed/audio_10s/train/ehc_GRAZIA_G/B1GGRIAUZL45F020420171817_w007_35.0s.wav,data/processed/features_10s/train/ehc_GRAZIA_G/B1GGRIAUZL45F020420171817_w007_35.0s.npy,ehc_GRAZIA_G,ipvs,syllable_repetition,0,train,35.0,0.0
data/processed/audio_10s/train/ehc_GRAZIA_G/B1GGRIAUZL45F020420171817_w008_40.0s.wav,data/processed/features_10s/train/ehc_GRAZIA_G/B1GGRIAUZL45F020420171817_w008_40.0s.npy,ehc_GRAZIA_G,ipvs,syllable_repetition,0,train,40.0,0.0
data/processed/audio_10s/train/ehc_GRAZIA_G/B1GGRIAUZL45F020420171817_w009_45.0s.wav,data/processed/features_10s/train/ehc_GRAZIA_G/B1GGRIAUZL45F020420171817_w009_45.0s.npy,ehc_GRAZIA_G,ipvs,syllable_repetition,0,train,45.0,0.0
data/processed/audio_10s/train/ehc_GRAZIA_G/B1GGRIAUZL45F020420171817_w010_50.0s.wav,data/processed/features_10s/train/ehc_GRAZIA_G/B1GGRIAUZL45F020420171817_w010_50.0s.npy,ehc_GRAZIA_G,ipvs,syllable_repetition,0,train,50.0,0.0
data/processed/audio_10s/train/ehc_GRAZIA_G/B2GGRIAUZL45F020420171820_w000_0.0s.wav,data/processed/features_10s/train/ehc_GRAZIA_G/B2GGRIAUZL45F020420171820_w000_0.0s.npy,ehc_GRAZIA_G,ipvs,syllable_repetition,0,train,0.0,0.0
data/processed/audio_10s/train/ehc_GRAZIA_G/B2GGRIAUZL45F020420171820_w001_5.0s.wav,data/processed/features_10s/train/ehc_GRAZIA_G/B2GGRIAUZL45F020420171820_w001_5.0s.npy,ehc_GRAZIA_G,ipvs,syllable_repetition,0,train,5.0,0.0
data/processed/audio_10s/train/ehc_GRAZIA_G/B2GGRIAUZL45F020420171820_w002_10.0s.wav,data/processed/features_10s/train/ehc_GRAZIA_G/B2GGRIAUZL45F020420171820_w002_10.0s.npy,ehc_GRAZIA_G,ipvs,syllable_repetition,0,train,10.0,0.0
data/processed/audio_10s/train/ehc_GRAZIA_G/B2GGRIAUZL45F020420171820_w003_15.0s.wav,data/processed/features_10s/train/ehc_GRAZIA_G/B2GGRIAUZL45F020420171820_w003_15.0s.npy,ehc_GRAZIA_G,ipvs,syllable_repetition,0,train,15.0,0.0
data/processed/audio_10s/train/ehc_GRAZIA_G/B2GGRIAUZL45F020420171820_w004_20.0s.wav,data/processed/features_10s/train/ehc_GRAZIA_G/B2GGRIAUZL45F020420171820_w004_20.0s.npy,ehc_GRAZIA_G,ipvs,syllable_repetition,0,train,20.0,0.0
data/processed/audio_10s/train/ehc_GRAZIA_G/B2GGRIAUZL45F020420171820_w005_25.0s.wav,data/processed/features_10s/train/ehc_GRAZIA_G/B2GGRIAUZL45F020420171820_w005_25.0s.npy,ehc_GRAZIA_G,ipvs,syllable_repetition,0,train,25.0,0.0
data/processed/audio_10s/train/ehc_GRAZIA_G/B2GGRIAUZL45F020420171820_w006_30.0s.wav,data/processed/features_10s/train/ehc_GRAZIA_G/B2GGRIAUZL45F020420171820_w006_30.0s.npy,ehc_GRAZIA_G,ipvs,syllable_repetition,0,train,30.0,0.0
data/processed/audio_10s/train/ehc_GRAZIA_G/B2GGRIAUZL45F020420171820_w007_35.0s.wav,data/processed/features_10s/train/ehc_GRAZIA_G/B2GGRIAUZL45F020420171820_w007_35.0s.npy,ehc_GRAZIA_G,ipvs,syllable_repetition,0,train,35.0,0.0
data/processed/audio_10s/train/ehc_GRAZIA_G/B2GGRIAUZL45F020420171820_w008_40.0s.wav,data/processed/features_10s/train/ehc_GRAZIA_G/B2GGRIAUZL45F020420171820_w008_40.0s.npy,ehc_GRAZIA_G,ipvs,syllable_repetition,0,train,40.0,0.0
data/processed/audio_10s/train/ehc_GRAZIA_G/B2GGRIAUZL45F020420171820_w009_45.0s.wav,data/processed/features_10s/train/ehc_GRAZIA_G/B2GGRIAUZL45F020420171820_w009_45.0s.npy,ehc_GRAZIA_G,ipvs,syllable_repetition,0,train,45.0,0.0
data/processed/audio_10s/train/ehc_GRAZIA_G/B2GGRIAUZL45F020420171820_w010_50.0s.wav,data/processed/features_10s/train/ehc_GRAZIA_G/B2GGRIAUZL45F020420171820_w010_50.0s.npy,ehc_GRAZIA_G,ipvs,syllable_repetition,0,train,50.0,0.0
data/processed/audio_10s/train/ehc_GRAZIA_G/FB1GGRIAUZL45F020420171827_w000_0.0s.wav,data/processed/features_10s/train/ehc_GRAZIA_G/FB1GGRIAUZL45F020420171827_w000_0.0s.npy,ehc_GRAZIA_G,ipvs,syllable_repetition,0,train,0.0,0.0
data/processed/audio_10s/train/ehc_GRAZIA_G/FB1GGRIAUZL45F020420171827_w001_5.0s.wav,data/processed/features_10s/train/ehc_GRAZIA_G/FB1GGRIAUZL45F020420171827_w001_5.0s.npy,ehc_GRAZIA_G,ipvs,syllable_repetition,0,train,5.0,0.0
data/processed/audio_10s/train/ehc_GRAZIA_G/FB1GGRIAUZL45F020420171827_w002_10.0s.wav,data/processed/features_10s/train/ehc_GRAZIA_G/FB1GGRIAUZL45F020420171827_w002_10.0s.npy,ehc_GRAZIA_G,ipvs,syllable_repetition,0,train,10.0,0.0
data/processed/audio_10s/train/ehc_GRAZIA_G/FB1GGRIAUZL45F020420171827_w003_15.0s.wav,data/processed/features_10s/train/ehc_GRAZIA_G/FB1GGRIAUZL45F020420171827_w003_15.0s.npy,ehc_GRAZIA_G,ipvs,syllable_repetition,0,train,15.0,0.0
data/processed/audio_10s/train/ehc_GRAZIA_G/FB1GGRIAUZL45F020420171827_w004_20.0s.wav,data/processed/features_10s/train/ehc_GRAZIA_G/FB1GGRIAUZL45F020420171827_w004_20.0s.npy,ehc_GRAZIA_G,ipvs,syllable_repetition,0,train,20.0,0.0
data/processed/audio_10s/train/ehc_GRAZIA_G/FB1GGRIAUZL45F020420171827_w005_25.0s.wav,data/processed/features_10s/train/ehc_GRAZIA_G/FB1GGRIAUZL45F020420171827_w005_25.0s.npy,ehc_GRAZIA_G,ipvs,syllable_repetition,0,train,25.0,0.0
data/processed/audio_10s/train/ehc_GRAZIA_G/PR1GGRIAUZL45F020420171826_w000_0.0s.wav,data/processed/features_10s/train/ehc_GRAZIA_G/PR1GGRIAUZL45F020420171826_w000_0.0s.npy,ehc_GRAZIA_G,ipvs,reading_passage,0,train,0.0,0.0
data/processed/audio_10s/train/ehc_GRAZIA_G/PR1GGRIAUZL45F020420171826_w001_5.0s.wav,data/processed/features_10s/train/ehc_GRAZIA_G/PR1GGRIAUZL45F020420171826_w001_5.0s.npy,ehc_GRAZIA_G,ipvs,reading_passage,0,train,5.0,0.0
data/processed/audio_10s/train/ehc_GRAZIA_G/PR1GGRIAUZL45F020420171826_w002_10.0s.wav,data/processed/features_10s/train/ehc_GRAZIA_G/PR1GGRIAUZL45F020420171826_w002_10.0s.npy,ehc_GRAZIA_G,ipvs,reading_passage,0,train,10.0,0.0
data/processed/audio_10s/train/ehc_GRAZIA_G/PR1GGRIAUZL45F020420171826_w003_15.0s.wav,data/processed/features_10s/train/ehc_GRAZIA_G/PR1GGRIAUZL45F020420171826_w003_15.0s.npy,ehc_GRAZIA_G,ipvs,reading_passage,0,train,15.0,0.0
data/processed/audio_10s/train/ehc_GRAZIA_G/PR1GGRIAUZL45F020420171826_w004_20.0s.wav,data/processed/features_10s/train/ehc_GRAZIA_G/PR1GGRIAUZL45F020420171826_w004_20.0s.npy,ehc_GRAZIA_G,ipvs,reading_passage,0,train,20.0,0.0
data/processed/audio_10s/train/ehc_GRAZIA_G/PR1GGRIAUZL45F020420171826_w005_25.0s.wav,data/processed/features_10s/train/ehc_GRAZIA_G/PR1GGRIAUZL45F020420171826_w005_25.0s.npy,ehc_GRAZIA_G,ipvs,reading_passage,0,train,25.0,0.0
data/processed/audio_10s/train/ehc_GRAZIA_G/PR1GGRIAUZL45F020420171826_w006_30.0s.wav,data/processed/features_10s/train/ehc_GRAZIA_G/PR1GGRIAUZL45F020420171826_w006_30.0s.npy,ehc_GRAZIA_G,ipvs,reading_passage,0,train,30.0,0.0
data/processed/audio_10s/train/ehc_GRAZIA_G/PR1GGRIAUZL45F020420171826_w007_35.0s.wav,data/processed/features_10s/train/ehc_GRAZIA_G/PR1GGRIAUZL45F020420171826_w007_35.0s.npy,ehc_GRAZIA_G,ipvs,reading_passage,0,train,35.0,0.0
data/processed/audio_10s/train/ehc_GRAZIA_G/PR1GGRIAUZL45F020420171826_w008_40.0s.wav,data/processed/features_10s/train/ehc_GRAZIA_G/PR1GGRIAUZL45F020420171826_w008_40.0s.npy,ehc_GRAZIA_G,ipvs,reading_passage,0,train,40.0,0.0
data/processed/audio_10s/train/ehc_GRAZIA_G/PR1GGRIAUZL45F020420171826_w009_45.0s.wav,data/processed/features_10s/train/ehc_GRAZIA_G/PR1GGRIAUZL45F020420171826_w009_45.0s.npy,ehc_GRAZIA_G,ipvs,reading_passage,0,train,45.0,0.0
data/processed/audio_10s/train/ehc_GRAZIA_G/PR1GGRIAUZL45F020420171826_w010_50.0s.wav,data/processed/features_10s/train/ehc_GRAZIA_G/PR1GGRIAUZL45F020420171826_w010_50.0s.npy,ehc_GRAZIA_G,ipvs,reading_passage,0,train,50.0,0.0
data/processed/audio_10s/train/ehc_GRAZIA_G/PR1GGRIAUZL45F020420171826_w011_55.0s.wav,data/processed/features_10s/train/ehc_GRAZIA_G/PR1GGRIAUZL45F020420171826_w011_55.0s.npy,ehc_GRAZIA_G,ipvs,reading_passage,0,train,55.0,0.0
data/processed/audio_10s/train/ehc_GRAZIA_G/VI1GGRIAUZL45F020420171822_w000_0.0s.wav,data/processed/features_10s/train/ehc_GRAZIA_G/VI1GGRIAUZL45F020420171822_w000_0.0s.npy,ehc_GRAZIA_G,ipvs,vowel_sustain,0,train,0.0,0.0752
data/processed/audio_10s/train/ehc_GRAZIA_G/VO1GGRIAUZL45F020420171823_w000_0.0s.wav,data/processed/features_10s/train/ehc_GRAZIA_G/VO1GGRIAUZL45F020420171823_w000_0.0s.npy,ehc_GRAZIA_G,ipvs,vowel_sustain,0,train,0.0,0.0
data/processed/audio_10s/train/ehc_GRAZIA_G/VU1GGRIAUZL45F020420171824_w000_0.0s.wav,data/processed/features_10s/train/ehc_GRAZIA_G/VU1GGRIAUZL45F020420171824_w000_0.0s.npy,ehc_GRAZIA_G,ipvs,vowel_sustain,0,train,0.0,0.0944
data/processed/audio_10s/val/ehc_LEONARDA_F/B1LFEIOONR57F210320171120_w000_0.0s.wav,data/processed/features_10s/val/ehc_LEONARDA_F/B1LFEIOONR57F210320171120_w000_0.0s.npy,ehc_LEONARDA_F,ipvs,syllable_repetition,0,val,0.0,0.0
data/processed/audio_10s/val/ehc_LEONARDA_F/B1LFEIOONR57F210320171120_w001_5.0s.wav,data/processed/features_10s/val/ehc_LEONARDA_F/B1LFEIOONR57F210320171120_w001_5.0s.npy,ehc_LEONARDA_F,ipvs,syllable_repetition,0,val,5.0,0.0
data/processed/audio_10s/val/ehc_LEONARDA_F/B1LFEIOONR57F210320171120_w002_10.0s.wav,data/processed/features_10s/val/ehc_LEONARDA_F/B1LFEIOONR57F210320171120_w002_10.0s.npy,ehc_LEONARDA_F,ipvs,syllable_repetition,0,val,10.0,0.0
data/processed/audio_10s/val/ehc_LEONARDA_F/B1LFEIOONR57F210320171120_w003_15.0s.wav,data/processed/features_10s/val/ehc_LEONARDA_F/B1LFEIOONR57F210320171120_w003_15.0s.npy,ehc_LEONARDA_F,ipvs,syllable_repetition,0,val,15.0,0.0
data/processed/audio_10s/val/ehc_LEONARDA_F/B1LFEIOONR57F210320171120_w004_20.0s.wav,data/processed/features_10s/val/ehc_LEONARDA_F/B1LFEIOONR57F210320171120_w004_20.0s.npy,ehc_LEONARDA_F,ipvs,syllable_repetition,0,val,20.0,0.0
data/processed/audio_10s/val/ehc_LEONARDA_F/B1LFEIOONR57F210320171120_w005_25.0s.wav,data/processed/features_10s/val/ehc_LEONARDA_F/B1LFEIOONR57F210320171120_w005_25.0s.npy,ehc_LEONARDA_F,ipvs,syllable_repetition,0,val,25.0,0.0
data/processed/audio_10s/val/ehc_LEONARDA_F/B1LFEIOONR57F210320171120_w006_30.0s.wav,data/processed/features_10s/val/ehc_LEONARDA_F/B1LFEIOONR57F210320171120_w006_30.0s.npy,ehc_LEONARDA_F,ipvs,syllable_repetition,0,val,30.0,0.0
data/processed/audio_10s/val/ehc_LEONARDA_F/B1LFEIOONR57F210320171120_w007_35.0s.wav,data/processed/features_10s/val/ehc_LEONARDA_F/B1LFEIOONR57F210320171120_w007_35.0s.npy,ehc_LEONARDA_F,ipvs,syllable_repetition,0,val,35.0,0.0
data/processed/audio_10s/val/ehc_LEONARDA_F/B1LFEIOONR57F210320171120_w008_40.0s.wav,data/processed/features_10s/val/ehc_LEONARDA_F/B1LFEIOONR57F210320171120_w008_40.0s.npy,ehc_LEONARDA_F,ipvs,syllable_repetition,0,val,40.0,0.0
data/processed/audio_10s/val/ehc_LEONARDA_F/B1LFEIOONR57F210320171120_w009_45.0s.wav,data/processed/features_10s/val/ehc_LEONARDA_F/B1LFEIOONR57F210320171120_w009_45.0s.npy,ehc_LEONARDA_F,ipvs,syllable_repetition,0,val,45.0,0.0
data/processed/audio_10s/val/ehc_LEONARDA_F/B2LFEIOONR57F210320171124_w000_0.0s.wav,data/processed/features_10s/val/ehc_LEONARDA_F/B2LFEIOONR57F210320171124_w000_0.0s.npy,ehc_LEONARDA_F,ipvs,syllable_repetition,0,val,0.0,0.0
data/processed/audio_10s/val/ehc_LEONARDA_F/B2LFEIOONR57F210320171124_w001_5.0s.wav,data/processed/features_10s/val/ehc_LEONARDA_F/B2LFEIOONR57F210320171124_w001_5.0s.npy,ehc_LEONARDA_F,ipvs,syllable_repetition,0,val,5.0,0.0
data/processed/audio_10s/val/ehc_LEONARDA_F/B2LFEIOONR57F210320171124_w002_10.0s.wav,data/processed/features_10s/val/ehc_LEONARDA_F/B2LFEIOONR57F210320171124_w002_10.0s.npy,ehc_LEONARDA_F,ipvs,syllable_repetition,0,val,10.0,0.0
data/processed/audio_10s/val/ehc_LEONARDA_F/B2LFEIOONR57F210320171124_w003_15.0s.wav,data/processed/features_10s/val/ehc_LEONARDA_F/B2LFEIOONR57F210320171124_w003_15.0s.npy,ehc_LEONARDA_F,ipvs,syllable_repetition,0,val,15.0,0.0
data/processed/audio_10s/val/ehc_LEONARDA_F/B2LFEIOONR57F210320171124_w004_20.0s.wav,data/processed/features_10s/val/ehc_LEONARDA_F/B2LFEIOONR57F210320171124_w004_20.0s.npy,ehc_LEONARDA_F,ipvs,syllable_repetition,0,val,20.0,0.0
data/processed/audio_10s/val/ehc_LEONARDA_F/B2LFEIOONR57F210320171124_w005_25.0s.wav,data/processed/features_10s/val/ehc_LEONARDA_F/B2LFEIOONR57F210320171124_w005_25.0s.npy,ehc_LEONARDA_F,ipvs,syllable_repetition,0,val,25.0,0.0
data/processed/audio_10s/val/ehc_LEONARDA_F/B2LFEIOONR57F210320171124_w006_30.0s.wav,data/processed/features_10s/val/ehc_LEONARDA_F/B2LFEIOONR57F210320171124_w006_30.0s.npy,ehc_LEONARDA_F,ipvs,syllable_repetition,0,val,30.0,0.0
data/processed/audio_10s/val/ehc_LEONARDA_F/B2LFEIOONR57F210320171124_w007_35.0s.wav,data/processed/features_10s/val/ehc_LEONARDA_F/B2LFEIOONR57F210320171124_w007_35.0s.npy,ehc_LEONARDA_F,ipvs,syllable_repetition,0,val,35.0,0.0
data/processed/audio_10s/val/ehc_LEONARDA_F/B2LFEIOONR57F210320171124_w008_40.0s.wav,data/processed/features_10s/val/ehc_LEONARDA_F/B2LFEIOONR57F210320171124_w008_40.0s.npy,ehc_LEONARDA_F,ipvs,syllable_repetition,0,val,40.0,0.0
data/processed/audio_10s/val/ehc_LEONARDA_F/FB1LFEIOONR57F210320171131_w000_0.0s.wav,data/processed/features_10s/val/ehc_LEONARDA_F/FB1LFEIOONR57F210320171131_w000_0.0s.npy,ehc_LEONARDA_F,ipvs,syllable_repetition,0,val,0.0,0.0
data/processed/audio_10s/val/ehc_LEONARDA_F/FB1LFEIOONR57F210320171131_w001_5.0s.wav,data/processed/features_10s/val/ehc_LEONARDA_F/FB1LFEIOONR57F210320171131_w001_5.0s.npy,ehc_LEONARDA_F,ipvs,syllable_repetition,0,val,5.0,0.0
data/processed/audio_10s/val/ehc_LEONARDA_F/FB1LFEIOONR57F210320171131_w002_10.0s.wav,data/processed/features_10s/val/ehc_LEONARDA_F/FB1LFEIOONR57F210320171131_w002_10.0s.npy,ehc_LEONARDA_F,ipvs,syllable_repetition,0,val,10.0,0.0
data/processed/audio_10s/val/ehc_LEONARDA_F/FB1LFEIOONR57F210320171131_w003_15.0s.wav,data/processed/features_10s/val/ehc_LEONARDA_F/FB1LFEIOONR57F210320171131_w003_15.0s.npy,ehc_LEONARDA_F,ipvs,syllable_repetition,0,val,15.0,0.0
data/processed/audio_10s/val/ehc_LEONARDA_F/PR1LFEIOONR57F210320171130_w000_0.0s.wav,data/processed/features_10s/val/ehc_LEONARDA_F/PR1LFEIOONR57F210320171130_w000_0.0s.npy,ehc_LEONARDA_F,ipvs,reading_passage,0,val,0.0,0.0
data/processed/audio_10s/val/ehc_LEONARDA_F/PR1LFEIOONR57F210320171130_w001_5.0s.wav,data/processed/features_10s/val/ehc_LEONARDA_F/PR1LFEIOONR57F210320171130_w001_5.0s.npy,ehc_LEONARDA_F,ipvs,reading_passage,0,val,5.0,0.0
data/processed/audio_10s/val/ehc_LEONARDA_F/PR1LFEIOONR57F210320171130_w002_10.0s.wav,data/processed/features_10s/val/ehc_LEONARDA_F/PR1LFEIOONR57F210320171130_w002_10.0s.npy,ehc_LEONARDA_F,ipvs,reading_passage,0,val,10.0,0.0
data/processed/audio_10s/val/ehc_LEONARDA_F/PR1LFEIOONR57F210320171130_w003_15.0s.wav,data/processed/features_10s/val/ehc_LEONARDA_F/PR1LFEIOONR57F210320171130_w003_15.0s.npy,ehc_LEONARDA_F,ipvs,reading_passage,0,val,15.0,0.0
data/processed/audio_10s/val/ehc_LEONARDA_F/PR1LFEIOONR57F210320171130_w004_20.0s.wav,data/processed/features_10s/val/ehc_LEONARDA_F/PR1LFEIOONR57F210320171130_w004_20.0s.npy,ehc_LEONARDA_F,ipvs,reading_passage,0,val,20.0,0.0
data/processed/audio_10s/val/ehc_LEONARDA_F/PR1LFEIOONR57F210320171130_w005_25.0s.wav,data/processed/features_10s/val/ehc_LEONARDA_F/PR1LFEIOONR57F210320171130_w005_25.0s.npy,ehc_LEONARDA_F,ipvs,reading_passage,0,val,25.0,0.0
data/processed/audio_10s/val/ehc_LEONARDA_F/PR1LFEIOONR57F210320171130_w006_30.0s.wav,data/processed/features_10s/val/ehc_LEONARDA_F/PR1LFEIOONR57F210320171130_w006_30.0s.npy,ehc_LEONARDA_F,ipvs,reading_passage,0,val,30.0,0.0
data/processed/audio_10s/val/ehc_LEONARDA_F/VE1LFEIOONR57F210320171126_w000_0.0s.wav,data/processed/features_10s/val/ehc_LEONARDA_F/VE1LFEIOONR57F210320171126_w000_0.0s.npy,ehc_LEONARDA_F,ipvs,vowel_sustain,0,val,0.0,0.0368
data/processed/audio_10s/val/ehc_LEONARDA_F/VI1LFEIOONR57F210320171127_w000_0.0s.wav,data/processed/features_10s/val/ehc_LEONARDA_F/VI1LFEIOONR57F210320171127_w000_0.0s.npy,ehc_LEONARDA_F,ipvs,vowel_sustain,0,val,0.0,0.0
data/processed/audio_10s/val/ehc_LEONARDA_F/VO1LFEIOONR57F210320171128_w000_0.0s.wav,data/processed/features_10s/val/ehc_LEONARDA_F/VO1LFEIOONR57F210320171128_w000_0.0s.npy,ehc_LEONARDA_F,ipvs,vowel_sustain,0,val,0.0,0.0
data/processed/audio_10s/val/ehc_LEONARDA_F/VO1LFEIOONR57F210320171128_w001_5.0s.wav,data/processed/features_10s/val/ehc_LEONARDA_F/VO1LFEIOONR57F210320171128_w001_5.0s.npy,ehc_LEONARDA_F,ipvs,vowel_sustain,0,val,5.0,0.0
data/processed/audio_10s/val/ehc_LEONARDA_F/VU1LFEIOONR57F210320171128_w000_0.0s.wav,data/processed/features_10s/val/ehc_LEONARDA_F/VU1LFEIOONR57F210320171128_w000_0.0s.npy,ehc_LEONARDA_F,ipvs,vowel_sustain,0,val,0.0,0.0
data/processed/audio_10s/val/ehc_LEONARDA_F/VU1LFEIOONR57F210320171128_w001_5.0s.wav,data/processed/features_10s/val/ehc_LEONARDA_F/VU1LFEIOONR57F210320171128_w001_5.0s.npy,ehc_LEONARDA_F,ipvs,vowel_sustain,0,val,5.0,0.0
data/processed/audio_10s/train/ehc_LISCO_G/B1GLIIUSSC57M210320171050_w000_0.0s.wav,data/processed/features_10s/train/ehc_LISCO_G/B1GLIIUSSC57M210320171050_w000_0.0s.npy,ehc_LISCO_G,ipvs,syllable_repetition,0,train,0.0,0.0
data/processed/audio_10s/train/ehc_LISCO_G/B1GLIIUSSC57M210320171050_w001_5.0s.wav,data/processed/features_10s/train/ehc_LISCO_G/B1GLIIUSSC57M210320171050_w001_5.0s.npy,ehc_LISCO_G,ipvs,syllable_repetition,0,train,5.0,0.0
data/processed/audio_10s/train/ehc_LISCO_G/B1GLIIUSSC57M210320171050_w002_10.0s.wav,data/processed/features_10s/train/ehc_LISCO_G/B1GLIIUSSC57M210320171050_w002_10.0s.npy,ehc_LISCO_G,ipvs,syllable_repetition,0,train,10.0,0.0
data/processed/audio_10s/train/ehc_LISCO_G/B1GLIIUSSC57M210320171050_w003_15.0s.wav,data/processed/features_10s/train/ehc_LISCO_G/B1GLIIUSSC57M210320171050_w003_15.0s.npy,ehc_LISCO_G,ipvs,syllable_repetition,0,train,15.0,0.0
data/processed/audio_10s/train/ehc_LISCO_G/B1GLIIUSSC57M210320171050_w004_20.0s.wav,data/processed/features_10s/train/ehc_LISCO_G/B1GLIIUSSC57M210320171050_w004_20.0s.npy,ehc_LISCO_G,ipvs,syllable_repetition,0,train,20.0,0.0
data/processed/audio_10s/train/ehc_LISCO_G/B1GLIIUSSC57M210320171050_w005_25.0s.wav,data/processed/features_10s/train/ehc_LISCO_G/B1GLIIUSSC57M210320171050_w005_25.0s.npy,ehc_LISCO_G,ipvs,syllable_repetition,0,train,25.0,0.0
data/processed/audio_10s/train/ehc_LISCO_G/B1GLIIUSSC57M210320171050_w006_30.0s.wav,data/processed/features_10s/train/ehc_LISCO_G/B1GLIIUSSC57M210320171050_w006_30.0s.npy,ehc_LISCO_G,ipvs,syllable_repetition,0,train,30.0,0.0
data/processed/audio_10s/train/ehc_LISCO_G/B1GLIIUSSC57M210320171050_w007_35.0s.wav,data/processed/features_10s/train/ehc_LISCO_G/B1GLIIUSSC57M210320171050_w007_35.0s.npy,ehc_LISCO_G,ipvs,syllable_repetition,0,train,35.0,0.0
data/processed/audio_10s/train/ehc_LISCO_G/B1GLIIUSSC57M210320171050_w008_40.0s.wav,data/processed/features_10s/train/ehc_LISCO_G/B1GLIIUSSC57M210320171050_w008_40.0s.npy,ehc_LISCO_G,ipvs,syllable_repetition,0,train,40.0,0.0
data/processed/audio_10s/train/ehc_LISCO_G/B1GLIIUSSC57M210320171050_w009_45.0s.wav,data/processed/features_10s/train/ehc_LISCO_G/B1GLIIUSSC57M210320171050_w009_45.0s.npy,ehc_LISCO_G,ipvs,syllable_repetition,0,train,45.0,0.0
data/processed/audio_10s/train/ehc_LISCO_G/B2GLIIUSSC57M210320171051_w000_0.0s.wav,data/processed/features_10s/train/ehc_LISCO_G/B2GLIIUSSC57M210320171051_w000_0.0s.npy,ehc_LISCO_G,ipvs,syllable_repetition,0,train,0.0,0.0
data/processed/audio_10s/train/ehc_LISCO_G/B2GLIIUSSC57M210320171051_w001_5.0s.wav,data/processed/features_10s/train/ehc_LISCO_G/B2GLIIUSSC57M210320171051_w001_5.0s.npy,ehc_LISCO_G,ipvs,syllable_repetition,0,train,5.0,0.0
data/processed/audio_10s/train/ehc_LISCO_G/B2GLIIUSSC57M210320171051_w002_10.0s.wav,data/processed/features_10s/train/ehc_LISCO_G/B2GLIIUSSC57M210320171051_w002_10.0s.npy,ehc_LISCO_G,ipvs,syllable_repetition,0,train,10.0,0.0
data/processed/audio_10s/train/ehc_LISCO_G/B2GLIIUSSC57M210320171051_w003_15.0s.wav,data/processed/features_10s/train/ehc_LISCO_G/B2GLIIUSSC57M210320171051_w003_15.0s.npy,ehc_LISCO_G,ipvs,syllable_repetition,0,train,15.0,0.0
data/processed/audio_10s/train/ehc_LISCO_G/B2GLIIUSSC57M210320171051_w004_20.0s.wav,data/processed/features_10s/train/ehc_LISCO_G/B2GLIIUSSC57M210320171051_w004_20.0s.npy,ehc_LISCO_G,ipvs,syllable_repetition,0,train,20.0,0.0
data/processed/audio_10s/train/ehc_LISCO_G/B2GLIIUSSC57M210320171051_w005_25.0s.wav,data/processed/features_10s/train/ehc_LISCO_G/B2GLIIUSSC57M210320171051_w005_25.0s.npy,ehc_LISCO_G,ipvs,syllable_repetition,0,train,25.0,0.0
data/processed/audio_10s/train/ehc_LISCO_G/B2GLIIUSSC57M210320171051_w006_30.0s.wav,data/processed/features_10s/train/ehc_LISCO_G/B2GLIIUSSC57M210320171051_w006_30.0s.npy,ehc_LISCO_G,ipvs,syllable_repetition,0,train,30.0,0.0
data/processed/audio_10s/train/ehc_LISCO_G/B2GLIIUSSC57M210320171051_w007_35.0s.wav,data/processed/features_10s/train/ehc_LISCO_G/B2GLIIUSSC57M210320171051_w007_35.0s.npy,ehc_LISCO_G,ipvs,syllable_repetition,0,train,35.0,0.0
data/processed/audio_10s/train/ehc_LISCO_G/B2GLIIUSSC57M210320171051_w008_40.0s.wav,data/processed/features_10s/train/ehc_LISCO_G/B2GLIIUSSC57M210320171051_w008_40.0s.npy,ehc_LISCO_G,ipvs,syllable_repetition,0,train,40.0,0.0
data/processed/audio_10s/train/ehc_LISCO_G/FB1GLIIUSSC57M210320171058_w000_0.0s.wav,data/processed/features_10s/train/ehc_LISCO_G/FB1GLIIUSSC57M210320171058_w000_0.0s.npy,ehc_LISCO_G,ipvs,syllable_repetition,0,train,0.0,0.0
data/processed/audio_10s/train/ehc_LISCO_G/FB1GLIIUSSC57M210320171058_w001_5.0s.wav,data/processed/features_10s/train/ehc_LISCO_G/FB1GLIIUSSC57M210320171058_w001_5.0s.npy,ehc_LISCO_G,ipvs,syllable_repetition,0,train,5.0,0.0
data/processed/audio_10s/train/ehc_LISCO_G/FB1GLIIUSSC57M210320171058_w002_10.0s.wav,data/processed/features_10s/train/ehc_LISCO_G/FB1GLIIUSSC57M210320171058_w002_10.0s.npy,ehc_LISCO_G,ipvs,syllable_repetition,0,train,10.0,0.0
data/processed/audio_10s/train/ehc_LISCO_G/PR1GLIIUSSC57M210320171057_w000_0.0s.wav,data/processed/features_10s/train/ehc_LISCO_G/PR1GLIIUSSC57M210320171057_w000_0.0s.npy,ehc_LISCO_G,ipvs,reading_passage,0,train,0.0,0.0
data/processed/audio_10s/train/ehc_LISCO_G/PR1GLIIUSSC57M210320171057_w001_5.0s.wav,data/processed/features_10s/train/ehc_LISCO_G/PR1GLIIUSSC57M210320171057_w001_5.0s.npy,ehc_LISCO_G,ipvs,reading_passage,0,train,5.0,0.0
data/processed/audio_10s/train/ehc_LISCO_G/PR1GLIIUSSC57M210320171057_w002_10.0s.wav,data/processed/features_10s/train/ehc_LISCO_G/PR1GLIIUSSC57M210320171057_w002_10.0s.npy,ehc_LISCO_G,ipvs,reading_passage,0,train,10.0,0.0
data/processed/audio_10s/train/ehc_LISCO_G/PR1GLIIUSSC57M210320171057_w003_15.0s.wav,data/processed/features_10s/train/ehc_LISCO_G/PR1GLIIUSSC57M210320171057_w003_15.0s.npy,ehc_LISCO_G,ipvs,reading_passage,0,train,15.0,0.0
data/processed/audio_10s/train/ehc_LISCO_G/PR1GLIIUSSC57M210320171057_w004_20.0s.wav,data/processed/features_10s/train/ehc_LISCO_G/PR1GLIIUSSC57M210320171057_w004_20.0s.npy,ehc_LISCO_G,ipvs,reading_passage,0,train,20.0,0.0
data/processed/audio_10s/train/ehc_LISCO_G/PR1GLIIUSSC57M210320171057_w005_25.0s.wav,data/processed/features_10s/train/ehc_LISCO_G/PR1GLIIUSSC57M210320171057_w005_25.0s.npy,ehc_LISCO_G,ipvs,reading_passage,0,train,25.0,0.0
data/processed/audio_10s/train/ehc_LISCO_G/VA1GLIIUSSC57M210320171052_w000_0.0s.wav,data/processed/features_10s/train/ehc_LISCO_G/VA1GLIIUSSC57M210320171052_w000_0.0s.npy,ehc_LISCO_G,ipvs,vowel_sustain,0,train,0.0,0.0
data/processed/audio_10s/train/ehc_LISCO_G/VA1GLIIUSSC57M210320171052_w001_5.0s.wav,data/processed/features_10s/train/ehc_LISCO_G/VA1GLIIUSSC57M210320171052_w001_5.0s.npy,ehc_LISCO_G,ipvs,vowel_sustain,0,train,5.0,0.0
data/processed/audio_10s/train/ehc_LISCO_G/VE1GLIIUSSC57M210320171053_w000_0.0s.wav,data/processed/features_10s/train/ehc_LISCO_G/VE1GLIIUSSC57M210320171053_w000_0.0s.npy,ehc_LISCO_G,ipvs,vowel_sustain,0,train,0.0,0.0
data/processed/audio_10s/train/ehc_LISCO_G/VE1GLIIUSSC57M210320171053_w001_5.0s.wav,data/processed/features_10s/train/ehc_LISCO_G/VE1GLIIUSSC57M210320171053_w001_5.0s.npy,ehc_LISCO_G,ipvs,vowel_sustain,0,train,5.0,0.0
data/processed/audio_10s/train/ehc_LISCO_G/VE1GLIIUSSC57M210320171053_w002_10.0s.wav,data/processed/features_10s/train/ehc_LISCO_G/VE1GLIIUSSC57M210320171053_w002_10.0s.npy,ehc_LISCO_G,ipvs,vowel_sustain,0,train,10.0,0.0
data/processed/audio_10s/train/ehc_LISCO_G/VI1GLIIUSSC57M210320171054_w000_0.0s.wav,data/processed/features_10s/train/ehc_LISCO_G/VI1GLIIUSSC57M210320171054_w000_0.0s.npy,ehc_LISCO_G,ipvs,vowel_sustain,0,train,0.0,0.0
data/processed/audio_10s/train/ehc_LISCO_G/VO1GLIIUSSC57M210320171055_w000_0.0s.wav,data/processed/features_10s/train/ehc_LISCO_G/VO1GLIIUSSC57M210320171055_w000_0.0s.npy,ehc_LISCO_G,ipvs,vowel_sustain,0,train,0.0,0.0
data/processed/audio_10s/train/ehc_LISCO_G/VU1GLIIUSSC57M210320171055_w000_0.0s.wav,data/processed/features_10s/train/ehc_LISCO_G/VU1GLIIUSSC57M210320171055_w000_0.0s.npy,ehc_LISCO_G,ipvs,vowel_sustain,0,train,0.0,0.0
data/processed/audio_10s/train/ehc_LISCO_G/VU1GLIIUSSC57M210320171055_w001_5.0s.wav,data/processed/features_10s/train/ehc_LISCO_G/VU1GLIIUSSC57M210320171055_w001_5.0s.npy,ehc_LISCO_G,ipvs,vowel_sustain,0,train,5.0,0.0
data/processed/audio_10s/train/ehc_LUIGI_P/B1LPUUITGI41M230320171109_w000_0.0s.wav,data/processed/features_10s/train/ehc_LUIGI_P/B1LPUUITGI41M230320171109_w000_0.0s.npy,ehc_LUIGI_P,ipvs,syllable_repetition,0,train,0.0,0.0
data/processed/audio_10s/train/ehc_LUIGI_P/B1LPUUITGI41M230320171109_w001_5.0s.wav,data/processed/features_10s/train/ehc_LUIGI_P/B1LPUUITGI41M230320171109_w001_5.0s.npy,ehc_LUIGI_P,ipvs,syllable_repetition,0,train,5.0,0.0
data/processed/audio_10s/train/ehc_LUIGI_P/B1LPUUITGI41M230320171109_w002_10.0s.wav,data/processed/features_10s/train/ehc_LUIGI_P/B1LPUUITGI41M230320171109_w002_10.0s.npy,ehc_LUIGI_P,ipvs,syllable_repetition,0,train,10.0,0.0
data/processed/audio_10s/train/ehc_LUIGI_P/B1LPUUITGI41M230320171109_w003_15.0s.wav,data/processed/features_10s/train/ehc_LUIGI_P/B1LPUUITGI41M230320171109_w003_15.0s.npy,ehc_LUIGI_P,ipvs,syllable_repetition,0,train,15.0,0.0
data/processed/audio_10s/train/ehc_LUIGI_P/B1LPUUITGI41M230320171109_w004_20.0s.wav,data/processed/features_10s/train/ehc_LUIGI_P/B1LPUUITGI41M230320171109_w004_20.0s.npy,ehc_LUIGI_P,ipvs,syllable_repetition,0,train,20.0,0.0
data/processed/audio_10s/train/ehc_LUIGI_P/B1LPUUITGI41M230320171109_w005_25.0s.wav,data/processed/features_10s/train/ehc_LUIGI_P/B1LPUUITGI41M230320171109_w005_25.0s.npy,ehc_LUIGI_P,ipvs,syllable_repetition,0,train,25.0,0.0
data/processed/audio_10s/train/ehc_LUIGI_P/B1LPUUITGI41M230320171109_w006_30.0s.wav,data/processed/features_10s/train/ehc_LUIGI_P/B1LPUUITGI41M230320171109_w006_30.0s.npy,ehc_LUIGI_P,ipvs,syllable_repetition,0,train,30.0,0.0
data/processed/audio_10s/train/ehc_LUIGI_P/B1LPUUITGI41M230320171109_w007_35.0s.wav,data/processed/features_10s/train/ehc_LUIGI_P/B1LPUUITGI41M230320171109_w007_35.0s.npy,ehc_LUIGI_P,ipvs,syllable_repetition,0,train,35.0,0.0
data/processed/audio_10s/train/ehc_LUIGI_P/B1LPUUITGI41M230320171109_w008_40.0s.wav,data/processed/features_10s/train/ehc_LUIGI_P/B1LPUUITGI41M230320171109_w008_40.0s.npy,ehc_LUIGI_P,ipvs,syllable_repetition,0,train,40.0,0.0
data/processed/audio_10s/train/ehc_LUIGI_P/B1LPUUITGI41M230320171109_w009_45.0s.wav,data/processed/features_10s/train/ehc_LUIGI_P/B1LPUUITGI41M230320171109_w009_45.0s.npy,ehc_LUIGI_P,ipvs,syllable_repetition,0,train,45.0,0.0
data/processed/audio_10s/train/ehc_LUIGI_P/B2LPUUITGI41M230320171110_w000_0.0s.wav,data/processed/features_10s/train/ehc_LUIGI_P/B2LPUUITGI41M230320171110_w000_0.0s.npy,ehc_LUIGI_P,ipvs,syllable_repetition,0,train,0.0,0.0
data/processed/audio_10s/train/ehc_LUIGI_P/B2LPUUITGI41M230320171110_w001_5.0s.wav,data/processed/features_10s/train/ehc_LUIGI_P/B2LPUUITGI41M230320171110_w001_5.0s.npy,ehc_LUIGI_P,ipvs,syllable_repetition,0,train,5.0,0.0
data/processed/audio_10s/train/ehc_LUIGI_P/B2LPUUITGI41M230320171110_w002_10.0s.wav,data/processed/features_10s/train/ehc_LUIGI_P/B2LPUUITGI41M230320171110_w002_10.0s.npy,ehc_LUIGI_P,ipvs,syllable_repetition,0,train,10.0,0.0
data/processed/audio_10s/train/ehc_LUIGI_P/B2LPUUITGI41M230320171110_w003_15.0s.wav,data/processed/features_10s/train/ehc_LUIGI_P/B2LPUUITGI41M230320171110_w003_15.0s.npy,ehc_LUIGI_P,ipvs,syllable_repetition,0,train,15.0,0.0
data/processed/audio_10s/train/ehc_LUIGI_P/B2LPUUITGI41M230320171110_w004_20.0s.wav,data/processed/features_10s/train/ehc_LUIGI_P/B2LPUUITGI41M230320171110_w004_20.0s.npy,ehc_LUIGI_P,ipvs,syllable_repetition,0,train,20.0,0.0
data/processed/audio_10s/train/ehc_LUIGI_P/B2LPUUITGI41M230320171110_w005_25.0s.wav,data/processed/features_10s/train/ehc_LUIGI_P/B2LPUUITGI41M230320171110_w005_25.0s.npy,ehc_LUIGI_P,ipvs,syllable_repetition,0,train,25.0,0.0
data/processed/audio_10s/train/ehc_LUIGI_P/B2LPUUITGI41M230320171110_w006_30.0s.wav,data/processed/features_10s/train/ehc_LUIGI_P/B2LPUUITGI41M230320171110_w006_30.0s.npy,ehc_LUIGI_P,ipvs,syllable_repetition,0,train,30.0,0.0
data/processed/audio_10s/train/ehc_LUIGI_P/B2LPUUITGI41M230320171110_w007_35.0s.wav,data/processed/features_10s/train/ehc_LUIGI_P/B2LPUUITGI41M230320171110_w007_35.0s.npy,ehc_LUIGI_P,ipvs,syllable_repetition,0,train,35.0,0.0
data/processed/audio_10s/train/ehc_LUIGI_P/B2LPUUITGI41M230320171110_w008_40.0s.wav,data/processed/features_10s/train/ehc_LUIGI_P/B2LPUUITGI41M230320171110_w008_40.0s.npy,ehc_LUIGI_P,ipvs,syllable_repetition,0,train,40.0,0.0
data/processed/audio_10s/train/ehc_LUIGI_P/FB1LPUUITGI41M230320171116_w000_0.0s.wav,data/processed/features_10s/train/ehc_LUIGI_P/FB1LPUUITGI41M230320171116_w000_0.0s.npy,ehc_LUIGI_P,ipvs,syllable_repetition,0,train,0.0,0.0
data/processed/audio_10s/train/ehc_LUIGI_P/FB1LPUUITGI41M230320171116_w001_5.0s.wav,data/processed/features_10s/train/ehc_LUIGI_P/FB1LPUUITGI41M230320171116_w001_5.0s.npy,ehc_LUIGI_P,ipvs,syllable_repetition,0,train,5.0,0.0
data/processed/audio_10s/train/ehc_LUIGI_P/FB1LPUUITGI41M230320171116_w002_10.0s.wav,data/processed/features_10s/train/ehc_LUIGI_P/FB1LPUUITGI41M230320171116_w002_10.0s.npy,ehc_LUIGI_P,ipvs,syllable_repetition,0,train,10.0,0.0
data/processed/audio_10s/train/ehc_LUIGI_P/FB1LPUUITGI41M230320171116_w003_15.0s.wav,data/processed/features_10s/train/ehc_LUIGI_P/FB1LPUUITGI41M230320171116_w003_15.0s.npy,ehc_LUIGI_P,ipvs,syllable_repetition,0,train,15.0,0.0
data/processed/audio_10s/train/ehc_LUIGI_P/PR1LPUUITGI41M230320171115_w000_0.0s.wav,data/processed/features_10s/train/ehc_LUIGI_P/PR1LPUUITGI41M230320171115_w000_0.0s.npy,ehc_LUIGI_P,ipvs,reading_passage,0,train,0.0,0.0
data/processed/audio_10s/train/ehc_LUIGI_P/PR1LPUUITGI41M230320171115_w001_5.0s.wav,data/processed/features_10s/train/ehc_LUIGI_P/PR1LPUUITGI41M230320171115_w001_5.0s.npy,ehc_LUIGI_P,ipvs,reading_passage,0,train,5.0,0.0
data/processed/audio_10s/train/ehc_LUIGI_P/PR1LPUUITGI41M230320171115_w002_10.0s.wav,data/processed/features_10s/train/ehc_LUIGI_P/PR1LPUUITGI41M230320171115_w002_10.0s.npy,ehc_LUIGI_P,ipvs,reading_passage,0,train,10.0,0.0
data/processed/audio_10s/train/ehc_LUIGI_P/PR1LPUUITGI41M230320171115_w003_15.0s.wav,data/processed/features_10s/train/ehc_LUIGI_P/PR1LPUUITGI41M230320171115_w003_15.0s.npy,ehc_LUIGI_P,ipvs,reading_passage,0,train,15.0,0.0
data/processed/audio_10s/train/ehc_LUIGI_P/PR1LPUUITGI41M230320171115_w004_20.0s.wav,data/processed/features_10s/train/ehc_LUIGI_P/PR1LPUUITGI41M230320171115_w004_20.0s.npy,ehc_LUIGI_P,ipvs,reading_passage,0,train,20.0,0.0
data/processed/audio_10s/train/ehc_LUIGI_P/PR1LPUUITGI41M230320171115_w005_25.0s.wav,data/processed/features_10s/train/ehc_LUIGI_P/PR1LPUUITGI41M230320171115_w005_25.0s.npy,ehc_LUIGI_P,ipvs,reading_passage,0,train,25.0,0.0
data/processed/audio_10s/train/ehc_LUIGI_P/PR1LPUUITGI41M230320171115_w006_30.0s.wav,data/processed/features_10s/train/ehc_LUIGI_P/PR1LPUUITGI41M230320171115_w006_30.0s.npy,ehc_LUIGI_P,ipvs,reading_passage,0,train,30.0,0.0
data/processed/audio_10s/train/ehc_LUIGI_P/PR1LPUUITGI41M230320171115_w007_35.0s.wav,data/processed/features_10s/train/ehc_LUIGI_P/PR1LPUUITGI41M230320171115_w007_35.0s.npy,ehc_LUIGI_P,ipvs,reading_passage,0,train,35.0,0.0
data/processed/audio_10s/train/ehc_LUIGI_P/VE1LPUUITGI41M230320171112_w000_0.0s.wav,data/processed/features_10s/train/ehc_LUIGI_P/VE1LPUUITGI41M230320171112_w000_0.0s.npy,ehc_LUIGI_P,ipvs,vowel_sustain,0,train,0.0,0.0
data/processed/audio_10s/train/ehc_LUIGI_P/VI1LPUUITGI41M230320171113_w000_0.0s.wav,data/processed/features_10s/train/ehc_LUIGI_P/VI1LPUUITGI41M230320171113_w000_0.0s.npy,ehc_LUIGI_P,ipvs,vowel_sustain,0,train,0.0,0.0
data/processed/audio_10s/train/ehc_LUIGI_P/VO1LPUUITGI41M230320171113_w000_0.0s.wav,data/processed/features_10s/train/ehc_LUIGI_P/VO1LPUUITGI41M230320171113_w000_0.0s.npy,ehc_LUIGI_P,ipvs,vowel_sustain,0,train,0.0,0.0
data/processed/audio_10s/train/ehc_LUIGI_P/VU1LPUUITGI41M230320171114_w000_0.0s.wav,data/processed/features_10s/train/ehc_LUIGI_P/VU1LPUUITGI41M230320171114_w000_0.0s.npy,ehc_LUIGI_P,ipvs,vowel_sustain,0,train,0.0,0.1968
data/processed/audio_10s/train/ehc_MARIACRISTINA_P/B1MPAERRIR56F300320171143_w000_0.0s.wav,data/processed/features_10s/train/ehc_MARIACRISTINA_P/B1MPAERRIR56F300320171143_w000_0.0s.npy,ehc_MARIACRISTINA_P,ipvs,syllable_repetition,0,train,0.0,0.0
data/processed/audio_10s/train/ehc_MARIACRISTINA_P/B1MPAERRIR56F300320171143_w001_5.0s.wav,data/processed/features_10s/train/ehc_MARIACRISTINA_P/B1MPAERRIR56F300320171143_w001_5.0s.npy,ehc_MARIACRISTINA_P,ipvs,syllable_repetition,0,train,5.0,0.0
data/processed/audio_10s/train/ehc_MARIACRISTINA_P/B1MPAERRIR56F300320171143_w002_10.0s.wav,data/processed/features_10s/train/ehc_MARIACRISTINA_P/B1MPAERRIR56F300320171143_w002_10.0s.npy,ehc_MARIACRISTINA_P,ipvs,syllable_repetition,0,train,10.0,0.0
data/processed/audio_10s/train/ehc_MARIACRISTINA_P/B1MPAERRIR56F300320171143_w003_15.0s.wav,data/processed/features_10s/train/ehc_MARIACRISTINA_P/B1MPAERRIR56F300320171143_w003_15.0s.npy,ehc_MARIACRISTINA_P,ipvs,syllable_repetition,0,train,15.0,0.0
data/processed/audio_10s/train/ehc_MARIACRISTINA_P/B1MPAERRIR56F300320171143_w004_20.0s.wav,data/processed/features_10s/train/ehc_MARIACRISTINA_P/B1MPAERRIR56F300320171143_w004_20.0s.npy,ehc_MARIACRISTINA_P,ipvs,syllable_repetition,0,train,20.0,0.0
data/processed/audio_10s/train/ehc_MARIACRISTINA_P/B1MPAERRIR56F300320171143_w005_25.0s.wav,data/processed/features_10s/train/ehc_MARIACRISTINA_P/B1MPAERRIR56F300320171143_w005_25.0s.npy,ehc_MARIACRISTINA_P,ipvs,syllable_repetition,0,train,25.0,0.0
data/processed/audio_10s/train/ehc_MARIACRISTINA_P/B1MPAERRIR56F300320171143_w006_30.0s.wav,data/processed/features_10s/train/ehc_MARIACRISTINA_P/B1MPAERRIR56F300320171143_w006_30.0s.npy,ehc_MARIACRISTINA_P,ipvs,syllable_repetition,0,train,30.0,0.0
data/processed/audio_10s/train/ehc_MARIACRISTINA_P/B1MPAERRIR56F300320171143_w007_35.0s.wav,data/processed/features_10s/train/ehc_MARIACRISTINA_P/B1MPAERRIR56F300320171143_w007_35.0s.npy,ehc_MARIACRISTINA_P,ipvs,syllable_repetition,0,train,35.0,0.0
data/processed/audio_10s/train/ehc_MARIACRISTINA_P/B1MPAERRIR56F300320171143_w008_40.0s.wav,data/processed/features_10s/train/ehc_MARIACRISTINA_P/B1MPAERRIR56F300320171143_w008_40.0s.npy,ehc_MARIACRISTINA_P,ipvs,syllable_repetition,0,train,40.0,0.0
data/processed/audio_10s/train/ehc_MARIACRISTINA_P/B1MPAERRIR56F300320171143_w009_45.0s.wav,data/processed/features_10s/train/ehc_MARIACRISTINA_P/B1MPAERRIR56F300320171143_w009_45.0s.npy,ehc_MARIACRISTINA_P,ipvs,syllable_repetition,0,train,45.0,0.0
data/processed/audio_10s/train/ehc_MARIACRISTINA_P/B2MPAERRIR56F300320171145_w000_0.0s.wav,data/processed/features_10s/train/ehc_MARIACRISTINA_P/B2MPAERRIR56F300320171145_w000_0.0s.npy,ehc_MARIACRISTINA_P,ipvs,syllable_repetition,0,train,0.0,0.0
data/processed/audio_10s/train/ehc_MARIACRISTINA_P/B2MPAERRIR56F300320171145_w001_5.0s.wav,data/processed/features_10s/train/ehc_MARIACRISTINA_P/B2MPAERRIR56F300320171145_w001_5.0s.npy,ehc_MARIACRISTINA_P,ipvs,syllable_repetition,0,train,5.0,0.0
data/processed/audio_10s/train/ehc_MARIACRISTINA_P/B2MPAERRIR56F300320171145_w002_10.0s.wav,data/processed/features_10s/train/ehc_MARIACRISTINA_P/B2MPAERRIR56F300320171145_w002_10.0s.npy,ehc_MARIACRISTINA_P,ipvs,syllable_repetition,0,train,10.0,0.0
data/processed/audio_10s/train/ehc_MARIACRISTINA_P/B2MPAERRIR56F300320171145_w003_15.0s.wav,data/processed/features_10s/train/ehc_MARIACRISTINA_P/B2MPAERRIR56F300320171145_w003_15.0s.npy,ehc_MARIACRISTINA_P,ipvs,syllable_repetition,0,train,15.0,0.0
data/processed/audio_10s/train/ehc_MARIACRISTINA_P/B2MPAERRIR56F300320171145_w004_20.0s.wav,data/processed/features_10s/train/ehc_MARIACRISTINA_P/B2MPAERRIR56F300320171145_w004_20.0s.npy,ehc_MARIACRISTINA_P,ipvs,syllable_repetition,0,train,20.0,0.0
data/processed/audio_10s/train/ehc_MARIACRISTINA_P/B2MPAERRIR56F300320171145_w005_25.0s.wav,data/processed/features_10s/train/ehc_MARIACRISTINA_P/B2MPAERRIR56F300320171145_w005_25.0s.npy,ehc_MARIACRISTINA_P,ipvs,syllable_repetition,0,train,25.0,0.0
data/processed/audio_10s/train/ehc_MARIACRISTINA_P/B2MPAERRIR56F300320171145_w006_30.0s.wav,data/processed/features_10s/train/ehc_MARIACRISTINA_P/B2MPAERRIR56F300320171145_w006_30.0s.npy,ehc_MARIACRISTINA_P,ipvs,syllable_repetition,0,train,30.0,0.0
data/processed/audio_10s/train/ehc_MARIACRISTINA_P/B2MPAERRIR56F300320171145_w007_35.0s.wav,data/processed/features_10s/train/ehc_MARIACRISTINA_P/B2MPAERRIR56F300320171145_w007_35.0s.npy,ehc_MARIACRISTINA_P,ipvs,syllable_repetition,0,train,35.0,0.0
data/processed/audio_10s/train/ehc_MARIACRISTINA_P/B2MPAERRIR56F300320171145_w008_40.0s.wav,data/processed/features_10s/train/ehc_MARIACRISTINA_P/B2MPAERRIR56F300320171145_w008_40.0s.npy,ehc_MARIACRISTINA_P,ipvs,syllable_repetition,0,train,40.0,0.0
data/processed/audio_10s/train/ehc_MARIACRISTINA_P/FB1MPAERRIR56F300320171151_w000_0.0s.wav,data/processed/features_10s/train/ehc_MARIACRISTINA_P/FB1MPAERRIR56F300320171151_w000_0.0s.npy,ehc_MARIACRISTINA_P,ipvs,syllable_repetition,0,train,0.0,0.0
data/processed/audio_10s/train/ehc_MARIACRISTINA_P/FB1MPAERRIR56F300320171151_w001_5.0s.wav,data/processed/features_10s/train/ehc_MARIACRISTINA_P/FB1MPAERRIR56F300320171151_w001_5.0s.npy,ehc_MARIACRISTINA_P,ipvs,syllable_repetition,0,train,5.0,0.0
data/processed/audio_10s/train/ehc_MARIACRISTINA_P/FB1MPAERRIR56F300320171151_w002_10.0s.wav,data/processed/features_10s/train/ehc_MARIACRISTINA_P/FB1MPAERRIR56F300320171151_w002_10.0s.npy,ehc_MARIACRISTINA_P,ipvs,syllable_repetition,0,train,10.0,0.0
data/processed/audio_10s/train/ehc_MARIACRISTINA_P/FB1MPAERRIR56F300320171151_w003_15.0s.wav,data/processed/features_10s/train/ehc_MARIACRISTINA_P/FB1MPAERRIR56F300320171151_w003_15.0s.npy,ehc_MARIACRISTINA_P,ipvs,syllable_repetition,0,train,15.0,0.0
data/processed/audio_10s/train/ehc_MARIACRISTINA_P/PR1MPAERRIR56F300320171150_w000_0.0s.wav,data/processed/features_10s/train/ehc_MARIACRISTINA_P/PR1MPAERRIR56F300320171150_w000_0.0s.npy,ehc_MARIACRISTINA_P,ipvs,reading_passage,0,train,0.0,0.0
data/processed/audio_10s/train/ehc_MARIACRISTINA_P/PR1MPAERRIR56F300320171150_w001_5.0s.wav,data/processed/features_10s/train/ehc_MARIACRISTINA_P/PR1MPAERRIR56F300320171150_w001_5.0s.npy,ehc_MARIACRISTINA_P,ipvs,reading_passage,0,train,5.0,0.0
data/processed/audio_10s/train/ehc_MARIACRISTINA_P/PR1MPAERRIR56F300320171150_w002_10.0s.wav,data/processed/features_10s/train/ehc_MARIACRISTINA_P/PR1MPAERRIR56F300320171150_w002_10.0s.npy,ehc_MARIACRISTINA_P,ipvs,reading_passage,0,train,10.0,0.0
data/processed/audio_10s/train/ehc_MARIACRISTINA_P/PR1MPAERRIR56F300320171150_w003_15.0s.wav,data/processed/features_10s/train/ehc_MARIACRISTINA_P/PR1MPAERRIR56F300320171150_w003_15.0s.npy,ehc_MARIACRISTINA_P,ipvs,reading_passage,0,train,15.0,0.0
data/processed/audio_10s/train/ehc_MARIACRISTINA_P/PR1MPAERRIR56F300320171150_w004_20.0s.wav,data/processed/features_10s/train/ehc_MARIACRISTINA_P/PR1MPAERRIR56F300320171150_w004_20.0s.npy,ehc_MARIACRISTINA_P,ipvs,reading_passage,0,train,20.0,0.0
data/processed/audio_10s/train/ehc_MARIACRISTINA_P/PR1MPAERRIR56F300320171150_w005_25.0s.wav,data/processed/features_10s/train/ehc_MARIACRISTINA_P/PR1MPAERRIR56F300320171150_w005_25.0s.npy,ehc_MARIACRISTINA_P,ipvs,reading_passage,0,train,25.0,0.0
data/processed/audio_10s/train/ehc_MARIACRISTINA_P/PR1MPAERRIR56F300320171150_w006_30.0s.wav,data/processed/features_10s/train/ehc_MARIACRISTINA_P/PR1MPAERRIR56F300320171150_w006_30.0s.npy,ehc_MARIACRISTINA_P,ipvs,reading_passage,0,train,30.0,0.0
data/processed/audio_10s/train/ehc_MARIACRISTINA_P/PR1MPAERRIR56F300320171150_w007_35.0s.wav,data/processed/features_10s/train/ehc_MARIACRISTINA_P/PR1MPAERRIR56F300320171150_w007_35.0s.npy,ehc_MARIACRISTINA_P,ipvs,reading_passage,0,train,35.0,0.0
data/processed/audio_10s/train/ehc_MARIACRISTINA_P/PR1MPAERRIR56F300320171150_w008_40.0s.wav,data/processed/features_10s/train/ehc_MARIACRISTINA_P/PR1MPAERRIR56F300320171150_w008_40.0s.npy,ehc_MARIACRISTINA_P,ipvs,reading_passage,0,train,40.0,0.0
data/processed/audio_10s/train/ehc_MARIACRISTINA_P/PR1MPAERRIR56F300320171150_w009_45.0s.wav,data/processed/features_10s/train/ehc_MARIACRISTINA_P/PR1MPAERRIR56F300320171150_w009_45.0s.npy,ehc_MARIACRISTINA_P,ipvs,reading_passage,0,train,45.0,0.0
data/processed/audio_10s/train/ehc_MARIACRISTINA_P/VE1MPAERRIR56F300320171147_w000_0.0s.wav,data/processed/features_10s/train/ehc_MARIACRISTINA_P/VE1MPAERRIR56F300320171147_w000_0.0s.npy,ehc_MARIACRISTINA_P,ipvs,vowel_sustain,0,train,0.0,0.0
data/processed/audio_10s/train/ehc_MARIACRISTINA_P/VI1MPAERRIR56F300320171147_w000_0.0s.wav,data/processed/features_10s/train/ehc_MARIACRISTINA_P/VI1MPAERRIR56F300320171147_w000_0.0s.npy,ehc_MARIACRISTINA_P,ipvs,vowel_sustain,0,train,0.0,0.0
data/processed/audio_10s/train/ehc_MARIACRISTINA_P/VO1MPAERRIR56F300320171148_w000_0.0s.wav,data/processed/features_10s/train/ehc_MARIACRISTINA_P/VO1MPAERRIR56F300320171148_w000_0.0s.npy,ehc_MARIACRISTINA_P,ipvs,vowel_sustain,0,train,0.0,0.0
data/processed/audio_10s/train/ehc_MARIACRISTINA_P/VU1MPAERRIR56F300320171149_w000_0.0s.wav,data/processed/features_10s/train/ehc_MARIACRISTINA_P/VU1MPAERRIR56F300320171149_w000_0.0s.npy,ehc_MARIACRISTINA_P,ipvs,vowel_sustain,0,train,0.0,0.0
data/processed/audio_10s/train/ehc_MARIACRISTINA_P/VU1MPAERRIR56F300320171149_w001_5.0s.wav,data/processed/features_10s/train/ehc_MARIACRISTINA_P/VU1MPAERRIR56F300320171149_w001_5.0s.npy,ehc_MARIACRISTINA_P,ipvs,vowel_sustain,0,train,5.0,0.0
data/processed/audio_10s/test/ehc_MICHELE_G/B1MGIACTHT49M210320170848_w000_0.0s.wav,data/processed/features_10s/test/ehc_MICHELE_G/B1MGIACTHT49M210320170848_w000_0.0s.npy,ehc_MICHELE_G,ipvs,syllable_repetition,0,test,0.0,0.0
data/processed/audio_10s/test/ehc_MICHELE_G/B1MGIACTHT49M210320170848_w001_5.0s.wav,data/processed/features_10s/test/ehc_MICHELE_G/B1MGIACTHT49M210320170848_w001_5.0s.npy,ehc_MICHELE_G,ipvs,syllable_repetition,0,test,5.0,0.0
data/processed/audio_10s/test/ehc_MICHELE_G/B1MGIACTHT49M210320170848_w002_10.0s.wav,data/processed/features_10s/test/ehc_MICHELE_G/B1MGIACTHT49M210320170848_w002_10.0s.npy,ehc_MICHELE_G,ipvs,syllable_repetition,0,test,10.0,0.0
data/processed/audio_10s/test/ehc_MICHELE_G/B1MGIACTHT49M210320170848_w003_15.0s.wav,data/processed/features_10s/test/ehc_MICHELE_G/B1MGIACTHT49M210320170848_w003_15.0s.npy,ehc_MICHELE_G,ipvs,syllable_repetition,0,test,15.0,0.0
data/processed/audio_10s/test/ehc_MICHELE_G/B1MGIACTHT49M210320170848_w004_20.0s.wav,data/processed/features_10s/test/ehc_MICHELE_G/B1MGIACTHT49M210320170848_w004_20.0s.npy,ehc_MICHELE_G,ipvs,syllable_repetition,0,test,20.0,0.0
data/processed/audio_10s/test/ehc_MICHELE_G/B1MGIACTHT49M210320170848_w005_25.0s.wav,data/processed/features_10s/test/ehc_MICHELE_G/B1MGIACTHT49M210320170848_w005_25.0s.npy,ehc_MICHELE_G,ipvs,syllable_repetition,0,test,25.0,0.0
data/processed/audio_10s/test/ehc_MICHELE_G/B1MGIACTHT49M210320170848_w006_30.0s.wav,data/processed/features_10s/test/ehc_MICHELE_G/B1MGIACTHT49M210320170848_w006_30.0s.npy,ehc_MICHELE_G,ipvs,syllable_repetition,0,test,30.0,0.0
data/processed/audio_10s/test/ehc_MICHELE_G/B1MGIACTHT49M210320170848_w007_35.0s.wav,data/processed/features_10s/test/ehc_MICHELE_G/B1MGIACTHT49M210320170848_w007_35.0s.npy,ehc_MICHELE_G,ipvs,syllable_repetition,0,test,35.0,0.0
data/processed/audio_10s/test/ehc_MICHELE_G/B1MGIACTHT49M210320170848_w008_40.0s.wav,data/processed/features_10s/test/ehc_MICHELE_G/B1MGIACTHT49M210320170848_w008_40.0s.npy,ehc_MICHELE_G,ipvs,syllable_repetition,0,test,40.0,0.0
data/processed/audio_10s/test/ehc_MICHELE_G/B1MGIACTHT49M210320170848_w009_45.0s.wav,data/processed/features_10s/test/ehc_MICHELE_G/B1MGIACTHT49M210320170848_w009_45.0s.npy,ehc_MICHELE_G,ipvs,syllable_repetition,0,test,45.0,0.0
data/processed/audio_10s/test/ehc_MICHELE_G/B2MGIACTHT49M210320170850_w000_0.0s.wav,data/processed/features_10s/test/ehc_MICHELE_G/B2MGIACTHT49M210320170850_w000_0.0s.npy,ehc_MICHELE_G,ipvs,syllable_repetition,0,test,0.0,0.0
data/processed/audio_10s/test/ehc_MICHELE_G/B2MGIACTHT49M210320170850_w001_5.0s.wav,data/processed/features_10s/test/ehc_MICHELE_G/B2MGIACTHT49M210320170850_w001_5.0s.npy,ehc_MICHELE_G,ipvs,syllable_repetition,0,test,5.0,0.0
data/processed/audio_10s/test/ehc_MICHELE_G/B2MGIACTHT49M210320170850_w002_10.0s.wav,data/processed/features_10s/test/ehc_MICHELE_G/B2MGIACTHT49M210320170850_w002_10.0s.npy,ehc_MICHELE_G,ipvs,syllable_repetition,0,test,10.0,0.0
data/processed/audio_10s/test/ehc_MICHELE_G/B2MGIACTHT49M210320170850_w003_15.0s.wav,data/processed/features_10s/test/ehc_MICHELE_G/B2MGIACTHT49M210320170850_w003_15.0s.npy,ehc_MICHELE_G,ipvs,syllable_repetition,0,test,15.0,0.0
data/processed/audio_10s/test/ehc_MICHELE_G/B2MGIACTHT49M210320170850_w004_20.0s.wav,data/processed/features_10s/test/ehc_MICHELE_G/B2MGIACTHT49M210320170850_w004_20.0s.npy,ehc_MICHELE_G,ipvs,syllable_repetition,0,test,20.0,0.0
data/processed/audio_10s/test/ehc_MICHELE_G/B2MGIACTHT49M210320170850_w005_25.0s.wav,data/processed/features_10s/test/ehc_MICHELE_G/B2MGIACTHT49M210320170850_w005_25.0s.npy,ehc_MICHELE_G,ipvs,syllable_repetition,0,test,25.0,0.0
data/processed/audio_10s/test/ehc_MICHELE_G/B2MGIACTHT49M210320170850_w006_30.0s.wav,data/processed/features_10s/test/ehc_MICHELE_G/B2MGIACTHT49M210320170850_w006_30.0s.npy,ehc_MICHELE_G,ipvs,syllable_repetition,0,test,30.0,0.0
data/processed/audio_10s/test/ehc_MICHELE_G/B2MGIACTHT49M210320170850_w007_35.0s.wav,data/processed/features_10s/test/ehc_MICHELE_G/B2MGIACTHT49M210320170850_w007_35.0s.npy,ehc_MICHELE_G,ipvs,syllable_repetition,0,test,35.0,0.0
data/processed/audio_10s/test/ehc_MICHELE_G/B2MGIACTHT49M210320170850_w008_40.0s.wav,data/processed/features_10s/test/ehc_MICHELE_G/B2MGIACTHT49M210320170850_w008_40.0s.npy,ehc_MICHELE_G,ipvs,syllable_repetition,0,test,40.0,0.0
data/processed/audio_10s/test/ehc_MICHELE_G/FB1MGIACTHT49M210320170904_w000_0.0s.wav,data/processed/features_10s/test/ehc_MICHELE_G/FB1MGIACTHT49M210320170904_w000_0.0s.npy,ehc_MICHELE_G,ipvs,syllable_repetition,0,test,0.0,0.0
data/processed/audio_10s/test/ehc_MICHELE_G/FB1MGIACTHT49M210320170904_w001_5.0s.wav,data/processed/features_10s/test/ehc_MICHELE_G/FB1MGIACTHT49M210320170904_w001_5.0s.npy,ehc_MICHELE_G,ipvs,syllable_repetition,0,test,5.0,0.0
data/processed/audio_10s/test/ehc_MICHELE_G/FB1MGIACTHT49M210320170904_w002_10.0s.wav,data/processed/features_10s/test/ehc_MICHELE_G/FB1MGIACTHT49M210320170904_w002_10.0s.npy,ehc_MICHELE_G,ipvs,syllable_repetition,0,test,10.0,0.0
data/processed/audio_10s/test/ehc_MICHELE_G/FB1MGIACTHT49M210320170904_w003_15.0s.wav,data/processed/features_10s/test/ehc_MICHELE_G/FB1MGIACTHT49M210320170904_w003_15.0s.npy,ehc_MICHELE_G,ipvs,syllable_repetition,0,test,15.0,0.0
data/processed/audio_10s/test/ehc_MICHELE_G/PR1MGIACTHT49M210320170903_w000_0.0s.wav,data/processed/features_10s/test/ehc_MICHELE_G/PR1MGIACTHT49M210320170903_w000_0.0s.npy,ehc_MICHELE_G,ipvs,reading_passage,0,test,0.0,0.0
data/processed/audio_10s/test/ehc_MICHELE_G/PR1MGIACTHT49M210320170903_w001_5.0s.wav,data/processed/features_10s/test/ehc_MICHELE_G/PR1MGIACTHT49M210320170903_w001_5.0s.npy,ehc_MICHELE_G,ipvs,reading_passage,0,test,5.0,0.0
data/processed/audio_10s/test/ehc_MICHELE_G/PR1MGIACTHT49M210320170903_w002_10.0s.wav,data/processed/features_10s/test/ehc_MICHELE_G/PR1MGIACTHT49M210320170903_w002_10.0s.npy,ehc_MICHELE_G,ipvs,reading_passage,0,test,10.0,0.0
data/processed/audio_10s/test/ehc_MICHELE_G/PR1MGIACTHT49M210320170903_w003_15.0s.wav,data/processed/features_10s/test/ehc_MICHELE_G/PR1MGIACTHT49M210320170903_w003_15.0s.npy,ehc_MICHELE_G,ipvs,reading_passage,0,test,15.0,0.0
data/processed/audio_10s/test/ehc_MICHELE_G/PR1MGIACTHT49M210320170903_w004_20.0s.wav,data/processed/features_10s/test/ehc_MICHELE_G/PR1MGIACTHT49M210320170903_w004_20.0s.npy,ehc_MICHELE_G,ipvs,reading_passage,0,test,20.0,0.0
data/processed/audio_10s/test/ehc_MICHELE_G/PR1MGIACTHT49M210320170903_w005_25.0s.wav,data/processed/features_10s/test/ehc_MICHELE_G/PR1MGIACTHT49M210320170903_w005_25.0s.npy,ehc_MICHELE_G,ipvs,reading_passage,0,test,25.0,0.0
data/processed/audio_10s/test/ehc_MICHELE_G/PR1MGIACTHT49M210320170903_w006_30.0s.wav,data/processed/features_10s/test/ehc_MICHELE_G/PR1MGIACTHT49M210320170903_w006_30.0s.npy,ehc_MICHELE_G,ipvs,reading_passage,0,test,30.0,0.0
data/processed/audio_10s/test/ehc_MICHELE_G/VA1MGIACTHT49M210320170855_w000_0.0s.wav,data/processed/features_10s/test/ehc_MICHELE_G/VA1MGIACTHT49M210320170855_w000_0.0s.npy,ehc_MICHELE_G,ipvs,vowel_sustain,0,test,0.0,0.0
data/processed/audio_10s/test/ehc_MICHELE_G/VA1MGIACTHT49M210320170855_w001_5.0s.wav,data/processed/features_10s/test/ehc_MICHELE_G/VA1MGIACTHT49M210320170855_w001_5.0s.npy,ehc_MICHELE_G,ipvs,vowel_sustain,0,test,5.0,0.0
data/processed/audio_10s/test/ehc_MICHELE_G/VA1MGIACTHT49M210320170855_w002_10.0s.wav,data/processed/features_10s/test/ehc_MICHELE_G/VA1MGIACTHT49M210320170855_w002_10.0s.npy,ehc_MICHELE_G,ipvs,vowel_sustain,0,test,10.0,0.0
data/processed/audio_10s/test/ehc_MICHELE_G/VE1MGIACTHT49M210320170856_w000_0.0s.wav,data/processed/features_10s/test/ehc_MICHELE_G/VE1MGIACTHT49M210320170856_w000_0.0s.npy,ehc_MICHELE_G,ipvs,vowel_sustain,0,test,0.0,0.0
data/processed/audio_10s/test/ehc_MICHELE_G/VE1MGIACTHT49M210320170856_w001_5.0s.wav,data/processed/features_10s/test/ehc_MICHELE_G/VE1MGIACTHT49M210320170856_w001_5.0s.npy,ehc_MICHELE_G,ipvs,vowel_sustain,0,test,5.0,0.0
data/processed/audio_10s/test/ehc_MICHELE_G/VI1MGIACTHT49M210320170859_w000_0.0s.wav,data/processed/features_10s/test/ehc_MICHELE_G/VI1MGIACTHT49M210320170859_w000_0.0s.npy,ehc_MICHELE_G,ipvs,vowel_sustain,0,test,0.0,0.0
data/processed/audio_10s/test/ehc_MICHELE_G/VI1MGIACTHT49M210320170859_w001_5.0s.wav,data/processed/features_10s/test/ehc_MICHELE_G/VI1MGIACTHT49M210320170859_w001_5.0s.npy,ehc_MICHELE_G,ipvs,vowel_sustain,0,test,5.0,0.0
data/processed/audio_10s/test/ehc_MICHELE_G/VO1MGIACTHT49M210320170859_w000_0.0s.wav,data/processed/features_10s/test/ehc_MICHELE_G/VO1MGIACTHT49M210320170859_w000_0.0s.npy,ehc_MICHELE_G,ipvs,vowel_sustain,0,test,0.0,0.0
data/processed/audio_10s/test/ehc_MICHELE_G/VU1MGIACTHT49M210320170900_w000_0.0s.wav,data/processed/features_10s/test/ehc_MICHELE_G/VU1MGIACTHT49M210320170900_w000_0.0s.npy,ehc_MICHELE_G,ipvs,vowel_sustain,0,test,0.0,0.0
data/processed/audio_10s/train/ehc_NICOLA_P/B1NPIICEOR42M020420171805_w000_0.0s.wav,data/processed/features_10s/train/ehc_NICOLA_P/B1NPIICEOR42M020420171805_w000_0.0s.npy,ehc_NICOLA_P,ipvs,syllable_repetition,0,train,0.0,0.0
data/processed/audio_10s/train/ehc_NICOLA_P/B1NPIICEOR42M020420171805_w001_5.0s.wav,data/processed/features_10s/train/ehc_NICOLA_P/B1NPIICEOR42M020420171805_w001_5.0s.npy,ehc_NICOLA_P,ipvs,syllable_repetition,0,train,5.0,0.0
data/processed/audio_10s/train/ehc_NICOLA_P/B1NPIICEOR42M020420171805_w002_10.0s.wav,data/processed/features_10s/train/ehc_NICOLA_P/B1NPIICEOR42M020420171805_w002_10.0s.npy,ehc_NICOLA_P,ipvs,syllable_repetition,0,train,10.0,0.0
data/processed/audio_10s/train/ehc_NICOLA_P/B1NPIICEOR42M020420171805_w003_15.0s.wav,data/processed/features_10s/train/ehc_NICOLA_P/B1NPIICEOR42M020420171805_w003_15.0s.npy,ehc_NICOLA_P,ipvs,syllable_repetition,0,train,15.0,0.0
data/processed/audio_10s/train/ehc_NICOLA_P/B1NPIICEOR42M020420171805_w004_20.0s.wav,data/processed/features_10s/train/ehc_NICOLA_P/B1NPIICEOR42M020420171805_w004_20.0s.npy,ehc_NICOLA_P,ipvs,syllable_repetition,0,train,20.0,0.0
data/processed/audio_10s/train/ehc_NICOLA_P/B1NPIICEOR42M020420171805_w005_25.0s.wav,data/processed/features_10s/train/ehc_NICOLA_P/B1NPIICEOR42M020420171805_w005_25.0s.npy,ehc_NICOLA_P,ipvs,syllable_repetition,0,train,25.0,0.0
data/processed/audio_10s/train/ehc_NICOLA_P/B1NPIICEOR42M020420171805_w006_30.0s.wav,data/processed/features_10s/train/ehc_NICOLA_P/B1NPIICEOR42M020420171805_w006_30.0s.npy,ehc_NICOLA_P,ipvs,syllable_repetition,0,train,30.0,0.0
data/processed/audio_10s/train/ehc_NICOLA_P/B1NPIICEOR42M020420171805_w007_35.0s.wav,data/processed/features_10s/train/ehc_NICOLA_P/B1NPIICEOR42M020420171805_w007_35.0s.npy,ehc_NICOLA_P,ipvs,syllable_repetition,0,train,35.0,0.0
data/processed/audio_10s/train/ehc_NICOLA_P/B1NPIICEOR42M020420171805_w008_40.0s.wav,data/processed/features_10s/train/ehc_NICOLA_P/B1NPIICEOR42M020420171805_w008_40.0s.npy,ehc_NICOLA_P,ipvs,syllable_repetition,0,train,40.0,0.0
data/processed/audio_10s/train/ehc_NICOLA_P/B1NPIICEOR42M020420171805_w009_45.0s.wav,data/processed/features_10s/train/ehc_NICOLA_P/B1NPIICEOR42M020420171805_w009_45.0s.npy,ehc_NICOLA_P,ipvs,syllable_repetition,0,train,45.0,0.0
data/processed/audio_10s/train/ehc_NICOLA_P/B1NPIICEOR42M020420171805_w010_50.0s.wav,data/processed/features_10s/train/ehc_NICOLA_P/B1NPIICEOR42M020420171805_w010_50.0s.npy,ehc_NICOLA_P,ipvs,syllable_repetition,0,train,50.0,0.0
data/processed/audio_10s/train/ehc_NICOLA_P/B1NPIICEOR42M020420171805_w011_55.0s.wav,data/processed/features_10s/train/ehc_NICOLA_P/B1NPIICEOR42M020420171805_w011_55.0s.npy,ehc_NICOLA_P,ipvs,syllable_repetition,0,train,55.0,0.0
data/processed/audio_10s/train/ehc_NICOLA_P/B2NPIICEOR42M020420171807_w000_0.0s.wav,data/processed/features_10s/train/ehc_NICOLA_P/B2NPIICEOR42M020420171807_w000_0.0s.npy,ehc_NICOLA_P,ipvs,syllable_repetition,0,train,0.0,0.0
data/processed/audio_10s/train/ehc_NICOLA_P/B2NPIICEOR42M020420171807_w001_5.0s.wav,data/processed/features_10s/train/ehc_NICOLA_P/B2NPIICEOR42M020420171807_w001_5.0s.npy,ehc_NICOLA_P,ipvs,syllable_repetition,0,train,5.0,0.0
data/processed/audio_10s/train/ehc_NICOLA_P/B2NPIICEOR42M020420171807_w002_10.0s.wav,data/processed/features_10s/train/ehc_NICOLA_P/B2NPIICEOR42M020420171807_w002_10.0s.npy,ehc_NICOLA_P,ipvs,syllable_repetition,0,train,10.0,0.0
data/processed/audio_10s/train/ehc_NICOLA_P/B2NPIICEOR42M020420171807_w003_15.0s.wav,data/processed/features_10s/train/ehc_NICOLA_P/B2NPIICEOR42M020420171807_w003_15.0s.npy,ehc_NICOLA_P,ipvs,syllable_repetition,0,train,15.0,0.0
data/processed/audio_10s/train/ehc_NICOLA_P/B2NPIICEOR42M020420171807_w004_20.0s.wav,data/processed/features_10s/train/ehc_NICOLA_P/B2NPIICEOR42M020420171807_w004_20.0s.npy,ehc_NICOLA_P,ipvs,syllable_repetition,0,train,20.0,0.0
data/processed/audio_10s/train/ehc_NICOLA_P/B2NPIICEOR42M020420171807_w005_25.0s.wav,data/processed/features_10s/train/ehc_NICOLA_P/B2NPIICEOR42M020420171807_w005_25.0s.npy,ehc_NICOLA_P,ipvs,syllable_repetition,0,train,25.0,0.0
data/processed/audio_10s/train/ehc_NICOLA_P/B2NPIICEOR42M020420171807_w006_30.0s.wav,data/processed/features_10s/train/ehc_NICOLA_P/B2NPIICEOR42M020420171807_w006_30.0s.npy,ehc_NICOLA_P,ipvs,syllable_repetition,0,train,30.0,0.0
data/processed/audio_10s/train/ehc_NICOLA_P/B2NPIICEOR42M020420171807_w007_35.0s.wav,data/processed/features_10s/train/ehc_NICOLA_P/B2NPIICEOR42M020420171807_w007_35.0s.npy,ehc_NICOLA_P,ipvs,syllable_repetition,0,train,35.0,0.0
data/processed/audio_10s/train/ehc_NICOLA_P/B2NPIICEOR42M020420171807_w008_40.0s.wav,data/processed/features_10s/train/ehc_NICOLA_P/B2NPIICEOR42M020420171807_w008_40.0s.npy,ehc_NICOLA_P,ipvs,syllable_repetition,0,train,40.0,0.0
data/processed/audio_10s/train/ehc_NICOLA_P/B2NPIICEOR42M020420171807_w009_45.0s.wav,data/processed/features_10s/train/ehc_NICOLA_P/B2NPIICEOR42M020420171807_w009_45.0s.npy,ehc_NICOLA_P,ipvs,syllable_repetition,0,train,45.0,0.0
data/processed/audio_10s/train/ehc_NICOLA_P/B2NPIICEOR42M020420171807_w010_50.0s.wav,data/processed/features_10s/train/ehc_NICOLA_P/B2NPIICEOR42M020420171807_w010_50.0s.npy,ehc_NICOLA_P,ipvs,syllable_repetition,0,train,50.0,0.0
data/processed/audio_10s/train/ehc_NICOLA_P/B2NPIICEOR42M020420171807_w011_55.0s.wav,data/processed/features_10s/train/ehc_NICOLA_P/B2NPIICEOR42M020420171807_w011_55.0s.npy,ehc_NICOLA_P,ipvs,syllable_repetition,0,train,55.0,0.0
data/processed/audio_10s/train/ehc_NICOLA_P/FB1NPIICEOR42M020420171814_w000_0.0s.wav,data/processed/features_10s/train/ehc_NICOLA_P/FB1NPIICEOR42M020420171814_w000_0.0s.npy,ehc_NICOLA_P,ipvs,syllable_repetition,0,train,0.0,0.0
data/processed/audio_10s/train/ehc_NICOLA_P/FB1NPIICEOR42M020420171814_w001_5.0s.wav,data/processed/features_10s/train/ehc_NICOLA_P/FB1NPIICEOR42M020420171814_w001_5.0s.npy,ehc_NICOLA_P,ipvs,syllable_repetition,0,train,5.0,0.0
data/processed/audio_10s/train/ehc_NICOLA_P/FB1NPIICEOR42M020420171814_w002_10.0s.wav,data/processed/features_10s/train/ehc_NICOLA_P/FB1NPIICEOR42M020420171814_w002_10.0s.npy,ehc_NICOLA_P,ipvs,syllable_repetition,0,train,10.0,0.0
data/processed/audio_10s/train/ehc_NICOLA_P/FB1NPIICEOR42M020420171814_w003_15.0s.wav,data/processed/features_10s/train/ehc_NICOLA_P/FB1NPIICEOR42M020420171814_w003_15.0s.npy,ehc_NICOLA_P,ipvs,syllable_repetition,0,train,15.0,0.0
data/processed/audio_10s/train/ehc_NICOLA_P/PR1NPIICEOR42M020420171813_w000_0.0s.wav,data/processed/features_10s/train/ehc_NICOLA_P/PR1NPIICEOR42M020420171813_w000_0.0s.npy,ehc_NICOLA_P,ipvs,reading_passage,0,train,0.0,0.0
data/processed/audio_10s/train/ehc_NICOLA_P/PR1NPIICEOR42M020420171813_w001_5.0s.wav,data/processed/features_10s/train/ehc_NICOLA_P/PR1NPIICEOR42M020420171813_w001_5.0s.npy,ehc_NICOLA_P,ipvs,reading_passage,0,train,5.0,0.0
data/processed/audio_10s/train/ehc_NICOLA_P/PR1NPIICEOR42M020420171813_w002_10.0s.wav,data/processed/features_10s/train/ehc_NICOLA_P/PR1NPIICEOR42M020420171813_w002_10.0s.npy,ehc_NICOLA_P,ipvs,reading_passage,0,train,10.0,0.0
data/processed/audio_10s/train/ehc_NICOLA_P/PR1NPIICEOR42M020420171813_w003_15.0s.wav,data/processed/features_10s/train/ehc_NICOLA_P/PR1NPIICEOR42M020420171813_w003_15.0s.npy,ehc_NICOLA_P,ipvs,reading_passage,0,train,15.0,0.0
data/processed/audio_10s/train/ehc_NICOLA_P/PR1NPIICEOR42M020420171813_w004_20.0s.wav,data/processed/features_10s/train/ehc_NICOLA_P/PR1NPIICEOR42M020420171813_w004_20.0s.npy,ehc_NICOLA_P,ipvs,reading_passage,0,train,20.0,0.0
data/processed/audio_10s/train/ehc_NICOLA_P/PR1NPIICEOR42M020420171813_w005_25.0s.wav,data/processed/features_10s/train/ehc_NICOLA_P/PR1NPIICEOR42M020420171813_w005_25.0s.npy,ehc_NICOLA_P,ipvs,reading_passage,0,train,25.0,0.0
data/processed/audio_10s/train/ehc_NICOLA_P/PR1NPIICEOR42M020420171813_w006_30.0s.wav,data/processed/features_10s/train/ehc_NICOLA_P/PR1NPIICEOR42M020420171813_w006_30.0s.npy,ehc_NICOLA_P,ipvs,reading_passage,0,train,30.0,0.0
data/processed/audio_10s/train/ehc_NICOLA_P/VA1NPIICEOR42M020420171808_w000_0.0s.wav,data/processed/features_10s/train/ehc_NICOLA_P/VA1NPIICEOR42M020420171808_w000_0.0s.npy,ehc_NICOLA_P,ipvs,vowel_sustain,0,train,0.0,0.0
data/processed/audio_10s/train/ehc_NICOLA_P/VA1NPIICEOR42M020420171808_w001_5.0s.wav,data/processed/features_10s/train/ehc_NICOLA_P/VA1NPIICEOR42M020420171808_w001_5.0s.npy,ehc_NICOLA_P,ipvs,vowel_sustain,0,train,5.0,0.0
data/processed/audio_10s/train/ehc_NICOLA_P/VE1NPIICEOR42M020420171810_w000_0.0s.wav,data/processed/features_10s/train/ehc_NICOLA_P/VE1NPIICEOR42M020420171810_w000_0.0s.npy,ehc_NICOLA_P,ipvs,vowel_sustain,0,train,0.0,0.0
data/processed/audio_10s/train/ehc_NICOLA_P/VE1NPIICEOR42M020420171810_w001_5.0s.wav,data/processed/features_10s/train/ehc_NICOLA_P/VE1NPIICEOR42M020420171810_w001_5.0s.npy,ehc_NICOLA_P,ipvs,vowel_sustain,0,train,5.0,0.0
data/processed/audio_10s/train/ehc_NICOLA_P/VI1NPIICEOR42M020420171811_w000_0.0s.wav,data/processed/features_10s/train/ehc_NICOLA_P/VI1NPIICEOR42M020420171811_w000_0.0s.npy,ehc_NICOLA_P,ipvs,vowel_sustain,0,train,0.0,0.0
data/processed/audio_10s/train/ehc_NICOLA_P/VI1NPIICEOR42M020420171811_w001_5.0s.wav,data/processed/features_10s/train/ehc_NICOLA_P/VI1NPIICEOR42M020420171811_w001_5.0s.npy,ehc_NICOLA_P,ipvs,vowel_sustain,0,train,5.0,0.0
data/processed/audio_10s/train/ehc_NICOLA_P/VO1NPIICEOR42M020420171811_w000_0.0s.wav,data/processed/features_10s/train/ehc_NICOLA_P/VO1NPIICEOR42M020420171811_w000_0.0s.npy,ehc_NICOLA_P,ipvs,vowel_sustain,0,train,0.0,0.0
data/processed/audio_10s/train/ehc_NICOLA_P/VO1NPIICEOR42M020420171811_w001_5.0s.wav,data/processed/features_10s/train/ehc_NICOLA_P/VO1NPIICEOR42M020420171811_w001_5.0s.npy,ehc_NICOLA_P,ipvs,vowel_sustain,0,train,5.0,0.0
data/processed/audio_10s/train/ehc_NICOLA_P/VU1NPIICEOR42M020420171812_w000_0.0s.wav,data/processed/features_10s/train/ehc_NICOLA_P/VU1NPIICEOR42M020420171812_w000_0.0s.npy,ehc_NICOLA_P,ipvs,vowel_sustain,0,train,0.0,0.0
data/processed/audio_10s/train/ehc_NICOLA_P/VU1NPIICEOR42M020420171812_w001_5.0s.wav,data/processed/features_10s/train/ehc_NICOLA_P/VU1NPIICEOR42M020420171812_w001_5.0s.npy,ehc_NICOLA_P,ipvs,vowel_sustain,0,train,5.0,0.0
data/processed/audio_10s/train/ehc_NICOLA_P/VU1NPIICEOR42M020420171812_w002_10.0s.wav,data/processed/features_10s/train/ehc_NICOLA_P/VU1NPIICEOR42M020420171812_w002_10.0s.npy,ehc_NICOLA_P,ipvs,vowel_sustain,0,train,10.0,0.0
data/processed/audio_10s/train/ehc_PORCELLI_A/B1APNOTROC49M230320170926_w000_0.0s.wav,data/processed/features_10s/train/ehc_PORCELLI_A/B1APNOTROC49M230320170926_w000_0.0s.npy,ehc_PORCELLI_A,ipvs,syllable_repetition,0,train,0.0,0.0
data/processed/audio_10s/train/ehc_PORCELLI_A/B1APNOTROC49M230320170926_w001_5.0s.wav,data/processed/features_10s/train/ehc_PORCELLI_A/B1APNOTROC49M230320170926_w001_5.0s.npy,ehc_PORCELLI_A,ipvs,syllable_repetition,0,train,5.0,0.0
data/processed/audio_10s/train/ehc_PORCELLI_A/B1APNOTROC49M230320170926_w002_10.0s.wav,data/processed/features_10s/train/ehc_PORCELLI_A/B1APNOTROC49M230320170926_w002_10.0s.npy,ehc_PORCELLI_A,ipvs,syllable_repetition,0,train,10.0,0.0
data/processed/audio_10s/train/ehc_PORCELLI_A/B1APNOTROC49M230320170926_w003_15.0s.wav,data/processed/features_10s/train/ehc_PORCELLI_A/B1APNOTROC49M230320170926_w003_15.0s.npy,ehc_PORCELLI_A,ipvs,syllable_repetition,0,train,15.0,0.0
data/processed/audio_10s/train/ehc_PORCELLI_A/B1APNOTROC49M230320170926_w004_20.0s.wav,data/processed/features_10s/train/ehc_PORCELLI_A/B1APNOTROC49M230320170926_w004_20.0s.npy,ehc_PORCELLI_A,ipvs,syllable_repetition,0,train,20.0,0.0
data/processed/audio_10s/train/ehc_PORCELLI_A/B1APNOTROC49M230320170926_w005_25.0s.wav,data/processed/features_10s/train/ehc_PORCELLI_A/B1APNOTROC49M230320170926_w005_25.0s.npy,ehc_PORCELLI_A,ipvs,syllable_repetition,0,train,25.0,0.0
data/processed/audio_10s/train/ehc_PORCELLI_A/B1APNOTROC49M230320170926_w006_30.0s.wav,data/processed/features_10s/train/ehc_PORCELLI_A/B1APNOTROC49M230320170926_w006_30.0s.npy,ehc_PORCELLI_A,ipvs,syllable_repetition,0,train,30.0,0.0
data/processed/audio_10s/train/ehc_PORCELLI_A/B1APNOTROC49M230320170926_w007_35.0s.wav,data/processed/features_10s/train/ehc_PORCELLI_A/B1APNOTROC49M230320170926_w007_35.0s.npy,ehc_PORCELLI_A,ipvs,syllable_repetition,0,train,35.0,0.0
data/processed/audio_10s/train/ehc_PORCELLI_A/B1APNOTROC49M230320170926_w008_40.0s.wav,data/processed/features_10s/train/ehc_PORCELLI_A/B1APNOTROC49M230320170926_w008_40.0s.npy,ehc_PORCELLI_A,ipvs,syllable_repetition,0,train,40.0,0.0
data/processed/audio_10s/train/ehc_PORCELLI_A/B1APNOTROC49M230320170926_w009_45.0s.wav,data/processed/features_10s/train/ehc_PORCELLI_A/B1APNOTROC49M230320170926_w009_45.0s.npy,ehc_PORCELLI_A,ipvs,syllable_repetition,0,train,45.0,0.0
data/processed/audio_10s/train/ehc_PORCELLI_A/B2APNOTROC49M230320170927_w000_0.0s.wav,data/processed/features_10s/train/ehc_PORCELLI_A/B2APNOTROC49M230320170927_w000_0.0s.npy,ehc_PORCELLI_A,ipvs,syllable_repetition,0,train,0.0,0.0
data/processed/audio_10s/train/ehc_PORCELLI_A/B2APNOTROC49M230320170927_w001_5.0s.wav,data/processed/features_10s/train/ehc_PORCELLI_A/B2APNOTROC49M230320170927_w001_5.0s.npy,ehc_PORCELLI_A,ipvs,syllable_repetition,0,train,5.0,0.0
data/processed/audio_10s/train/ehc_PORCELLI_A/B2APNOTROC49M230320170927_w002_10.0s.wav,data/processed/features_10s/train/ehc_PORCELLI_A/B2APNOTROC49M230320170927_w002_10.0s.npy,ehc_PORCELLI_A,ipvs,syllable_repetition,0,train,10.0,0.0
data/processed/audio_10s/train/ehc_PORCELLI_A/B2APNOTROC49M230320170927_w003_15.0s.wav,data/processed/features_10s/train/ehc_PORCELLI_A/B2APNOTROC49M230320170927_w003_15.0s.npy,ehc_PORCELLI_A,ipvs,syllable_repetition,0,train,15.0,0.0
data/processed/audio_10s/train/ehc_PORCELLI_A/B2APNOTROC49M230320170927_w004_20.0s.wav,data/processed/features_10s/train/ehc_PORCELLI_A/B2APNOTROC49M230320170927_w004_20.0s.npy,ehc_PORCELLI_A,ipvs,syllable_repetition,0,train,20.0,0.0
data/processed/audio_10s/train/ehc_PORCELLI_A/B2APNOTROC49M230320170927_w005_25.0s.wav,data/processed/features_10s/train/ehc_PORCELLI_A/B2APNOTROC49M230320170927_w005_25.0s.npy,ehc_PORCELLI_A,ipvs,syllable_repetition,0,train,25.0,0.0
data/processed/audio_10s/train/ehc_PORCELLI_A/B2APNOTROC49M230320170927_w006_30.0s.wav,data/processed/features_10s/train/ehc_PORCELLI_A/B2APNOTROC49M230320170927_w006_30.0s.npy,ehc_PORCELLI_A,ipvs,syllable_repetition,0,train,30.0,0.0
data/processed/audio_10s/train/ehc_PORCELLI_A/B2APNOTROC49M230320170927_w007_35.0s.wav,data/processed/features_10s/train/ehc_PORCELLI_A/B2APNOTROC49M230320170927_w007_35.0s.npy,ehc_PORCELLI_A,ipvs,syllable_repetition,0,train,35.0,0.0
data/processed/audio_10s/train/ehc_PORCELLI_A/B2APNOTROC49M230320170927_w008_40.0s.wav,data/processed/features_10s/train/ehc_PORCELLI_A/B2APNOTROC49M230320170927_w008_40.0s.npy,ehc_PORCELLI_A,ipvs,syllable_repetition,0,train,40.0,0.0
data/processed/audio_10s/train/ehc_PORCELLI_A/B2APNOTROC49M230320170927_w009_45.0s.wav,data/processed/features_10s/train/ehc_PORCELLI_A/B2APNOTROC49M230320170927_w009_45.0s.npy,ehc_PORCELLI_A,ipvs,syllable_repetition,0,train,45.0,0.0
data/processed/audio_10s/train/ehc_PORCELLI_A/FB1APNOTROC49M230320170934_w000_0.0s.wav,data/processed/features_10s/train/ehc_PORCELLI_A/FB1APNOTROC49M230320170934_w000_0.0s.npy,ehc_PORCELLI_A,ipvs,syllable_repetition,0,train,0.0,0.0
data/processed/audio_10s/train/ehc_PORCELLI_A/FB1APNOTROC49M230320170934_w001_5.0s.wav,data/processed/features_10s/train/ehc_PORCELLI_A/FB1APNOTROC49M230320170934_w001_5.0s.npy,ehc_PORCELLI_A,ipvs,syllable_repetition,0,train,5.0,0.0
data/processed/audio_10s/train/ehc_PORCELLI_A/FB1APNOTROC49M230320170934_w002_10.0s.wav,data/processed/features_10s/train/ehc_PORCELLI_A/FB1APNOTROC49M230320170934_w002_10.0s.npy,ehc_PORCELLI_A,ipvs,syllable_repetition,0,train,10.0,0.0
data/processed/audio_10s/train/ehc_PORCELLI_A/PR1APNOTROC49M230320170933_w000_0.0s.wav,data/processed/features_10s/train/ehc_PORCELLI_A/PR1APNOTROC49M230320170933_w000_0.0s.npy,ehc_PORCELLI_A,ipvs,reading_passage,0,train,0.0,0.0
data/processed/audio_10s/train/ehc_PORCELLI_A/PR1APNOTROC49M230320170933_w001_5.0s.wav,data/processed/features_10s/train/ehc_PORCELLI_A/PR1APNOTROC49M230320170933_w001_5.0s.npy,ehc_PORCELLI_A,ipvs,reading_passage,0,train,5.0,0.0
data/processed/audio_10s/train/ehc_PORCELLI_A/PR1APNOTROC49M230320170933_w002_10.0s.wav,data/processed/features_10s/train/ehc_PORCELLI_A/PR1APNOTROC49M230320170933_w002_10.0s.npy,ehc_PORCELLI_A,ipvs,reading_passage,0,train,10.0,0.0
data/processed/audio_10s/train/ehc_PORCELLI_A/PR1APNOTROC49M230320170933_w003_15.0s.wav,data/processed/features_10s/train/ehc_PORCELLI_A/PR1APNOTROC49M230320170933_w003_15.0s.npy,ehc_PORCELLI_A,ipvs,reading_passage,0,train,15.0,0.0
data/processed/audio_10s/train/ehc_PORCELLI_A/PR1APNOTROC49M230320170933_w004_20.0s.wav,data/processed/features_10s/train/ehc_PORCELLI_A/PR1APNOTROC49M230320170933_w004_20.0s.npy,ehc_PORCELLI_A,ipvs,reading_passage,0,train,20.0,0.0
data/processed/audio_10s/train/ehc_PORCELLI_A/VA1APNOTROC49M230320170928_w000_0.0s.wav,data/processed/features_10s/train/ehc_PORCELLI_A/VA1APNOTROC49M230320170928_w000_0.0s.npy,ehc_PORCELLI_A,ipvs,vowel_sustain,0,train,0.0,0.0
data/processed/audio_10s/train/ehc_PORCELLI_A/VE1APNOTROC49M230320170929_w000_0.0s.wav,data/processed/features_10s/train/ehc_PORCELLI_A/VE1APNOTROC49M230320170929_w000_0.0s.npy,ehc_PORCELLI_A,ipvs,vowel_sustain,0,train,0.0,0.0
data/processed/audio_10s/train/ehc_PORCELLI_A/VE1APNOTROC49M230320170929_w001_5.0s.wav,data/processed/features_10s/train/ehc_PORCELLI_A/VE1APNOTROC49M230320170929_w001_5.0s.npy,ehc_PORCELLI_A,ipvs,vowel_sustain,0,train,5.0,0.0
data/processed/audio_10s/train/ehc_PORCELLI_A/VI1APNOTROC49M230320170930_w000_0.0s.wav,data/processed/features_10s/train/ehc_PORCELLI_A/VI1APNOTROC49M230320170930_w000_0.0s.npy,ehc_PORCELLI_A,ipvs,vowel_sustain,0,train,0.0,0.0
data/processed/audio_10s/train/ehc_PORCELLI_A/VI1APNOTROC49M230320170930_w001_5.0s.wav,data/processed/features_10s/train/ehc_PORCELLI_A/VI1APNOTROC49M230320170930_w001_5.0s.npy,ehc_PORCELLI_A,ipvs,vowel_sustain,0,train,5.0,0.0
data/processed/audio_10s/train/ehc_PORCELLI_A/VO1APNOTROC49M230320170931_w000_0.0s.wav,data/processed/features_10s/train/ehc_PORCELLI_A/VO1APNOTROC49M230320170931_w000_0.0s.npy,ehc_PORCELLI_A,ipvs,vowel_sustain,0,train,0.0,0.0
data/processed/audio_10s/train/ehc_PORCELLI_A/VU1APNOTROC49M230320170932_w000_0.0s.wav,data/processed/features_10s/train/ehc_PORCELLI_A/VU1APNOTROC49M230320170932_w000_0.0s.npy,ehc_PORCELLI_A,ipvs,vowel_sustain,0,train,0.0,0.0
data/processed/audio_10s/train/ehc_PORCELLI_A/VU1APNOTROC49M230320170932_w001_5.0s.wav,data/processed/features_10s/train/ehc_PORCELLI_A/VU1APNOTROC49M230320170932_w001_5.0s.npy,ehc_PORCELLI_A,ipvs,vowel_sustain,0,train,5.0,0.0
data/processed/audio_10s/train/ehc_SUMMO_L/B1LSUUIMGM48F230320171049_w000_0.0s.wav,data/processed/features_10s/train/ehc_SUMMO_L/B1LSUUIMGM48F230320171049_w000_0.0s.npy,ehc_SUMMO_L,ipvs,syllable_repetition,0,train,0.0,0.0
data/processed/audio_10s/train/ehc_SUMMO_L/B1LSUUIMGM48F230320171049_w001_5.0s.wav,data/processed/features_10s/train/ehc_SUMMO_L/B1LSUUIMGM48F230320171049_w001_5.0s.npy,ehc_SUMMO_L,ipvs,syllable_repetition,0,train,5.0,0.0
data/processed/audio_10s/train/ehc_SUMMO_L/B1LSUUIMGM48F230320171049_w002_10.0s.wav,data/processed/features_10s/train/ehc_SUMMO_L/B1LSUUIMGM48F230320171049_w002_10.0s.npy,ehc_SUMMO_L,ipvs,syllable_repetition,0,train,10.0,0.0
data/processed/audio_10s/train/ehc_SUMMO_L/B1LSUUIMGM48F230320171049_w003_15.0s.wav,data/processed/features_10s/train/ehc_SUMMO_L/B1LSUUIMGM48F230320171049_w003_15.0s.npy,ehc_SUMMO_L,ipvs,syllable_repetition,0,train,15.0,0.0
data/processed/audio_10s/train/ehc_SUMMO_L/B1LSUUIMGM48F230320171049_w004_20.0s.wav,data/processed/features_10s/train/ehc_SUMMO_L/B1LSUUIMGM48F230320171049_w004_20.0s.npy,ehc_SUMMO_L,ipvs,syllable_repetition,0,train,20.0,0.0
data/processed/audio_10s/train/ehc_SUMMO_L/B1LSUUIMGM48F230320171049_w005_25.0s.wav,data/processed/features_10s/train/ehc_SUMMO_L/B1LSUUIMGM48F230320171049_w005_25.0s.npy,ehc_SUMMO_L,ipvs,syllable_repetition,0,train,25.0,0.0
data/processed/audio_10s/train/ehc_SUMMO_L/B1LSUUIMGM48F230320171049_w006_30.0s.wav,data/processed/features_10s/train/ehc_SUMMO_L/B1LSUUIMGM48F230320171049_w006_30.0s.npy,ehc_SUMMO_L,ipvs,syllable_repetition,0,train,30.0,0.0
data/processed/audio_10s/train/ehc_SUMMO_L/B1LSUUIMGM48F230320171049_w007_35.0s.wav,data/processed/features_10s/train/ehc_SUMMO_L/B1LSUUIMGM48F230320171049_w007_35.0s.npy,ehc_SUMMO_L,ipvs,syllable_repetition,0,train,35.0,0.0
data/processed/audio_10s/train/ehc_SUMMO_L/B1LSUUIMGM48F230320171049_w008_40.0s.wav,data/processed/features_10s/train/ehc_SUMMO_L/B1LSUUIMGM48F230320171049_w008_40.0s.npy,ehc_SUMMO_L,ipvs,syllable_repetition,0,train,40.0,0.0
data/processed/audio_10s/train/ehc_SUMMO_L/B1LSUUIMGM48F230320171049_w009_45.0s.wav,data/processed/features_10s/train/ehc_SUMMO_L/B1LSUUIMGM48F230320171049_w009_45.0s.npy,ehc_SUMMO_L,ipvs,syllable_repetition,0,train,45.0,0.0
data/processed/audio_10s/train/ehc_SUMMO_L/B1LSUUIMGM48F230320171049_w010_50.0s.wav,data/processed/features_10s/train/ehc_SUMMO_L/B1LSUUIMGM48F230320171049_w010_50.0s.npy,ehc_SUMMO_L,ipvs,syllable_repetition,0,train,50.0,0.0
data/processed/audio_10s/train/ehc_SUMMO_L/B2LSUUIMGM48F230320171050_w000_0.0s.wav,data/processed/features_10s/train/ehc_SUMMO_L/B2LSUUIMGM48F230320171050_w000_0.0s.npy,ehc_SUMMO_L,ipvs,syllable_repetition,0,train,0.0,0.0
data/processed/audio_10s/train/ehc_SUMMO_L/B2LSUUIMGM48F230320171050_w001_5.0s.wav,data/processed/features_10s/train/ehc_SUMMO_L/B2LSUUIMGM48F230320171050_w001_5.0s.npy,ehc_SUMMO_L,ipvs,syllable_repetition,0,train,5.0,0.0
data/processed/audio_10s/train/ehc_SUMMO_L/B2LSUUIMGM48F230320171050_w002_10.0s.wav,data/processed/features_10s/train/ehc_SUMMO_L/B2LSUUIMGM48F230320171050_w002_10.0s.npy,ehc_SUMMO_L,ipvs,syllable_repetition,0,train,10.0,0.0
data/processed/audio_10s/train/ehc_SUMMO_L/B2LSUUIMGM48F230320171050_w003_15.0s.wav,data/processed/features_10s/train/ehc_SUMMO_L/B2LSUUIMGM48F230320171050_w003_15.0s.npy,ehc_SUMMO_L,ipvs,syllable_repetition,0,train,15.0,0.0
data/processed/audio_10s/train/ehc_SUMMO_L/B2LSUUIMGM48F230320171050_w004_20.0s.wav,data/processed/features_10s/train/ehc_SUMMO_L/B2LSUUIMGM48F230320171050_w004_20.0s.npy,ehc_SUMMO_L,ipvs,syllable_repetition,0,train,20.0,0.0
data/processed/audio_10s/train/ehc_SUMMO_L/B2LSUUIMGM48F230320171050_w005_25.0s.wav,data/processed/features_10s/train/ehc_SUMMO_L/B2LSUUIMGM48F230320171050_w005_25.0s.npy,ehc_SUMMO_L,ipvs,syllable_repetition,0,train,25.0,0.0
data/processed/audio_10s/train/ehc_SUMMO_L/B2LSUUIMGM48F230320171050_w006_30.0s.wav,data/processed/features_10s/train/ehc_SUMMO_L/B2LSUUIMGM48F230320171050_w006_30.0s.npy,ehc_SUMMO_L,ipvs,syllable_repetition,0,train,30.0,0.0
data/processed/audio_10s/train/ehc_SUMMO_L/B2LSUUIMGM48F230320171050_w007_35.0s.wav,data/processed/features_10s/train/ehc_SUMMO_L/B2LSUUIMGM48F230320171050_w007_35.0s.npy,ehc_SUMMO_L,ipvs,syllable_repetition,0,train,35.0,0.0
data/processed/audio_10s/train/ehc_SUMMO_L/B2LSUUIMGM48F230320171050_w008_40.0s.wav,data/processed/features_10s/train/ehc_SUMMO_L/B2LSUUIMGM48F230320171050_w008_40.0s.npy,ehc_SUMMO_L,ipvs,syllable_repetition,0,train,40.0,0.0
data/processed/audio_10s/train/ehc_SUMMO_L/FB1LSUUIMGM48F230320171059_w000_0.0s.wav,data/processed/features_10s/train/ehc_SUMMO_L/FB1LSUUIMGM48F230320171059_w000_0.0s.npy,ehc_SUMMO_L,ipvs,syllable_repetition,0,train,0.0,0.0
data/processed/audio_10s/train/ehc_SUMMO_L/FB1LSUUIMGM48F230320171059_w001_5.0s.wav,data/processed/features_10s/train/ehc_SUMMO_L/FB1LSUUIMGM48F230320171059_w001_5.0s.npy,ehc_SUMMO_L,ipvs,syllable_repetition,0,train,5.0,0.0
data/processed/audio_10s/train/ehc_SUMMO_L/FB1LSUUIMGM48F230320171059_w002_10.0s.wav,data/processed/features_10s/train/ehc_SUMMO_L/FB1LSUUIMGM48F230320171059_w002_10.0s.npy,ehc_SUMMO_L,ipvs,syllable_repetition,0,train,10.0,0.0
data/processed/audio_10s/train/ehc_SUMMO_L/FB1LSUUIMGM48F230320171059_w003_15.0s.wav,data/processed/features_10s/train/ehc_SUMMO_L/FB1LSUUIMGM48F230320171059_w003_15.0s.npy,ehc_SUMMO_L,ipvs,syllable_repetition,0,train,15.0,0.0
data/processed/audio_10s/train/ehc_SUMMO_L/PR1LSUUIMGM48F230320171058_w000_0.0s.wav,data/processed/features_10s/train/ehc_SUMMO_L/PR1LSUUIMGM48F230320171058_w000_0.0s.npy,ehc_SUMMO_L,ipvs,reading_passage,0,train,0.0,0.0
data/processed/audio_10s/train/ehc_SUMMO_L/PR1LSUUIMGM48F230320171058_w001_5.0s.wav,data/processed/features_10s/train/ehc_SUMMO_L/PR1LSUUIMGM48F230320171058_w001_5.0s.npy,ehc_SUMMO_L,ipvs,reading_passage,0,train,5.0,0.0
data/processed/audio_10s/train/ehc_SUMMO_L/PR1LSUUIMGM48F230320171058_w002_10.0s.wav,data/processed/features_10s/train/ehc_SUMMO_L/PR1LSUUIMGM48F230320171058_w002_10.0s.npy,ehc_SUMMO_L,ipvs,reading_passage,0,train,10.0,0.0
data/processed/audio_10s/train/ehc_SUMMO_L/PR1LSUUIMGM48F230320171058_w003_15.0s.wav,data/processed/features_10s/train/ehc_SUMMO_L/PR1LSUUIMGM48F230320171058_w003_15.0s.npy,ehc_SUMMO_L,ipvs,reading_passage,0,train,15.0,0.0
data/processed/audio_10s/train/ehc_SUMMO_L/PR1LSUUIMGM48F230320171058_w004_20.0s.wav,data/processed/features_10s/train/ehc_SUMMO_L/PR1LSUUIMGM48F230320171058_w004_20.0s.npy,ehc_SUMMO_L,ipvs,reading_passage,0,train,20.0,0.0
data/processed/audio_10s/train/ehc_SUMMO_L/VA1LSUUIMGM48F230320171053_w000_0.0s.wav,data/processed/features_10s/train/ehc_SUMMO_L/VA1LSUUIMGM48F230320171053_w000_0.0s.npy,ehc_SUMMO_L,ipvs,vowel_sustain,0,train,0.0,0.0
data/processed/audio_10s/train/ehc_SUMMO_L/VA1LSUUIMGM48F230320171053_w001_5.0s.wav,data/processed/features_10s/train/ehc_SUMMO_L/VA1LSUUIMGM48F230320171053_w001_5.0s.npy,ehc_SUMMO_L,ipvs,vowel_sustain,0,train,5.0,0.0
data/processed/audio_10s/train/ehc_SUMMO_L/VE1LSUUIMGM48F230320171054_w000_0.0s.wav,data/processed/features_10s/train/ehc_SUMMO_L/VE1LSUUIMGM48F230320171054_w000_0.0s.npy,ehc_SUMMO_L,ipvs,vowel_sustain,0,train,0.0,0.0
data/processed/audio_10s/train/ehc_SUMMO_L/VE1LSUUIMGM48F230320171054_w001_5.0s.wav,data/processed/features_10s/train/ehc_SUMMO_L/VE1LSUUIMGM48F230320171054_w001_5.0s.npy,ehc_SUMMO_L,ipvs,vowel_sustain,0,train,5.0,0.0
data/processed/audio_10s/train/ehc_SUMMO_L/VI1LSUUIMGM48F230320171055_w000_0.0s.wav,data/processed/features_10s/train/ehc_SUMMO_L/VI1LSUUIMGM48F230320171055_w000_0.0s.npy,ehc_SUMMO_L,ipvs,vowel_sustain,0,train,0.0,0.0
data/processed/audio_10s/train/ehc_SUMMO_L/VI1LSUUIMGM48F230320171055_w001_5.0s.wav,data/processed/features_10s/train/ehc_SUMMO_L/VI1LSUUIMGM48F230320171055_w001_5.0s.npy,ehc_SUMMO_L,ipvs,vowel_sustain,0,train,5.0,0.0
data/processed/audio_10s/train/ehc_SUMMO_L/VO1LSUUIMGM48F230320171056_w000_0.0s.wav,data/processed/features_10s/train/ehc_SUMMO_L/VO1LSUUIMGM48F230320171056_w000_0.0s.npy,ehc_SUMMO_L,ipvs,vowel_sustain,0,train,0.0,0.0
data/processed/audio_10s/train/ehc_SUMMO_L/VO1LSUUIMGM48F230320171056_w001_5.0s.wav,data/processed/features_10s/train/ehc_SUMMO_L/VO1LSUUIMGM48F230320171056_w001_5.0s.npy,ehc_SUMMO_L,ipvs,vowel_sustain,0,train,5.0,0.0
data/processed/audio_10s/train/ehc_SUMMO_L/VO1LSUUIMGM48F230320171056_w002_10.0s.wav,data/processed/features_10s/train/ehc_SUMMO_L/VO1LSUUIMGM48F230320171056_w002_10.0s.npy,ehc_SUMMO_L,ipvs,vowel_sustain,0,train,10.0,0.0
data/processed/audio_10s/train/ehc_SUMMO_L/VU1LSUUIMGM48F230320171057_w000_0.0s.wav,data/processed/features_10s/train/ehc_SUMMO_L/VU1LSUUIMGM48F230320171057_w000_0.0s.npy,ehc_SUMMO_L,ipvs,vowel_sustain,0,train,0.0,0.0
data/processed/audio_10s/train/ehc_SUMMO_L/VU1LSUUIMGM48F230320171057_w001_5.0s.wav,data/processed/features_10s/train/ehc_SUMMO_L/VU1LSUUIMGM48F230320171057_w001_5.0s.npy,ehc_SUMMO_L,ipvs,vowel_sustain,0,train,5.0,0.0
data/processed/audio_10s/val/ehc_TERESA_M/B1TMEIRAEC54F230320171150_w000_0.0s.wav,data/processed/features_10s/val/ehc_TERESA_M/B1TMEIRAEC54F230320171150_w000_0.0s.npy,ehc_TERESA_M,ipvs,syllable_repetition,0,val,0.0,0.0
data/processed/audio_10s/val/ehc_TERESA_M/B1TMEIRAEC54F230320171150_w001_5.0s.wav,data/processed/features_10s/val/ehc_TERESA_M/B1TMEIRAEC54F230320171150_w001_5.0s.npy,ehc_TERESA_M,ipvs,syllable_repetition,0,val,5.0,0.0
data/processed/audio_10s/val/ehc_TERESA_M/B1TMEIRAEC54F230320171150_w002_10.0s.wav,data/processed/features_10s/val/ehc_TERESA_M/B1TMEIRAEC54F230320171150_w002_10.0s.npy,ehc_TERESA_M,ipvs,syllable_repetition,0,val,10.0,0.0
data/processed/audio_10s/val/ehc_TERESA_M/B1TMEIRAEC54F230320171150_w003_15.0s.wav,data/processed/features_10s/val/ehc_TERESA_M/B1TMEIRAEC54F230320171150_w003_15.0s.npy,ehc_TERESA_M,ipvs,syllable_repetition,0,val,15.0,0.0
data/processed/audio_10s/val/ehc_TERESA_M/B1TMEIRAEC54F230320171150_w004_20.0s.wav,data/processed/features_10s/val/ehc_TERESA_M/B1TMEIRAEC54F230320171150_w004_20.0s.npy,ehc_TERESA_M,ipvs,syllable_repetition,0,val,20.0,0.0
data/processed/audio_10s/val/ehc_TERESA_M/B1TMEIRAEC54F230320171150_w005_25.0s.wav,data/processed/features_10s/val/ehc_TERESA_M/B1TMEIRAEC54F230320171150_w005_25.0s.npy,ehc_TERESA_M,ipvs,syllable_repetition,0,val,25.0,0.0
data/processed/audio_10s/val/ehc_TERESA_M/B1TMEIRAEC54F230320171150_w006_30.0s.wav,data/processed/features_10s/val/ehc_TERESA_M/B1TMEIRAEC54F230320171150_w006_30.0s.npy,ehc_TERESA_M,ipvs,syllable_repetition,0,val,30.0,0.0
data/processed/audio_10s/val/ehc_TERESA_M/B1TMEIRAEC54F230320171150_w007_35.0s.wav,data/processed/features_10s/val/ehc_TERESA_M/B1TMEIRAEC54F230320171150_w007_35.0s.npy,ehc_TERESA_M,ipvs,syllable_repetition,0,val,35.0,0.0
data/processed/audio_10s/val/ehc_TERESA_M/B1TMEIRAEC54F230320171150_w008_40.0s.wav,data/processed/features_10s/val/ehc_TERESA_M/B1TMEIRAEC54F230320171150_w008_40.0s.npy,ehc_TERESA_M,ipvs,syllable_repetition,0,val,40.0,0.0
data/processed/audio_10s/val/ehc_TERESA_M/B1TMEIRAEC54F230320171150_w009_45.0s.wav,data/processed/features_10s/val/ehc_TERESA_M/B1TMEIRAEC54F230320171150_w009_45.0s.npy,ehc_TERESA_M,ipvs,syllable_repetition,0,val,45.0,0.0
data/processed/audio_10s/val/ehc_TERESA_M/B1TMEIRAEC54F230320171150_w010_50.0s.wav,data/processed/features_10s/val/ehc_TERESA_M/B1TMEIRAEC54F230320171150_w010_50.0s.npy,ehc_TERESA_M,ipvs,syllable_repetition,0,val,50.0,0.0
data/processed/audio_10s/val/ehc_TERESA_M/B1TMEIRAEC54F230320171150_w011_55.0s.wav,data/processed/features_10s/val/ehc_TERESA_M/B1TMEIRAEC54F230320171150_w011_55.0s.npy,ehc_TERESA_M,ipvs,syllable_repetition,0,val,55.0,0.0
data/processed/audio_10s/val/ehc_TERESA_M/B1TMEIRAEC54F230320171150_w012_60.0s.wav,data/processed/features_10s/val/ehc_TERESA_M/B1TMEIRAEC54F230320171150_w012_60.0s.npy,ehc_TERESA_M,ipvs,syllable_repetition,0,val,60.0,0.0
data/processed/audio_10s/val/ehc_TERESA_M/B1TMEIRAEC54F230320171150_w013_65.0s.wav,data/processed/features_10s/val/ehc_TERESA_M/B1TMEIRAEC54F230320171150_w013_65.0s.npy,ehc_TERESA_M,ipvs,syllable_repetition,0,val,65.0,0.0
data/processed/audio_10s/val/ehc_TERESA_M/B2TMEIRAEC54F230320171152_w000_0.0s.wav,data/processed/features_10s/val/ehc_TERESA_M/B2TMEIRAEC54F230320171152_w000_0.0s.npy,ehc_TERESA_M,ipvs,syllable_repetition,0,val,0.0,0.0
data/processed/audio_10s/val/ehc_TERESA_M/B2TMEIRAEC54F230320171152_w001_5.0s.wav,data/processed/features_10s/val/ehc_TERESA_M/B2TMEIRAEC54F230320171152_w001_5.0s.npy,ehc_TERESA_M,ipvs,syllable_repetition,0,val,5.0,0.0
data/processed/audio_10s/val/ehc_TERESA_M/B2TMEIRAEC54F230320171152_w002_10.0s.wav,data/processed/features_10s/val/ehc_TERESA_M/B2TMEIRAEC54F230320171152_w002_10.0s.npy,ehc_TERESA_M,ipvs,syllable_repetition,0,val,10.0,0.0
data/processed/audio_10s/val/ehc_TERESA_M/B2TMEIRAEC54F230320171152_w003_15.0s.wav,data/processed/features_10s/val/ehc_TERESA_M/B2TMEIRAEC54F230320171152_w003_15.0s.npy,ehc_TERESA_M,ipvs,syllable_repetition,0,val,15.0,0.0
data/processed/audio_10s/val/ehc_TERESA_M/B2TMEIRAEC54F230320171152_w004_20.0s.wav,data/processed/features_10s/val/ehc_TERESA_M/B2TMEIRAEC54F230320171152_w004_20.0s.npy,ehc_TERESA_M,ipvs,syllable_repetition,0,val,20.0,0.0
data/processed/audio_10s/val/ehc_TERESA_M/B2TMEIRAEC54F230320171152_w005_25.0s.wav,data/processed/features_10s/val/ehc_TERESA_M/B2TMEIRAEC54F230320171152_w005_25.0s.npy,ehc_TERESA_M,ipvs,syllable_repetition,0,val,25.0,0.0
data/processed/audio_10s/val/ehc_TERESA_M/B2TMEIRAEC54F230320171152_w006_30.0s.wav,data/processed/features_10s/val/ehc_TERESA_M/B2TMEIRAEC54F230320171152_w006_30.0s.npy,ehc_TERESA_M,ipvs,syllable_repetition,0,val,30.0,0.0
data/processed/audio_10s/val/ehc_TERESA_M/B2TMEIRAEC54F230320171152_w007_35.0s.wav,data/processed/features_10s/val/ehc_TERESA_M/B2TMEIRAEC54F230320171152_w007_35.0s.npy,ehc_TERESA_M,ipvs,syllable_repetition,0,val,35.0,0.0
data/processed/audio_10s/val/ehc_TERESA_M/B2TMEIRAEC54F230320171152_w008_40.0s.wav,data/processed/features_10s/val/ehc_TERESA_M/B2TMEIRAEC54F230320171152_w008_40.0s.npy,ehc_TERESA_M,ipvs,syllable_repetition,0,val,40.0,0.0
data/processed/audio_10s/val/ehc_TERESA_M/B2TMEIRAEC54F230320171152_w009_45.0s.wav,data/processed/features_10s/val/ehc_TERESA_M/B2TMEIRAEC54F230320171152_w009_45.0s.npy,ehc_TERESA_M,ipvs,syllable_repetition,0,val,45.0,0.0
data/processed/audio_10s/val/ehc_TERESA_M/B2TMEIRAEC54F230320171152_w010_50.0s.wav,data/processed/features_10s/val/ehc_TERESA_M/B2TMEIRAEC54F230320171152_w010_50.0s.npy,ehc_TERESA_M,ipvs,syllable_repetition,0,val,50.0,0.0
data/processed/audio_10s/val/ehc_TERESA_M/FB1TMEIRAEC54F230320171158_w000_0.0s.wav,data/processed/features_10s/val/ehc_TERESA_M/FB1TMEIRAEC54F230320171158_w000_0.0s.npy,ehc_TERESA_M,ipvs,syllable_repetition,0,val,0.0,0.0
data/processed/audio_10s/val/ehc_TERESA_M/FB1TMEIRAEC54F230320171158_w001_5.0s.wav,data/processed/features_10s/val/ehc_TERESA_M/FB1TMEIRAEC54F230320171158_w001_5.0s.npy,ehc_TERESA_M,ipvs,syllable_repetition,0,val,5.0,0.0
data/processed/audio_10s/val/ehc_TERESA_M/FB1TMEIRAEC54F230320171158_w002_10.0s.wav,data/processed/features_10s/val/ehc_TERESA_M/FB1TMEIRAEC54F230320171158_w002_10.0s.npy,ehc_TERESA_M,ipvs,syllable_repetition,0,val,10.0,0.0
data/processed/audio_10s/val/ehc_TERESA_M/FB1TMEIRAEC54F230320171158_w003_15.0s.wav,data/processed/features_10s/val/ehc_TERESA_M/FB1TMEIRAEC54F230320171158_w003_15.0s.npy,ehc_TERESA_M,ipvs,syllable_repetition,0,val,15.0,0.0
data/processed/audio_10s/val/ehc_TERESA_M/FB1TMEIRAEC54F230320171158_w004_20.0s.wav,data/processed/features_10s/val/ehc_TERESA_M/FB1TMEIRAEC54F230320171158_w004_20.0s.npy,ehc_TERESA_M,ipvs,syllable_repetition,0,val,20.0,0.0
data/processed/audio_10s/val/ehc_TERESA_M/PR1TMEIRAEC54F230320171157_w000_0.0s.wav,data/processed/features_10s/val/ehc_TERESA_M/PR1TMEIRAEC54F230320171157_w000_0.0s.npy,ehc_TERESA_M,ipvs,reading_passage,0,val,0.0,0.0
data/processed/audio_10s/val/ehc_TERESA_M/PR1TMEIRAEC54F230320171157_w001_5.0s.wav,data/processed/features_10s/val/ehc_TERESA_M/PR1TMEIRAEC54F230320171157_w001_5.0s.npy,ehc_TERESA_M,ipvs,reading_passage,0,val,5.0,0.0
data/processed/audio_10s/val/ehc_TERESA_M/PR1TMEIRAEC54F230320171157_w002_10.0s.wav,data/processed/features_10s/val/ehc_TERESA_M/PR1TMEIRAEC54F230320171157_w002_10.0s.npy,ehc_TERESA_M,ipvs,reading_passage,0,val,10.0,0.0
data/processed/audio_10s/val/ehc_TERESA_M/PR1TMEIRAEC54F230320171157_w003_15.0s.wav,data/processed/features_10s/val/ehc_TERESA_M/PR1TMEIRAEC54F230320171157_w003_15.0s.npy,ehc_TERESA_M,ipvs,reading_passage,0,val,15.0,0.0
data/processed/audio_10s/val/ehc_TERESA_M/PR1TMEIRAEC54F230320171157_w004_20.0s.wav,data/processed/features_10s/val/ehc_TERESA_M/PR1TMEIRAEC54F230320171157_w004_20.0s.npy,ehc_TERESA_M,ipvs,reading_passage,0,val,20.0,0.0
data/processed/audio_10s/val/ehc_TERESA_M/PR1TMEIRAEC54F230320171157_w005_25.0s.wav,data/processed/features_10s/val/ehc_TERESA_M/PR1TMEIRAEC54F230320171157_w005_25.0s.npy,ehc_TERESA_M,ipvs,reading_passage,0,val,25.0,0.0
data/processed/audio_10s/val/ehc_TERESA_M/PR1TMEIRAEC54F230320171157_w006_30.0s.wav,data/processed/features_10s/val/ehc_TERESA_M/PR1TMEIRAEC54F230320171157_w006_30.0s.npy,ehc_TERESA_M,ipvs,reading_passage,0,val,30.0,0.0
data/processed/audio_10s/val/ehc_TERESA_M/PR1TMEIRAEC54F230320171157_w007_35.0s.wav,data/processed/features_10s/val/ehc_TERESA_M/PR1TMEIRAEC54F230320171157_w007_35.0s.npy,ehc_TERESA_M,ipvs,reading_passage,0,val,35.0,0.0
data/processed/audio_10s/val/ehc_TERESA_M/PR1TMEIRAEC54F230320171157_w008_40.0s.wav,data/processed/features_10s/val/ehc_TERESA_M/PR1TMEIRAEC54F230320171157_w008_40.0s.npy,ehc_TERESA_M,ipvs,reading_passage,0,val,40.0,0.0
data/processed/audio_10s/train/ehc_VITANTONIO_D/PR1VDIETAS47M210320170948_w000_0.0s.wav,data/processed/features_10s/train/ehc_VITANTONIO_D/PR1VDIETAS47M210320170948_w000_0.0s.npy,ehc_VITANTONIO_D,ipvs,reading_passage,0,train,0.0,0.0
data/processed/audio_10s/train/ehc_VITANTONIO_D/PR1VDIETAS47M210320170948_w001_5.0s.wav,data/processed/features_10s/train/ehc_VITANTONIO_D/PR1VDIETAS47M210320170948_w001_5.0s.npy,ehc_VITANTONIO_D,ipvs,reading_passage,0,train,5.0,0.0
data/processed/audio_10s/train/ehc_VITANTONIO_D/PR1VDIETAS47M210320170948_w002_10.0s.wav,data/processed/features_10s/train/ehc_VITANTONIO_D/PR1VDIETAS47M210320170948_w002_10.0s.npy,ehc_VITANTONIO_D,ipvs,reading_passage,0,train,10.0,0.0
data/processed/audio_10s/train/ehc_VITANTONIO_D/PR1VDIETAS47M210320170948_w003_15.0s.wav,data/processed/features_10s/train/ehc_VITANTONIO_D/PR1VDIETAS47M210320170948_w003_15.0s.npy,ehc_VITANTONIO_D,ipvs,reading_passage,0,train,15.0,0.0
data/processed/audio_10s/train/ehc_VITANTONIO_D/PR1VDIETAS47M210320170948_w004_20.0s.wav,data/processed/features_10s/train/ehc_VITANTONIO_D/PR1VDIETAS47M210320170948_w004_20.0s.npy,ehc_VITANTONIO_D,ipvs,reading_passage,0,train,20.0,0.0
data/processed/audio_10s/train/ehc_VITANTONIO_D/PR1VDIETAS47M210320170948_w005_25.0s.wav,data/processed/features_10s/train/ehc_VITANTONIO_D/PR1VDIETAS47M210320170948_w005_25.0s.npy,ehc_VITANTONIO_D,ipvs,reading_passage,0,train,25.0,0.0
data/processed/audio_10s/train/ehc_VITANTONIO_D/PR1VDIETAS47M210320170948_w006_30.0s.wav,data/processed/features_10s/train/ehc_VITANTONIO_D/PR1VDIETAS47M210320170948_w006_30.0s.npy,ehc_VITANTONIO_D,ipvs,reading_passage,0,train,30.0,0.0
data/processed/audio_10s/train/ehc_VITANTONIO_D/PR1VDIETAS47M210320170948_w007_35.0s.wav,data/processed/features_10s/train/ehc_VITANTONIO_D/PR1VDIETAS47M210320170948_w007_35.0s.npy,ehc_VITANTONIO_D,ipvs,reading_passage,0,train,35.0,0.0
data/processed/audio_10s/train/ehc_VITANTONIO_D/PR1VDIETAS47M210320170948_w008_40.0s.wav,data/processed/features_10s/train/ehc_VITANTONIO_D/PR1VDIETAS47M210320170948_w008_40.0s.npy,ehc_VITANTONIO_D,ipvs,reading_passage,0,train,40.0,0.0
data/processed/audio_10s/train/ehc_VITANTONIO_D/PR1VDIETAS47M210320170948_w009_45.0s.wav,data/processed/features_10s/train/ehc_VITANTONIO_D/PR1VDIETAS47M210320170948_w009_45.0s.npy,ehc_VITANTONIO_D,ipvs,reading_passage,0,train,45.0,0.0
data/processed/audio_10s/train/ehc_VITANTONIO_D/PR1VDIETAS47M210320170948_w010_50.0s.wav,data/processed/features_10s/train/ehc_VITANTONIO_D/PR1VDIETAS47M210320170948_w010_50.0s.npy,ehc_VITANTONIO_D,ipvs,reading_passage,0,train,50.0,0.0
data/processed/audio_10s/train/ehc_VITANTONIO_D/VA2VDIET AS47M210320170943_w000_0.0s.wav,data/processed/features_10s/train/ehc_VITANTONIO_D/VA2VDIET AS47M210320170943_w000_0.0s.npy,ehc_VITANTONIO_D,ipvs,vowel_sustain,0,train,0.0,0.1642
data/processed/audio_10s/train/ehc_VITANTONIO_D/VE1VDIET AS47M210320170943_w000_0.0s.wav,data/processed/features_10s/train/ehc_VITANTONIO_D/VE1VDIET AS47M210320170943_w000_0.0s.npy,ehc_VITANTONIO_D,ipvs,vowel_sustain,0,train,0.0,0.0496
data/processed/audio_10s/train/ehc_VITANTONIO_D/VO1VDIET AS47M210320170945_w000_0.0s.wav,data/processed/features_10s/train/ehc_VITANTONIO_D/VO1VDIET AS47M210320170945_w000_0.0s.npy,ehc_VITANTONIO_D,ipvs,vowel_sustain,0,train,0.0,0.0
data/processed/audio_10s/val/ehc_VITO_A/B1VAILTFOO49M230320171029_w000_0.0s.wav,data/processed/features_10s/val/ehc_VITO_A/B1VAILTFOO49M230320171029_w000_0.0s.npy,ehc_VITO_A,ipvs,syllable_repetition,0,val,0.0,0.0
data/processed/audio_10s/val/ehc_VITO_A/B1VAILTFOO49M230320171029_w001_5.0s.wav,data/processed/features_10s/val/ehc_VITO_A/B1VAILTFOO49M230320171029_w001_5.0s.npy,ehc_VITO_A,ipvs,syllable_repetition,0,val,5.0,0.0
data/processed/audio_10s/val/ehc_VITO_A/B1VAILTFOO49M230320171029_w002_10.0s.wav,data/processed/features_10s/val/ehc_VITO_A/B1VAILTFOO49M230320171029_w002_10.0s.npy,ehc_VITO_A,ipvs,syllable_repetition,0,val,10.0,0.0
data/processed/audio_10s/val/ehc_VITO_A/B1VAILTFOO49M230320171029_w003_15.0s.wav,data/processed/features_10s/val/ehc_VITO_A/B1VAILTFOO49M230320171029_w003_15.0s.npy,ehc_VITO_A,ipvs,syllable_repetition,0,val,15.0,0.0
data/processed/audio_10s/val/ehc_VITO_A/B1VAILTFOO49M230320171029_w004_20.0s.wav,data/processed/features_10s/val/ehc_VITO_A/B1VAILTFOO49M230320171029_w004_20.0s.npy,ehc_VITO_A,ipvs,syllable_repetition,0,val,20.0,0.0
data/processed/audio_10s/val/ehc_VITO_A/B1VAILTFOO49M230320171029_w005_25.0s.wav,data/processed/features_10s/val/ehc_VITO_A/B1VAILTFOO49M230320171029_w005_25.0s.npy,ehc_VITO_A,ipvs,syllable_repetition,0,val,25.0,0.0
data/processed/audio_10s/val/ehc_VITO_A/B1VAILTFOO49M230320171029_w006_30.0s.wav,data/processed/features_10s/val/ehc_VITO_A/B1VAILTFOO49M230320171029_w006_30.0s.npy,ehc_VITO_A,ipvs,syllable_repetition,0,val,30.0,0.0
data/processed/audio_10s/val/ehc_VITO_A/B1VAILTFOO49M230320171029_w007_35.0s.wav,data/processed/features_10s/val/ehc_VITO_A/B1VAILTFOO49M230320171029_w007_35.0s.npy,ehc_VITO_A,ipvs,syllable_repetition,0,val,35.0,0.0
data/processed/audio_10s/val/ehc_VITO_A/B1VAILTFOO49M230320171029_w008_40.0s.wav,data/processed/features_10s/val/ehc_VITO_A/B1VAILTFOO49M230320171029_w008_40.0s.npy,ehc_VITO_A,ipvs,syllable_repetition,0,val,40.0,0.0
data/processed/audio_10s/val/ehc_VITO_A/B1VAILTFOO49M230320171029_w009_45.0s.wav,data/processed/features_10s/val/ehc_VITO_A/B1VAILTFOO49M230320171029_w009_45.0s.npy,ehc_VITO_A,ipvs,syllable_repetition,0,val,45.0,0.0
data/processed/audio_10s/val/ehc_VITO_A/B2VAILTFOO49M230320171030_w000_0.0s.wav,data/processed/features_10s/val/ehc_VITO_A/B2VAILTFOO49M230320171030_w000_0.0s.npy,ehc_VITO_A,ipvs,syllable_repetition,0,val,0.0,0.0
data/processed/audio_10s/val/ehc_VITO_A/B2VAILTFOO49M230320171030_w001_5.0s.wav,data/processed/features_10s/val/ehc_VITO_A/B2VAILTFOO49M230320171030_w001_5.0s.npy,ehc_VITO_A,ipvs,syllable_repetition,0,val,5.0,0.0
data/processed/audio_10s/val/ehc_VITO_A/B2VAILTFOO49M230320171030_w002_10.0s.wav,data/processed/features_10s/val/ehc_VITO_A/B2VAILTFOO49M230320171030_w002_10.0s.npy,ehc_VITO_A,ipvs,syllable_repetition,0,val,10.0,0.0
data/processed/audio_10s/val/ehc_VITO_A/B2VAILTFOO49M230320171030_w003_15.0s.wav,data/processed/features_10s/val/ehc_VITO_A/B2VAILTFOO49M230320171030_w003_15.0s.npy,ehc_VITO_A,ipvs,syllable_repetition,0,val,15.0,0.0
data/processed/audio_10s/val/ehc_VITO_A/B2VAILTFOO49M230320171030_w004_20.0s.wav,data/processed/features_10s/val/ehc_VITO_A/B2VAILTFOO49M230320171030_w004_20.0s.npy,ehc_VITO_A,ipvs,syllable_repetition,0,val,20.0,0.0
data/processed/audio_10s/val/ehc_VITO_A/B2VAILTFOO49M230320171030_w005_25.0s.wav,data/processed/features_10s/val/ehc_VITO_A/B2VAILTFOO49M230320171030_w005_25.0s.npy,ehc_VITO_A,ipvs,syllable_repetition,0,val,25.0,0.0
data/processed/audio_10s/val/ehc_VITO_A/B2VAILTFOO49M230320171030_w006_30.0s.wav,data/processed/features_10s/val/ehc_VITO_A/B2VAILTFOO49M230320171030_w006_30.0s.npy,ehc_VITO_A,ipvs,syllable_repetition,0,val,30.0,0.0
data/processed/audio_10s/val/ehc_VITO_A/B2VAILTFOO49M230320171030_w007_35.0s.wav,data/processed/features_10s/val/ehc_VITO_A/B2VAILTFOO49M230320171030_w007_35.0s.npy,ehc_VITO_A,ipvs,syllable_repetition,0,val,35.0,0.0
data/processed/audio_10s/val/ehc_VITO_A/B2VAILTFOO49M230320171030_w008_40.0s.wav,data/processed/features_10s/val/ehc_VITO_A/B2VAILTFOO49M230320171030_w008_40.0s.npy,ehc_VITO_A,ipvs,syllable_repetition,0,val,40.0,0.0
data/processed/audio_10s/val/ehc_VITO_A/FB1VAILTFOO49M230320171036_w000_0.0s.wav,data/processed/features_10s/val/ehc_VITO_A/FB1VAILTFOO49M230320171036_w000_0.0s.npy,ehc_VITO_A,ipvs,syllable_repetition,0,val,0.0,0.0
data/processed/audio_10s/val/ehc_VITO_A/FB1VAILTFOO49M230320171036_w001_5.0s.wav,data/processed/features_10s/val/ehc_VITO_A/FB1VAILTFOO49M230320171036_w001_5.0s.npy,ehc_VITO_A,ipvs,syllable_repetition,0,val,5.0,0.0
data/processed/audio_10s/val/ehc_VITO_A/FB1VAILTFOO49M230320171036_w002_10.0s.wav,data/processed/features_10s/val/ehc_VITO_A/FB1VAILTFOO49M230320171036_w002_10.0s.npy,ehc_VITO_A,ipvs,syllable_repetition,0,val,10.0,0.0
data/processed/audio_10s/val/ehc_VITO_A/FB1VAILTFOO49M230320171036_w003_15.0s.wav,data/processed/features_10s/val/ehc_VITO_A/FB1VAILTFOO49M230320171036_w003_15.0s.npy,ehc_VITO_A,ipvs,syllable_repetition,0,val,15.0,0.0
data/processed/audio_10s/val/ehc_VITO_A/PR1VAILTFOO49M230320171035_w000_0.0s.wav,data/processed/features_10s/val/ehc_VITO_A/PR1VAILTFOO49M230320171035_w000_0.0s.npy,ehc_VITO_A,ipvs,reading_passage,0,val,0.0,0.0
data/processed/audio_10s/val/ehc_VITO_A/PR1VAILTFOO49M230320171035_w001_5.0s.wav,data/processed/features_10s/val/ehc_VITO_A/PR1VAILTFOO49M230320171035_w001_5.0s.npy,ehc_VITO_A,ipvs,reading_passage,0,val,5.0,0.0
data/processed/audio_10s/val/ehc_VITO_A/PR1VAILTFOO49M230320171035_w002_10.0s.wav,data/processed/features_10s/val/ehc_VITO_A/PR1VAILTFOO49M230320171035_w002_10.0s.npy,ehc_VITO_A,ipvs,reading_passage,0,val,10.0,0.0
data/processed/audio_10s/val/ehc_VITO_A/PR1VAILTFOO49M230320171035_w003_15.0s.wav,data/processed/features_10s/val/ehc_VITO_A/PR1VAILTFOO49M230320171035_w003_15.0s.npy,ehc_VITO_A,ipvs,reading_passage,0,val,15.0,0.0
data/processed/audio_10s/val/ehc_VITO_A/PR1VAILTFOO49M230320171035_w004_20.0s.wav,data/processed/features_10s/val/ehc_VITO_A/PR1VAILTFOO49M230320171035_w004_20.0s.npy,ehc_VITO_A,ipvs,reading_passage,0,val,20.0,0.0
data/processed/audio_10s/val/ehc_VITO_A/PR1VAILTFOO49M230320171035_w005_25.0s.wav,data/processed/features_10s/val/ehc_VITO_A/PR1VAILTFOO49M230320171035_w005_25.0s.npy,ehc_VITO_A,ipvs,reading_passage,0,val,25.0,0.0
data/processed/audio_10s/val/ehc_VITO_A/PR1VAILTFOO49M230320171035_w006_30.0s.wav,data/processed/features_10s/val/ehc_VITO_A/PR1VAILTFOO49M230320171035_w006_30.0s.npy,ehc_VITO_A,ipvs,reading_passage,0,val,30.0,0.0
data/processed/audio_10s/val/ehc_VITO_A/VA1VAILTFOO49M230320171031_w000_0.0s.wav,data/processed/features_10s/val/ehc_VITO_A/VA1VAILTFOO49M230320171031_w000_0.0s.npy,ehc_VITO_A,ipvs,vowel_sustain,0,val,0.0,0.0048
data/processed/audio_10s/val/ehc_VITO_A/VI1VAILTFOO49M230320171032_w000_0.0s.wav,data/processed/features_10s/val/ehc_VITO_A/VI1VAILTFOO49M230320171032_w000_0.0s.npy,ehc_VITO_A,ipvs,vowel_sustain,0,val,0.0,0.1072
data/processed/audio_10s/train/ehc_VITO_L/B1VLIATFOO55M300320171237_w000_0.0s.wav,data/processed/features_10s/train/ehc_VITO_L/B1VLIATFOO55M300320171237_w000_0.0s.npy,ehc_VITO_L,ipvs,syllable_repetition,0,train,0.0,0.0
data/processed/audio_10s/train/ehc_VITO_L/B1VLIATFOO55M300320171237_w001_5.0s.wav,data/processed/features_10s/train/ehc_VITO_L/B1VLIATFOO55M300320171237_w001_5.0s.npy,ehc_VITO_L,ipvs,syllable_repetition,0,train,5.0,0.0
data/processed/audio_10s/train/ehc_VITO_L/B1VLIATFOO55M300320171237_w002_10.0s.wav,data/processed/features_10s/train/ehc_VITO_L/B1VLIATFOO55M300320171237_w002_10.0s.npy,ehc_VITO_L,ipvs,syllable_repetition,0,train,10.0,0.0
data/processed/audio_10s/train/ehc_VITO_L/B1VLIATFOO55M300320171237_w003_15.0s.wav,data/processed/features_10s/train/ehc_VITO_L/B1VLIATFOO55M300320171237_w003_15.0s.npy,ehc_VITO_L,ipvs,syllable_repetition,0,train,15.0,0.0
data/processed/audio_10s/train/ehc_VITO_L/B1VLIATFOO55M300320171237_w004_20.0s.wav,data/processed/features_10s/train/ehc_VITO_L/B1VLIATFOO55M300320171237_w004_20.0s.npy,ehc_VITO_L,ipvs,syllable_repetition,0,train,20.0,0.0
data/processed/audio_10s/train/ehc_VITO_L/B1VLIATFOO55M300320171237_w005_25.0s.wav,data/processed/features_10s/train/ehc_VITO_L/B1VLIATFOO55M300320171237_w005_25.0s.npy,ehc_VITO_L,ipvs,syllable_repetition,0,train,25.0,0.0
data/processed/audio_10s/train/ehc_VITO_L/B1VLIATFOO55M300320171237_w006_30.0s.wav,data/processed/features_10s/train/ehc_VITO_L/B1VLIATFOO55M300320171237_w006_30.0s.npy,ehc_VITO_L,ipvs,syllable_repetition,0,train,30.0,0.0
data/processed/audio_10s/train/ehc_VITO_L/B1VLIATFOO55M300320171237_w007_35.0s.wav,data/processed/features_10s/train/ehc_VITO_L/B1VLIATFOO55M300320171237_w007_35.0s.npy,ehc_VITO_L,ipvs,syllable_repetition,0,train,35.0,0.0
data/processed/audio_10s/train/ehc_VITO_L/B1VLIATFOO55M300320171237_w008_40.0s.wav,data/processed/features_10s/train/ehc_VITO_L/B1VLIATFOO55M300320171237_w008_40.0s.npy,ehc_VITO_L,ipvs,syllable_repetition,0,train,40.0,0.0
data/processed/audio_10s/train/ehc_VITO_L/B1VLIATFOO55M300320171237_w009_45.0s.wav,data/processed/features_10s/train/ehc_VITO_L/B1VLIATFOO55M300320171237_w009_45.0s.npy,ehc_VITO_L,ipvs,syllable_repetition,0,train,45.0,0.0
data/processed/audio_10s/train/ehc_VITO_L/B1VLIATFOO55M300320171237_w010_50.0s.wav,data/processed/features_10s/train/ehc_VITO_L/B1VLIATFOO55M300320171237_w010_50.0s.npy,ehc_VITO_L,ipvs,syllable_repetition,0,train,50.0,0.0
data/processed/audio_10s/train/ehc_VITO_L/B1VLIATFOO55M300320171237_w011_55.0s.wav,data/processed/features_10s/train/ehc_VITO_L/B1VLIATFOO55M300320171237_w011_55.0s.npy,ehc_VITO_L,ipvs,syllable_repetition,0,train,55.0,0.0
data/processed/audio_10s/train/ehc_VITO_L/B1VLIATFOO55M300320171237_w012_60.0s.wav,data/processed/features_10s/train/ehc_VITO_L/B1VLIATFOO55M300320171237_w012_60.0s.npy,ehc_VITO_L,ipvs,syllable_repetition,0,train,60.0,0.0
data/processed/audio_10s/train/ehc_VITO_L/B1VLIATFOO55M300320171237_w013_65.0s.wav,data/processed/features_10s/train/ehc_VITO_L/B1VLIATFOO55M300320171237_w013_65.0s.npy,ehc_VITO_L,ipvs,syllable_repetition,0,train,65.0,0.0
data/processed/audio_10s/train/ehc_VITO_L/B1VLIATFOO55M300320171237_w014_70.0s.wav,data/processed/features_10s/train/ehc_VITO_L/B1VLIATFOO55M300320171237_w014_70.0s.npy,ehc_VITO_L,ipvs,syllable_repetition,0,train,70.0,0.0
data/processed/audio_10s/train/ehc_VITO_L/B1VLIATFOO55M300320171237_w015_75.0s.wav,data/processed/features_10s/train/ehc_VITO_L/B1VLIATFOO55M300320171237_w015_75.0s.npy,ehc_VITO_L,ipvs,syllable_repetition,0,train,75.0,0.0
data/processed/audio_10s/train/ehc_VITO_L/B1VLIATFOO55M300320171237_w016_80.0s.wav,data/processed/features_10s/train/ehc_VITO_L/B1VLIATFOO55M300320171237_w016_80.0s.npy,ehc_VITO_L,ipvs,syllable_repetition,0,train,80.0,0.0
data/processed/audio_10s/train/ehc_VITO_L/B2VLIATFOO55M300320171238_w000_0.0s.wav,data/processed/features_10s/train/ehc_VITO_L/B2VLIATFOO55M300320171238_w000_0.0s.npy,ehc_VITO_L,ipvs,syllable_repetition,0,train,0.0,0.0
data/processed/audio_10s/train/ehc_VITO_L/B2VLIATFOO55M300320171238_w001_5.0s.wav,data/processed/features_10s/train/ehc_VITO_L/B2VLIATFOO55M300320171238_w001_5.0s.npy,ehc_VITO_L,ipvs,syllable_repetition,0,train,5.0,0.0
data/processed/audio_10s/train/ehc_VITO_L/B2VLIATFOO55M300320171238_w002_10.0s.wav,data/processed/features_10s/train/ehc_VITO_L/B2VLIATFOO55M300320171238_w002_10.0s.npy,ehc_VITO_L,ipvs,syllable_repetition,0,train,10.0,0.0
data/processed/audio_10s/train/ehc_VITO_L/B2VLIATFOO55M300320171238_w003_15.0s.wav,data/processed/features_10s/train/ehc_VITO_L/B2VLIATFOO55M300320171238_w003_15.0s.npy,ehc_VITO_L,ipvs,syllable_repetition,0,train,15.0,0.0
data/processed/audio_10s/train/ehc_VITO_L/B2VLIATFOO55M300320171238_w004_20.0s.wav,data/processed/features_10s/train/ehc_VITO_L/B2VLIATFOO55M300320171238_w004_20.0s.npy,ehc_VITO_L,ipvs,syllable_repetition,0,train,20.0,0.0
data/processed/audio_10s/train/ehc_VITO_L/B2VLIATFOO55M300320171238_w005_25.0s.wav,data/processed/features_10s/train/ehc_VITO_L/B2VLIATFOO55M300320171238_w005_25.0s.npy,ehc_VITO_L,ipvs,syllable_repetition,0,train,25.0,0.0
data/processed/audio_10s/train/ehc_VITO_L/B2VLIATFOO55M300320171238_w006_30.0s.wav,data/processed/features_10s/train/ehc_VITO_L/B2VLIATFOO55M300320171238_w006_30.0s.npy,ehc_VITO_L,ipvs,syllable_repetition,0,train,30.0,0.0
data/processed/audio_10s/train/ehc_VITO_L/B2VLIATFOO55M300320171238_w007_35.0s.wav,data/processed/features_10s/train/ehc_VITO_L/B2VLIATFOO55M300320171238_w007_35.0s.npy,ehc_VITO_L,ipvs,syllable_repetition,0,train,35.0,0.0
data/processed/audio_10s/train/ehc_VITO_L/B2VLIATFOO55M300320171238_w008_40.0s.wav,data/processed/features_10s/train/ehc_VITO_L/B2VLIATFOO55M300320171238_w008_40.0s.npy,ehc_VITO_L,ipvs,syllable_repetition,0,train,40.0,0.0
data/processed/audio_10s/train/ehc_VITO_L/B2VLIATFOO55M300320171238_w009_45.0s.wav,data/processed/features_10s/train/ehc_VITO_L/B2VLIATFOO55M300320171238_w009_45.0s.npy,ehc_VITO_L,ipvs,syllable_repetition,0,train,45.0,0.0
data/processed/audio_10s/train/ehc_VITO_L/B2VLIATFOO55M300320171238_w010_50.0s.wav,data/processed/features_10s/train/ehc_VITO_L/B2VLIATFOO55M300320171238_w010_50.0s.npy,ehc_VITO_L,ipvs,syllable_repetition,0,train,50.0,0.0
data/processed/audio_10s/train/ehc_VITO_L/B2VLIATFOO55M300320171238_w011_55.0s.wav,data/processed/features_10s/train/ehc_VITO_L/B2VLIATFOO55M300320171238_w011_55.0s.npy,ehc_VITO_L,ipvs,syllable_repetition,0,train,55.0,0.0
data/processed/audio_10s/train/ehc_VITO_L/FB1VLIATFOO55M300320171243_w000_0.0s.wav,data/processed/features_10s/train/ehc_VITO_L/FB1VLIATFOO55M300320171243_w000_0.0s.npy,ehc_VITO_L,ipvs,syllable_repetition,0,train,0.0,0.0
data/processed/audio_10s/train/ehc_VITO_L/FB1VLIATFOO55M300320171243_w001_5.0s.wav,data/processed/features_10s/train/ehc_VITO_L/FB1VLIATFOO55M300320171243_w001_5.0s.npy,ehc_VITO_L,ipvs,syllable_repetition,0,train,5.0,0.0
data/processed/audio_10s/train/ehc_VITO_L/FB1VLIATFOO55M300320171243_w002_10.0s.wav,data/processed/features_10s/train/ehc_VITO_L/FB1VLIATFOO55M300320171243_w002_10.0s.npy,ehc_VITO_L,ipvs,syllable_repetition,0,train,10.0,0.0
data/processed/audio_10s/train/ehc_VITO_L/FB1VLIATFOO55M300320171243_w003_15.0s.wav,data/processed/features_10s/train/ehc_VITO_L/FB1VLIATFOO55M300320171243_w003_15.0s.npy,ehc_VITO_L,ipvs,syllable_repetition,0,train,15.0,0.0
data/processed/audio_10s/train/ehc_VITO_L/PR1VLIATFOO55M300320171241_w000_0.0s.wav,data/processed/features_10s/train/ehc_VITO_L/PR1VLIATFOO55M300320171241_w000_0.0s.npy,ehc_VITO_L,ipvs,reading_passage,0,train,0.0,0.0
data/processed/audio_10s/train/ehc_VITO_L/PR1VLIATFOO55M300320171241_w001_5.0s.wav,data/processed/features_10s/train/ehc_VITO_L/PR1VLIATFOO55M300320171241_w001_5.0s.npy,ehc_VITO_L,ipvs,reading_passage,0,train,5.0,0.0
data/processed/audio_10s/train/ehc_VITO_L/PR1VLIATFOO55M300320171241_w002_10.0s.wav,data/processed/features_10s/train/ehc_VITO_L/PR1VLIATFOO55M300320171241_w002_10.0s.npy,ehc_VITO_L,ipvs,reading_passage,0,train,10.0,0.0
data/processed/audio_10s/train/ehc_VITO_L/PR1VLIATFOO55M300320171241_w003_15.0s.wav,data/processed/features_10s/train/ehc_VITO_L/PR1VLIATFOO55M300320171241_w003_15.0s.npy,ehc_VITO_L,ipvs,reading_passage,0,train,15.0,0.0
data/processed/audio_10s/train/ehc_VITO_L/PR1VLIATFOO55M300320171241_w004_20.0s.wav,data/processed/features_10s/train/ehc_VITO_L/PR1VLIATFOO55M300320171241_w004_20.0s.npy,ehc_VITO_L,ipvs,reading_passage,0,train,20.0,0.0
data/processed/audio_10s/train/ehc_VITO_L/PR1VLIATFOO55M300320171241_w005_25.0s.wav,data/processed/features_10s/train/ehc_VITO_L/PR1VLIATFOO55M300320171241_w005_25.0s.npy,ehc_VITO_L,ipvs,reading_passage,0,train,25.0,0.0
data/processed/audio_10s/train/ehc_VITO_L/PR1VLIATFOO55M300320171241_w006_30.0s.wav,data/processed/features_10s/train/ehc_VITO_L/PR1VLIATFOO55M300320171241_w006_30.0s.npy,ehc_VITO_L,ipvs,reading_passage,0,train,30.0,0.0
data/processed/audio_10s/train/ehc_VITO_L/PR1VLIATFOO55M300320171241_w007_35.0s.wav,data/processed/features_10s/train/ehc_VITO_L/PR1VLIATFOO55M300320171241_w007_35.0s.npy,ehc_VITO_L,ipvs,reading_passage,0,train,35.0,0.0
data/processed/audio_10s/train/ehc_VITO_L/VA1VLIATFOO55M300320171245_w000_0.0s.wav,data/processed/features_10s/train/ehc_VITO_L/VA1VLIATFOO55M300320171245_w000_0.0s.npy,ehc_VITO_L,ipvs,vowel_sustain,0,train,0.0,0.0
data/processed/audio_10s/train/ehc_VITO_L/VA1VLIATFOO55M300320171245_w001_5.0s.wav,data/processed/features_10s/train/ehc_VITO_L/VA1VLIATFOO55M300320171245_w001_5.0s.npy,ehc_VITO_L,ipvs,vowel_sustain,0,train,5.0,0.0
data/processed/audio_10s/train/ehc_VITO_L/VA1VLIATFOO55M300320171245_w002_10.0s.wav,data/processed/features_10s/train/ehc_VITO_L/VA1VLIATFOO55M300320171245_w002_10.0s.npy,ehc_VITO_L,ipvs,vowel_sustain,0,train,10.0,0.0
data/processed/audio_10s/train/ehc_VITO_L/VE1VLIATFOO55M300320171246_w000_0.0s.wav,data/processed/features_10s/train/ehc_VITO_L/VE1VLIATFOO55M300320171246_w000_0.0s.npy,ehc_VITO_L,ipvs,vowel_sustain,0,train,0.0,0.0
data/processed/audio_10s/train/ehc_VITO_L/VE1VLIATFOO55M300320171246_w001_5.0s.wav,data/processed/features_10s/train/ehc_VITO_L/VE1VLIATFOO55M300320171246_w001_5.0s.npy,ehc_VITO_L,ipvs,vowel_sustain,0,train,5.0,0.0
data/processed/audio_10s/train/ehc_VITO_L/VE1VLIATFOO55M300320171246_w002_10.0s.wav,data/processed/features_10s/train/ehc_VITO_L/VE1VLIATFOO55M300320171246_w002_10.0s.npy,ehc_VITO_L,ipvs,vowel_sustain,0,train,10.0,0.0
data/processed/audio_10s/train/ehc_VITO_L/VE1VLIATFOO55M300320171246_w003_15.0s.wav,data/processed/features_10s/train/ehc_VITO_L/VE1VLIATFOO55M300320171246_w003_15.0s.npy,ehc_VITO_L,ipvs,vowel_sustain,0,train,15.0,0.0
data/processed/audio_10s/train/ehc_VITO_L/VI1VLIATFOO55M300320171247_w000_0.0s.wav,data/processed/features_10s/train/ehc_VITO_L/VI1VLIATFOO55M300320171247_w000_0.0s.npy,ehc_VITO_L,ipvs,vowel_sustain,0,train,0.0,0.0
data/processed/audio_10s/train/ehc_VITO_L/VI1VLIATFOO55M300320171247_w001_5.0s.wav,data/processed/features_10s/train/ehc_VITO_L/VI1VLIATFOO55M300320171247_w001_5.0s.npy,ehc_VITO_L,ipvs,vowel_sustain,0,train,5.0,0.0
data/processed/audio_10s/train/ehc_VITO_L/VI1VLIATFOO55M300320171247_w002_10.0s.wav,data/processed/features_10s/train/ehc_VITO_L/VI1VLIATFOO55M300320171247_w002_10.0s.npy,ehc_VITO_L,ipvs,vowel_sustain,0,train,10.0,0.0
data/processed/audio_10s/train/ehc_VITO_L/VO1VLIATFOO55M300320171247_w000_0.0s.wav,data/processed/features_10s/train/ehc_VITO_L/VO1VLIATFOO55M300320171247_w000_0.0s.npy,ehc_VITO_L,ipvs,vowel_sustain,0,train,0.0,0.0
data/processed/audio_10s/train/ehc_VITO_L/VO1VLIATFOO55M300320171247_w001_5.0s.wav,data/processed/features_10s/train/ehc_VITO_L/VO1VLIATFOO55M300320171247_w001_5.0s.npy,ehc_VITO_L,ipvs,vowel_sustain,0,train,5.0,0.0
data/processed/audio_10s/train/ehc_VITO_L/VO1VLIATFOO55M300320171247_w002_10.0s.wav,data/processed/features_10s/train/ehc_VITO_L/VO1VLIATFOO55M300320171247_w002_10.0s.npy,ehc_VITO_L,ipvs,vowel_sustain,0,train,10.0,0.0
data/processed/audio_10s/train/ehc_VITO_L/VO1VLIATFOO55M300320171247_w003_15.0s.wav,data/processed/features_10s/train/ehc_VITO_L/VO1VLIATFOO55M300320171247_w003_15.0s.npy,ehc_VITO_L,ipvs,vowel_sustain,0,train,15.0,0.0
data/processed/audio_10s/train/ehc_VITO_L/VU1VLIATFOO55M300320171248_w000_0.0s.wav,data/processed/features_10s/train/ehc_VITO_L/VU1VLIATFOO55M300320171248_w000_0.0s.npy,ehc_VITO_L,ipvs,vowel_sustain,0,train,0.0,0.0
data/processed/audio_10s/train/ehc_VITO_L/VU1VLIATFOO55M300320171248_w001_5.0s.wav,data/processed/features_10s/train/ehc_VITO_L/VU1VLIATFOO55M300320171248_w001_5.0s.npy,ehc_VITO_L,ipvs,vowel_sustain,0,train,5.0,0.0
data/processed/audio_10s/train/ehc_VITO_L/VU1VLIATFOO55M300320171248_w002_10.0s.wav,data/processed/features_10s/train/ehc_VITO_L/VU1VLIATFOO55M300320171248_w002_10.0s.npy,ehc_VITO_L,ipvs,vowel_sustain,0,train,10.0,0.0
data/processed/audio_10s/train/pd_1-5_Domenico_C/B1cdaopmoe67M2605161902_w000_0.0s.wav,data/processed/features_10s/train/pd_1-5_Domenico_C/B1cdaopmoe67M2605161902_w000_0.0s.npy,pd_1-5_Domenico_C,ipvs,syllable_repetition,1,train,0.0,0.0
data/processed/audio_10s/train/pd_1-5_Domenico_C/B1cdaopmoe67M2605161902_w001_5.0s.wav,data/processed/features_10s/train/pd_1-5_Domenico_C/B1cdaopmoe67M2605161902_w001_5.0s.npy,pd_1-5_Domenico_C,ipvs,syllable_repetition,1,train,5.0,0.0
data/processed/audio_10s/train/pd_1-5_Domenico_C/B1cdaopmoe67M2605161902_w002_10.0s.wav,data/processed/features_10s/train/pd_1-5_Domenico_C/B1cdaopmoe67M2605161902_w002_10.0s.npy,pd_1-5_Domenico_C,ipvs,syllable_repetition,1,train,10.0,0.0
data/processed/audio_10s/train/pd_1-5_Domenico_C/B1cdaopmoe67M2605161902_w003_15.0s.wav,data/processed/features_10s/train/pd_1-5_Domenico_C/B1cdaopmoe67M2605161902_w003_15.0s.npy,pd_1-5_Domenico_C,ipvs,syllable_repetition,1,train,15.0,0.0
data/processed/audio_10s/train/pd_1-5_Domenico_C/B1cdaopmoe67M2605161902_w004_20.0s.wav,data/processed/features_10s/train/pd_1-5_Domenico_C/B1cdaopmoe67M2605161902_w004_20.0s.npy,pd_1-5_Domenico_C,ipvs,syllable_repetition,1,train,20.0,0.0
data/processed/audio_10s/train/pd_1-5_Domenico_C/B1cdaopmoe67M2605161902_w005_25.0s.wav,data/processed/features_10s/train/pd_1-5_Domenico_C/B1cdaopmoe67M2605161902_w005_25.0s.npy,pd_1-5_Domenico_C,ipvs,syllable_repetition,1,train,25.0,0.0
data/processed/audio_10s/train/pd_1-5_Domenico_C/B1cdaopmoe67M2605161902_w006_30.0s.wav,data/processed/features_10s/train/pd_1-5_Domenico_C/B1cdaopmoe67M2605161902_w006_30.0s.npy,pd_1-5_Domenico_C,ipvs,syllable_repetition,1,train,30.0,0.0
data/processed/audio_10s/train/pd_1-5_Domenico_C/B1cdaopmoe67M2605161902_w007_35.0s.wav,data/processed/features_10s/train/pd_1-5_Domenico_C/B1cdaopmoe67M2605161902_w007_35.0s.npy,pd_1-5_Domenico_C,ipvs,syllable_repetition,1,train,35.0,0.0
data/processed/audio_10s/train/pd_1-5_Domenico_C/B1cdaopmoe67M2605161902_w008_40.0s.wav,data/processed/features_10s/train/pd_1-5_Domenico_C/B1cdaopmoe67M2605161902_w008_40.0s.npy,pd_1-5_Domenico_C,ipvs,syllable_repetition,1,train,40.0,0.0
data/processed/audio_10s/train/pd_1-5_Domenico_C/B1cdaopmoe67M2605161902_w009_45.0s.wav,data/processed/features_10s/train/pd_1-5_Domenico_C/B1cdaopmoe67M2605161902_w009_45.0s.npy,pd_1-5_Domenico_C,ipvs,syllable_repetition,1,train,45.0,0.0
data/processed/audio_10s/train/pd_1-5_Domenico_C/B1cdaopmoe67M2605161902_w010_50.0s.wav,data/processed/features_10s/train/pd_1-5_Domenico_C/B1cdaopmoe67M2605161902_w010_50.0s.npy,pd_1-5_Domenico_C,ipvs,syllable_repetition,1,train,50.0,0.0
data/processed/audio_10s/train/pd_1-5_Domenico_C/B1cdaopmoe67M2605161902_w011_55.0s.wav,data/processed/features_10s/train/pd_1-5_Domenico_C/B1cdaopmoe67M2605161902_w011_55.0s.npy,pd_1-5_Domenico_C,ipvs,syllable_repetition,1,train,55.0,0.0
data/processed/audio_10s/train/pd_1-5_Domenico_C/B1cdaopmoe67M2605161902_w012_60.0s.wav,data/processed/features_10s/train/pd_1-5_Domenico_C/B1cdaopmoe67M2605161902_w012_60.0s.npy,pd_1-5_Domenico_C,ipvs,syllable_repetition,1,train,60.0,0.0
data/processed/audio_10s/train/pd_1-5_Domenico_C/B2cdaopmoe67M2605161904_w000_0.0s.wav,data/processed/features_10s/train/pd_1-5_Domenico_C/B2cdaopmoe67M2605161904_w000_0.0s.npy,pd_1-5_Domenico_C,ipvs,syllable_repetition,1,train,0.0,0.0
data/processed/audio_10s/train/pd_1-5_Domenico_C/B2cdaopmoe67M2605161904_w001_5.0s.wav,data/processed/features_10s/train/pd_1-5_Domenico_C/B2cdaopmoe67M2605161904_w001_5.0s.npy,pd_1-5_Domenico_C,ipvs,syllable_repetition,1,train,5.0,0.0
data/processed/audio_10s/train/pd_1-5_Domenico_C/B2cdaopmoe67M2605161904_w002_10.0s.wav,data/processed/features_10s/train/pd_1-5_Domenico_C/B2cdaopmoe67M2605161904_w002_10.0s.npy,pd_1-5_Domenico_C,ipvs,syllable_repetition,1,train,10.0,0.0
data/processed/audio_10s/train/pd_1-5_Domenico_C/B2cdaopmoe67M2605161904_w003_15.0s.wav,data/processed/features_10s/train/pd_1-5_Domenico_C/B2cdaopmoe67M2605161904_w003_15.0s.npy,pd_1-5_Domenico_C,ipvs,syllable_repetition,1,train,15.0,0.0
data/processed/audio_10s/train/pd_1-5_Domenico_C/B2cdaopmoe67M2605161904_w004_20.0s.wav,data/processed/features_10s/train/pd_1-5_Domenico_C/B2cdaopmoe67M2605161904_w004_20.0s.npy,pd_1-5_Domenico_C,ipvs,syllable_repetition,1,train,20.0,0.0
data/processed/audio_10s/train/pd_1-5_Domenico_C/B2cdaopmoe67M2605161904_w005_25.0s.wav,data/processed/features_10s/train/pd_1-5_Domenico_C/B2cdaopmoe67M2605161904_w005_25.0s.npy,pd_1-5_Domenico_C,ipvs,syllable_repetition,1,train,25.0,0.0
data/processed/audio_10s/train/pd_1-5_Domenico_C/B2cdaopmoe67M2605161904_w006_30.0s.wav,data/processed/features_10s/train/pd_1-5_Domenico_C/B2cdaopmoe67M2605161904_w006_30.0s.npy,pd_1-5_Domenico_C,ipvs,syllable_repetition,1,train,30.0,0.0
data/processed/audio_10s/train/pd_1-5_Domenico_C/B2cdaopmoe67M2605161904_w007_35.0s.wav,data/processed/features_10s/train/pd_1-5_Domenico_C/B2cdaopmoe67M2605161904_w007_35.0s.npy,pd_1-5_Domenico_C,ipvs,syllable_repetition,1,train,35.0,0.0
data/processed/audio_10s/train/pd_1-5_Domenico_C/B2cdaopmoe67M2605161904_w008_40.0s.wav,data/processed/features_10s/train/pd_1-5_Domenico_C/B2cdaopmoe67M2605161904_w008_40.0s.npy,pd_1-5_Domenico_C,ipvs,syllable_repetition,1,train,40.0,0.0
data/processed/audio_10s/train/pd_1-5_Domenico_C/B2cdaopmoe67M2605161904_w009_45.0s.wav,data/processed/features_10s/train/pd_1-5_Domenico_C/B2cdaopmoe67M2605161904_w009_45.0s.npy,pd_1-5_Domenico_C,ipvs,syllable_repetition,1,train,45.0,0.0
data/processed/audio_10s/train/pd_1-5_Domenico_C/FB1cdaopmoe67M2605161917_w000_0.0s.wav,data/processed/features_10s/train/pd_1-5_Domenico_C/FB1cdaopmoe67M2605161917_w000_0.0s.npy,pd_1-5_Domenico_C,ipvs,syllable_repetition,1,train,0.0,0.0
data/processed/audio_10s/train/pd_1-5_Domenico_C/FB1cdaopmoe67M2605161917_w001_5.0s.wav,data/processed/features_10s/train/pd_1-5_Domenico_C/FB1cdaopmoe67M2605161917_w001_5.0s.npy,pd_1-5_Domenico_C,ipvs,syllable_repetition,1,train,5.0,0.0
data/processed/audio_10s/train/pd_1-5_Domenico_C/FB1cdaopmoe67M2605161917_w002_10.0s.wav,data/processed/features_10s/train/pd_1-5_Domenico_C/FB1cdaopmoe67M2605161917_w002_10.0s.npy,pd_1-5_Domenico_C,ipvs,syllable_repetition,1,train,10.0,0.0
data/processed/audio_10s/train/pd_1-5_Domenico_C/PR1cdaopmoe67M2605161916_w000_0.0s.wav,data/processed/features_10s/train/pd_1-5_Domenico_C/PR1cdaopmoe67M2605161916_w000_0.0s.npy,pd_1-5_Domenico_C,ipvs,reading_passage,1,train,0.0,0.0
data/processed/audio_10s/train/pd_1-5_Domenico_C/PR1cdaopmoe67M2605161916_w001_5.0s.wav,data/processed/features_10s/train/pd_1-5_Domenico_C/PR1cdaopmoe67M2605161916_w001_5.0s.npy,pd_1-5_Domenico_C,ipvs,reading_passage,1,train,5.0,0.0
data/processed/audio_10s/train/pd_1-5_Domenico_C/PR1cdaopmoe67M2605161916_w002_10.0s.wav,data/processed/features_10s/train/pd_1-5_Domenico_C/PR1cdaopmoe67M2605161916_w002_10.0s.npy,pd_1-5_Domenico_C,ipvs,reading_passage,1,train,10.0,0.0
data/processed/audio_10s/train/pd_1-5_Domenico_C/PR1cdaopmoe67M2605161916_w003_15.0s.wav,data/processed/features_10s/train/pd_1-5_Domenico_C/PR1cdaopmoe67M2605161916_w003_15.0s.npy,pd_1-5_Domenico_C,ipvs,reading_passage,1,train,15.0,0.0
data/processed/audio_10s/train/pd_1-5_Domenico_C/PR1cdaopmoe67M2605161916_w004_20.0s.wav,data/processed/features_10s/train/pd_1-5_Domenico_C/PR1cdaopmoe67M2605161916_w004_20.0s.npy,pd_1-5_Domenico_C,ipvs,reading_passage,1,train,20.0,0.0
data/processed/audio_10s/train/pd_1-5_Domenico_C/PR1cdaopmoe67M2605161916_w005_25.0s.wav,data/processed/features_10s/train/pd_1-5_Domenico_C/PR1cdaopmoe67M2605161916_w005_25.0s.npy,pd_1-5_Domenico_C,ipvs,reading_passage,1,train,25.0,0.0
data/processed/audio_10s/train/pd_1-5_Domenico_C/VA1cdaopmoe67M2605161906_w000_0.0s.wav,data/processed/features_10s/train/pd_1-5_Domenico_C/VA1cdaopmoe67M2605161906_w000_0.0s.npy,pd_1-5_Domenico_C,ipvs,vowel_sustain,1,train,0.0,0.0
data/processed/audio_10s/train/pd_1-5_Domenico_C/VA1cdaopmoe67M2605161906_w001_5.0s.wav,data/processed/features_10s/train/pd_1-5_Domenico_C/VA1cdaopmoe67M2605161906_w001_5.0s.npy,pd_1-5_Domenico_C,ipvs,vowel_sustain,1,train,5.0,0.0
data/processed/audio_10s/train/pd_1-5_Domenico_C/VA2cdaopmoe67M2605161907_w000_0.0s.wav,data/processed/features_10s/train/pd_1-5_Domenico_C/VA2cdaopmoe67M2605161907_w000_0.0s.npy,pd_1-5_Domenico_C,ipvs,vowel_sustain,1,train,0.0,0.0
data/processed/audio_10s/train/pd_1-5_Domenico_C/VA2cdaopmoe67M2605161907_w001_5.0s.wav,data/processed/features_10s/train/pd_1-5_Domenico_C/VA2cdaopmoe67M2605161907_w001_5.0s.npy,pd_1-5_Domenico_C,ipvs,vowel_sustain,1,train,5.0,0.0
data/processed/audio_10s/train/pd_1-5_Domenico_C/VE1cdaopmoe67M2605161909_w000_0.0s.wav,data/processed/features_10s/train/pd_1-5_Domenico_C/VE1cdaopmoe67M2605161909_w000_0.0s.npy,pd_1-5_Domenico_C,ipvs,vowel_sustain,1,train,0.0,0.0
data/processed/audio_10s/train/pd_1-5_Domenico_C/VE1cdaopmoe67M2605161909_w001_5.0s.wav,data/processed/features_10s/train/pd_1-5_Domenico_C/VE1cdaopmoe67M2605161909_w001_5.0s.npy,pd_1-5_Domenico_C,ipvs,vowel_sustain,1,train,5.0,0.0
data/processed/audio_10s/train/pd_1-5_Domenico_C/VE2cdaopmoe67M2605161909_w000_0.0s.wav,data/processed/features_10s/train/pd_1-5_Domenico_C/VE2cdaopmoe67M2605161909_w000_0.0s.npy,pd_1-5_Domenico_C,ipvs,vowel_sustain,1,train,0.0,0.0
data/processed/audio_10s/train/pd_1-5_Domenico_C/VE2cdaopmoe67M2605161909_w001_5.0s.wav,data/processed/features_10s/train/pd_1-5_Domenico_C/VE2cdaopmoe67M2605161909_w001_5.0s.npy,pd_1-5_Domenico_C,ipvs,vowel_sustain,1,train,5.0,0.0
data/processed/audio_10s/train/pd_1-5_Domenico_C/VI1cdaopmoe67M2605161910_w000_0.0s.wav,data/processed/features_10s/train/pd_1-5_Domenico_C/VI1cdaopmoe67M2605161910_w000_0.0s.npy,pd_1-5_Domenico_C,ipvs,vowel_sustain,1,train,0.0,0.0
data/processed/audio_10s/train/pd_1-5_Domenico_C/VI1cdaopmoe67M2605161910_w001_5.0s.wav,data/processed/features_10s/train/pd_1-5_Domenico_C/VI1cdaopmoe67M2605161910_w001_5.0s.npy,pd_1-5_Domenico_C,ipvs,vowel_sustain,1,train,5.0,0.0
data/processed/audio_10s/train/pd_1-5_Domenico_C/VI2cdaopmoe67M2605161911_w000_0.0s.wav,data/processed/features_10s/train/pd_1-5_Domenico_C/VI2cdaopmoe67M2605161911_w000_0.0s.npy,pd_1-5_Domenico_C,ipvs,vowel_sustain,1,train,0.0,0.0
data/processed/audio_10s/train/pd_1-5_Domenico_C/VI2cdaopmoe67M2605161911_w001_5.0s.wav,data/processed/features_10s/train/pd_1-5_Domenico_C/VI2cdaopmoe67M2605161911_w001_5.0s.npy,pd_1-5_Domenico_C,ipvs,vowel_sustain,1,train,5.0,0.0
data/processed/audio_10s/train/pd_1-5_Domenico_C/VO1cdaopmoe67M2605161911_w000_0.0s.wav,data/processed/features_10s/train/pd_1-5_Domenico_C/VO1cdaopmoe67M2605161911_w000_0.0s.npy,pd_1-5_Domenico_C,ipvs,vowel_sustain,1,train,0.0,0.0
data/processed/audio_10s/train/pd_1-5_Domenico_C/VO1cdaopmoe67M2605161911_w001_5.0s.wav,data/processed/features_10s/train/pd_1-5_Domenico_C/VO1cdaopmoe67M2605161911_w001_5.0s.npy,pd_1-5_Domenico_C,ipvs,vowel_sustain,1,train,5.0,0.0
data/processed/audio_10s/train/pd_1-5_Domenico_C/VO2cdaopmoe67M2605161912_w000_0.0s.wav,data/processed/features_10s/train/pd_1-5_Domenico_C/VO2cdaopmoe67M2605161912_w000_0.0s.npy,pd_1-5_Domenico_C,ipvs,vowel_sustain,1,train,0.0,0.0
data/processed/audio_10s/train/pd_1-5_Domenico_C/VO2cdaopmoe67M2605161912_w001_5.0s.wav,data/processed/features_10s/train/pd_1-5_Domenico_C/VO2cdaopmoe67M2605161912_w001_5.0s.npy,pd_1-5_Domenico_C,ipvs,vowel_sustain,1,train,5.0,0.0
data/processed/audio_10s/train/pd_1-5_Domenico_C/VU1cdaopmoe67M2605161913_w000_0.0s.wav,data/processed/features_10s/train/pd_1-5_Domenico_C/VU1cdaopmoe67M2605161913_w000_0.0s.npy,pd_1-5_Domenico_C,ipvs,vowel_sustain,1,train,0.0,0.0
data/processed/audio_10s/train/pd_1-5_Domenico_C/VU1cdaopmoe67M2605161913_w001_5.0s.wav,data/processed/features_10s/train/pd_1-5_Domenico_C/VU1cdaopmoe67M2605161913_w001_5.0s.npy,pd_1-5_Domenico_C,ipvs,vowel_sustain,1,train,5.0,0.0
data/processed/audio_10s/train/pd_1-5_Domenico_C/VU2cdaopmoe67M2605161913_w000_0.0s.wav,data/processed/features_10s/train/pd_1-5_Domenico_C/VU2cdaopmoe67M2605161913_w000_0.0s.npy,pd_1-5_Domenico_C,ipvs,vowel_sustain,1,train,0.0,0.0
data/processed/audio_10s/train/pd_1-5_Domenico_C/VU2cdaopmoe67M2605161913_w001_5.0s.wav,data/processed/features_10s/train/pd_1-5_Domenico_C/VU2cdaopmoe67M2605161913_w001_5.0s.npy,pd_1-5_Domenico_C,ipvs,vowel_sustain,1,train,5.0,0.0
data/processed/audio_10s/train/pd_1-5_Felicetta_C/B1cfaerlei54F2605161738_w000_0.0s.wav,data/processed/features_10s/train/pd_1-5_Felicetta_C/B1cfaerlei54F2605161738_w000_0.0s.npy,pd_1-5_Felicetta_C,ipvs,syllable_repetition,1,train,0.0,0.0
data/processed/audio_10s/train/pd_1-5_Felicetta_C/B1cfaerlei54F2605161738_w001_5.0s.wav,data/processed/features_10s/train/pd_1-5_Felicetta_C/B1cfaerlei54F2605161738_w001_5.0s.npy,pd_1-5_Felicetta_C,ipvs,syllable_repetition,1,train,5.0,0.0
data/processed/audio_10s/train/pd_1-5_Felicetta_C/B1cfaerlei54F2605161738_w002_10.0s.wav,data/processed/features_10s/train/pd_1-5_Felicetta_C/B1cfaerlei54F2605161738_w002_10.0s.npy,pd_1-5_Felicetta_C,ipvs,syllable_repetition,1,train,10.0,0.0
data/processed/audio_10s/train/pd_1-5_Felicetta_C/B1cfaerlei54F2605161738_w003_15.0s.wav,data/processed/features_10s/train/pd_1-5_Felicetta_C/B1cfaerlei54F2605161738_w003_15.0s.npy,pd_1-5_Felicetta_C,ipvs,syllable_repetition,1,train,15.0,0.0
data/processed/audio_10s/train/pd_1-5_Felicetta_C/B1cfaerlei54F2605161738_w004_20.0s.wav,data/processed/features_10s/train/pd_1-5_Felicetta_C/B1cfaerlei54F2605161738_w004_20.0s.npy,pd_1-5_Felicetta_C,ipvs,syllable_repetition,1,train,20.0,0.0
data/processed/audio_10s/train/pd_1-5_Felicetta_C/B1cfaerlei54F2605161738_w005_25.0s.wav,data/processed/features_10s/train/pd_1-5_Felicetta_C/B1cfaerlei54F2605161738_w005_25.0s.npy,pd_1-5_Felicetta_C,ipvs,syllable_repetition,1,train,25.0,0.0
data/processed/audio_10s/train/pd_1-5_Felicetta_C/B1cfaerlei54F2605161738_w006_30.0s.wav,data/processed/features_10s/train/pd_1-5_Felicetta_C/B1cfaerlei54F2605161738_w006_30.0s.npy,pd_1-5_Felicetta_C,ipvs,syllable_repetition,1,train,30.0,0.0
data/processed/audio_10s/train/pd_1-5_Felicetta_C/B1cfaerlei54F2605161738_w007_35.0s.wav,data/processed/features_10s/train/pd_1-5_Felicetta_C/B1cfaerlei54F2605161738_w007_35.0s.npy,pd_1-5_Felicetta_C,ipvs,syllable_repetition,1,train,35.0,0.0
data/processed/audio_10s/train/pd_1-5_Felicetta_C/B1cfaerlei54F2605161738_w008_40.0s.wav,data/processed/features_10s/train/pd_1-5_Felicetta_C/B1cfaerlei54F2605161738_w008_40.0s.npy,pd_1-5_Felicetta_C,ipvs,syllable_repetition,1,train,40.0,0.0
data/processed/audio_10s/train/pd_1-5_Felicetta_C/B1cfaerlei54F2605161738_w009_45.0s.wav,data/processed/features_10s/train/pd_1-5_Felicetta_C/B1cfaerlei54F2605161738_w009_45.0s.npy,pd_1-5_Felicetta_C,ipvs,syllable_repetition,1,train,45.0,0.0
data/processed/audio_10s/train/pd_1-5_Felicetta_C/B1cfaerlei54F2605161738_w010_50.0s.wav,data/processed/features_10s/train/pd_1-5_Felicetta_C/B1cfaerlei54F2605161738_w010_50.0s.npy,pd_1-5_Felicetta_C,ipvs,syllable_repetition,1,train,50.0,0.0
data/processed/audio_10s/train/pd_1-5_Felicetta_C/B1cfaerlei54F2605161738_w011_55.0s.wav,data/processed/features_10s/train/pd_1-5_Felicetta_C/B1cfaerlei54F2605161738_w011_55.0s.npy,pd_1-5_Felicetta_C,ipvs,syllable_repetition,1,train,55.0,0.0
data/processed/audio_10s/train/pd_1-5_Felicetta_C/B2cfaerlei54F2605161740_w000_0.0s.wav,data/processed/features_10s/train/pd_1-5_Felicetta_C/B2cfaerlei54F2605161740_w000_0.0s.npy,pd_1-5_Felicetta_C,ipvs,syllable_repetition,1,train,0.0,0.0
data/processed/audio_10s/train/pd_1-5_Felicetta_C/B2cfaerlei54F2605161740_w001_5.0s.wav,data/processed/features_10s/train/pd_1-5_Felicetta_C/B2cfaerlei54F2605161740_w001_5.0s.npy,pd_1-5_Felicetta_C,ipvs,syllable_repetition,1,train,5.0,0.0
data/processed/audio_10s/train/pd_1-5_Felicetta_C/B2cfaerlei54F2605161740_w002_10.0s.wav,data/processed/features_10s/train/pd_1-5_Felicetta_C/B2cfaerlei54F2605161740_w002_10.0s.npy,pd_1-5_Felicetta_C,ipvs,syllable_repetition,1,train,10.0,0.0
data/processed/audio_10s/train/pd_1-5_Felicetta_C/B2cfaerlei54F2605161740_w003_15.0s.wav,data/processed/features_10s/train/pd_1-5_Felicetta_C/B2cfaerlei54F2605161740_w003_15.0s.npy,pd_1-5_Felicetta_C,ipvs,syllable_repetition,1,train,15.0,0.0
data/processed/audio_10s/train/pd_1-5_Felicetta_C/B2cfaerlei54F2605161740_w004_20.0s.wav,data/processed/features_10s/train/pd_1-5_Felicetta_C/B2cfaerlei54F2605161740_w004_20.0s.npy,pd_1-5_Felicetta_C,ipvs,syllable_repetition,1,train,20.0,0.0
data/processed/audio_10s/train/pd_1-5_Felicetta_C/B2cfaerlei54F2605161740_w005_25.0s.wav,data/processed/features_10s/train/pd_1-5_Felicetta_C/B2cfaerlei54F2605161740_w005_25.0s.npy,pd_1-5_Felicetta_C,ipvs,syllable_repetition,1,train,25.0,0.0
data/processed/audio_10s/train/pd_1-5_Felicetta_C/B2cfaerlei54F2605161740_w006_30.0s.wav,data/processed/features_10s/train/pd_1-5_Felicetta_C/B2cfaerlei54F2605161740_w006_30.0s.npy,pd_1-5_Felicetta_C,ipvs,syllable_repetition,1,train,30.0,0.0
data/processed/audio_10s/train/pd_1-5_Felicetta_C/B2cfaerlei54F2605161740_w007_35.0s.wav,data/processed/features_10s/train/pd_1-5_Felicetta_C/B2cfaerlei54F2605161740_w007_35.0s.npy,pd_1-5_Felicetta_C,ipvs,syllable_repetition,1,train,35.0,0.0
data/processed/audio_10s/train/pd_1-5_Felicetta_C/B2cfaerlei54F2605161740_w008_40.0s.wav,data/processed/features_10s/train/pd_1-5_Felicetta_C/B2cfaerlei54F2605161740_w008_40.0s.npy,pd_1-5_Felicetta_C,ipvs,syllable_repetition,1,train,40.0,0.0
data/processed/audio_10s/train/pd_1-5_Felicetta_C/B2cfaerlei54F2605161740_w009_45.0s.wav,data/processed/features_10s/train/pd_1-5_Felicetta_C/B2cfaerlei54F2605161740_w009_45.0s.npy,pd_1-5_Felicetta_C,ipvs,syllable_repetition,1,train,45.0,0.0
data/processed/audio_10s/train/pd_1-5_Felicetta_C/FB1cfaerlei54F2605161816_w000_0.0s.wav,data/processed/features_10s/train/pd_1-5_Felicetta_C/FB1cfaerlei54F2605161816_w000_0.0s.npy,pd_1-5_Felicetta_C,ipvs,syllable_repetition,1,train,0.0,0.0
data/processed/audio_10s/train/pd_1-5_Felicetta_C/FB1cfaerlei54F2605161816_w001_5.0s.wav,data/processed/features_10s/train/pd_1-5_Felicetta_C/FB1cfaerlei54F2605161816_w001_5.0s.npy,pd_1-5_Felicetta_C,ipvs,syllable_repetition,1,train,5.0,0.0
data/processed/audio_10s/train/pd_1-5_Felicetta_C/FB1cfaerlei54F2605161816_w002_10.0s.wav,data/processed/features_10s/train/pd_1-5_Felicetta_C/FB1cfaerlei54F2605161816_w002_10.0s.npy,pd_1-5_Felicetta_C,ipvs,syllable_repetition,1,train,10.0,0.0
data/processed/audio_10s/train/pd_1-5_Felicetta_C/FB1cfaerlei54F2605161816_w003_15.0s.wav,data/processed/features_10s/train/pd_1-5_Felicetta_C/FB1cfaerlei54F2605161816_w003_15.0s.npy,pd_1-5_Felicetta_C,ipvs,syllable_repetition,1,train,15.0,0.0
data/processed/audio_10s/train/pd_1-5_Felicetta_C/PR1cfaerlei54F2605161815_w000_0.0s.wav,data/processed/features_10s/train/pd_1-5_Felicetta_C/PR1cfaerlei54F2605161815_w000_0.0s.npy,pd_1-5_Felicetta_C,ipvs,reading_passage,1,train,0.0,0.0
data/processed/audio_10s/train/pd_1-5_Felicetta_C/PR1cfaerlei54F2605161815_w001_5.0s.wav,data/processed/features_10s/train/pd_1-5_Felicetta_C/PR1cfaerlei54F2605161815_w001_5.0s.npy,pd_1-5_Felicetta_C,ipvs,reading_passage,1,train,5.0,0.0
data/processed/audio_10s/train/pd_1-5_Felicetta_C/PR1cfaerlei54F2605161815_w002_10.0s.wav,data/processed/features_10s/train/pd_1-5_Felicetta_C/PR1cfaerlei54F2605161815_w002_10.0s.npy,pd_1-5_Felicetta_C,ipvs,reading_passage,1,train,10.0,0.0
data/processed/audio_10s/train/pd_1-5_Felicetta_C/PR1cfaerlei54F2605161815_w003_15.0s.wav,data/processed/features_10s/train/pd_1-5_Felicetta_C/PR1cfaerlei54F2605161815_w003_15.0s.npy,pd_1-5_Felicetta_C,ipvs,reading_passage,1,train,15.0,0.0
data/processed/audio_10s/train/pd_1-5_Felicetta_C/PR1cfaerlei54F2605161815_w004_20.0s.wav,data/processed/features_10s/train/pd_1-5_Felicetta_C/PR1cfaerlei54F2605161815_w004_20.0s.npy,pd_1-5_Felicetta_C,ipvs,reading_passage,1,train,20.0,0.0
data/processed/audio_10s/train/pd_1-5_Felicetta_C/PR1cfaerlei54F2605161815_w005_25.0s.wav,data/processed/features_10s/train/pd_1-5_Felicetta_C/PR1cfaerlei54F2605161815_w005_25.0s.npy,pd_1-5_Felicetta_C,ipvs,reading_passage,1,train,25.0,0.0
data/processed/audio_10s/train/pd_1-5_Felicetta_C/PR1cfaerlei54F2605161815_w006_30.0s.wav,data/processed/features_10s/train/pd_1-5_Felicetta_C/PR1cfaerlei54F2605161815_w006_30.0s.npy,pd_1-5_Felicetta_C,ipvs,reading_passage,1,train,30.0,0.0
data/processed/audio_10s/train/pd_1-5_Felicetta_C/PR1cfaerlei54F2605161815_w007_35.0s.wav,data/processed/features_10s/train/pd_1-5_Felicetta_C/PR1cfaerlei54F2605161815_w007_35.0s.npy,pd_1-5_Felicetta_C,ipvs,reading_passage,1,train,35.0,0.0
data/processed/audio_10s/train/pd_1-5_Felicetta_C/PR1cfaerlei54F2605161815_w008_40.0s.wav,data/processed/features_10s/train/pd_1-5_Felicetta_C/PR1cfaerlei54F2605161815_w008_40.0s.npy,pd_1-5_Felicetta_C,ipvs,reading_passage,1,train,40.0,0.0
data/processed/audio_10s/train/pd_1-5_Felicetta_C/PR1cfaerlei54F2605161815_w009_45.0s.wav,data/processed/features_10s/train/pd_1-5_Felicetta_C/PR1cfaerlei54F2605161815_w009_45.0s.npy,pd_1-5_Felicetta_C,ipvs,reading_passage,1,train,45.0,0.0
data/processed/audio_10s/train/pd_1-5_Felicetta_C/PR1cfaerlei54F2605161815_w010_50.0s.wav,data/processed/features_10s/train/pd_1-5_Felicetta_C/PR1cfaerlei54F2605161815_w010_50.0s.npy,pd_1-5_Felicetta_C,ipvs,reading_passage,1,train,50.0,0.0
data/processed/audio_10s/train/pd_1-5_Felicetta_C/VA1cfaerlei54F2605161745_w000_0.0s.wav,data/processed/features_10s/train/pd_1-5_Felicetta_C/VA1cfaerlei54F2605161745_w000_0.0s.npy,pd_1-5_Felicetta_C,ipvs,vowel_sustain,1,train,0.0,0.0
data/processed/audio_10s/train/pd_1-5_Felicetta_C/VA1cfaerlei54F2605161745_w001_5.0s.wav,data/processed/features_10s/train/pd_1-5_Felicetta_C/VA1cfaerlei54F2605161745_w001_5.0s.npy,pd_1-5_Felicetta_C,ipvs,vowel_sustain,1,train,5.0,0.0
data/processed/audio_10s/train/pd_1-5_Felicetta_C/VA2cfaerlei54F2605161745_w000_0.0s.wav,data/processed/features_10s/train/pd_1-5_Felicetta_C/VA2cfaerlei54F2605161745_w000_0.0s.npy,pd_1-5_Felicetta_C,ipvs,vowel_sustain,1,train,0.0,0.0
data/processed/audio_10s/train/pd_1-5_Felicetta_C/VE1cfaerlei54F2605161747_w000_0.0s.wav,data/processed/features_10s/train/pd_1-5_Felicetta_C/VE1cfaerlei54F2605161747_w000_0.0s.npy,pd_1-5_Felicetta_C,ipvs,vowel_sustain,1,train,0.0,0.0
data/processed/audio_10s/train/pd_1-5_Felicetta_C/VE2cfaerlei54F2605161748_w000_0.0s.wav,data/processed/features_10s/train/pd_1-5_Felicetta_C/VE2cfaerlei54F2605161748_w000_0.0s.npy,pd_1-5_Felicetta_C,ipvs,vowel_sustain,1,train,0.0,0.0
data/processed/audio_10s/train/pd_1-5_Felicetta_C/VI1cfaerlei54F2605161751_w000_0.0s.wav,data/processed/features_10s/train/pd_1-5_Felicetta_C/VI1cfaerlei54F2605161751_w000_0.0s.npy,pd_1-5_Felicetta_C,ipvs,vowel_sustain,1,train,0.0,0.0
data/processed/audio_10s/train/pd_1-5_Felicetta_C/VI2cfaerlei54F2605161752_w000_0.0s.wav,data/processed/features_10s/train/pd_1-5_Felicetta_C/VI2cfaerlei54F2605161752_w000_0.0s.npy,pd_1-5_Felicetta_C,ipvs,vowel_sustain,1,train,0.0,0.0
data/processed/audio_10s/train/pd_1-5_Felicetta_C/VO1cfaerlei54F2605161755_w000_0.0s.wav,data/processed/features_10s/train/pd_1-5_Felicetta_C/VO1cfaerlei54F2605161755_w000_0.0s.npy,pd_1-5_Felicetta_C,ipvs,vowel_sustain,1,train,0.0,0.0
data/processed/audio_10s/train/pd_1-5_Felicetta_C/VO2cfaerlei54F2605161756_w000_0.0s.wav,data/processed/features_10s/train/pd_1-5_Felicetta_C/VO2cfaerlei54F2605161756_w000_0.0s.npy,pd_1-5_Felicetta_C,ipvs,vowel_sustain,1,train,0.0,0.0
data/processed/audio_10s/train/pd_1-5_Felicetta_C/VU1cfaerlei54F2605161808_w000_0.0s.wav,data/processed/features_10s/train/pd_1-5_Felicetta_C/VU1cfaerlei54F2605161808_w000_0.0s.npy,pd_1-5_Felicetta_C,ipvs,vowel_sustain,1,train,0.0,0.0
data/processed/audio_10s/train/pd_1-5_Felicetta_C/VU2cfaerlei54F2605161810_w000_0.0s.wav,data/processed/features_10s/train/pd_1-5_Felicetta_C/VU2cfaerlei54F2605161810_w000_0.0s.npy,pd_1-5_Felicetta_C,ipvs,vowel_sustain,1,train,0.0,0.0
data/processed/audio_10s/train/pd_1-5_Leonarda_L/B1lloeroun56F2605161922_w000_0.0s.wav,data/processed/features_10s/train/pd_1-5_Leonarda_L/B1lloeroun56F2605161922_w000_0.0s.npy,pd_1-5_Leonarda_L,ipvs,syllable_repetition,1,train,0.0,0.0
data/processed/audio_10s/train/pd_1-5_Leonarda_L/B1lloeroun56F2605161922_w001_5.0s.wav,data/processed/features_10s/train/pd_1-5_Leonarda_L/B1lloeroun56F2605161922_w001_5.0s.npy,pd_1-5_Leonarda_L,ipvs,syllable_repetition,1,train,5.0,0.0
data/processed/audio_10s/train/pd_1-5_Leonarda_L/B1lloeroun56F2605161922_w002_10.0s.wav,data/processed/features_10s/train/pd_1-5_Leonarda_L/B1lloeroun56F2605161922_w002_10.0s.npy,pd_1-5_Leonarda_L,ipvs,syllable_repetition,1,train,10.0,0.0
data/processed/audio_10s/train/pd_1-5_Leonarda_L/B1lloeroun56F2605161922_w003_15.0s.wav,data/processed/features_10s/train/pd_1-5_Leonarda_L/B1lloeroun56F2605161922_w003_15.0s.npy,pd_1-5_Leonarda_L,ipvs,syllable_repetition,1,train,15.0,0.0
data/processed/audio_10s/train/pd_1-5_Leonarda_L/B1lloeroun56F2605161922_w004_20.0s.wav,data/processed/features_10s/train/pd_1-5_Leonarda_L/B1lloeroun56F2605161922_w004_20.0s.npy,pd_1-5_Leonarda_L,ipvs,syllable_repetition,1,train,20.0,0.0
data/processed/audio_10s/train/pd_1-5_Leonarda_L/B1lloeroun56F2605161922_w005_25.0s.wav,data/processed/features_10s/train/pd_1-5_Leonarda_L/B1lloeroun56F2605161922_w005_25.0s.npy,pd_1-5_Leonarda_L,ipvs,syllable_repetition,1,train,25.0,0.0
data/processed/audio_10s/train/pd_1-5_Leonarda_L/B1lloeroun56F2605161922_w006_30.0s.wav,data/processed/features_10s/train/pd_1-5_Leonarda_L/B1lloeroun56F2605161922_w006_30.0s.npy,pd_1-5_Leonarda_L,ipvs,syllable_repetition,1,train,30.0,0.0
data/processed/audio_10s/train/pd_1-5_Leonarda_L/B1lloeroun56F2605161922_w007_35.0s.wav,data/processed/features_10s/train/pd_1-5_Leonarda_L/B1lloeroun56F2605161922_w007_35.0s.npy,pd_1-5_Leonarda_L,ipvs,syllable_repetition,1,train,35.0,0.0
data/processed/audio_10s/train/pd_1-5_Leonarda_L/B1lloeroun56F2605161922_w008_40.0s.wav,data/processed/features_10s/train/pd_1-5_Leonarda_L/B1lloeroun56F2605161922_w008_40.0s.npy,pd_1-5_Leonarda_L,ipvs,syllable_repetition,1,train,40.0,0.0
data/processed/audio_10s/train/pd_1-5_Leonarda_L/B2lloeroun56F2605161923_w000_0.0s.wav,data/processed/features_10s/train/pd_1-5_Leonarda_L/B2lloeroun56F2605161923_w000_0.0s.npy,pd_1-5_Leonarda_L,ipvs,syllable_repetition,1,train,0.0,0.0
data/processed/audio_10s/train/pd_1-5_Leonarda_L/B2lloeroun56F2605161923_w001_5.0s.wav,data/processed/features_10s/train/pd_1-5_Leonarda_L/B2lloeroun56F2605161923_w001_5.0s.npy,pd_1-5_Leonarda_L,ipvs,syllable_repetition,1,train,5.0,0.0
data/processed/audio_10s/train/pd_1-5_Leonarda_L/B2lloeroun56F2605161923_w002_10.0s.wav,data/processed/features_10s/train/pd_1-5_Leonarda_L/B2lloeroun56F2605161923_w002_10.0s.npy,pd_1-5_Leonarda_L,ipvs,syllable_repetition,1,train,10.0,0.0
data/processed/audio_10s/train/pd_1-5_Leonarda_L/B2lloeroun56F2605161923_w003_15.0s.wav,data/processed/features_10s/train/pd_1-5_Leonarda_L/B2lloeroun56F2605161923_w003_15.0s.npy,pd_1-5_Leonarda_L,ipvs,syllable_repetition,1,train,15.0,0.0
data/processed/audio_10s/train/pd_1-5_Leonarda_L/B2lloeroun56F2605161923_w004_20.0s.wav,data/processed/features_10s/train/pd_1-5_Leonarda_L/B2lloeroun56F2605161923_w004_20.0s.npy,pd_1-5_Leonarda_L,ipvs,syllable_repetition,1,train,20.0,0.0
data/processed/audio_10s/train/pd_1-5_Leonarda_L/B2lloeroun56F2605161923_w005_25.0s.wav,data/processed/features_10s/train/pd_1-5_Leonarda_L/B2lloeroun56F2605161923_w005_25.0s.npy,pd_1-5_Leonarda_L,ipvs,syllable_repetition,1,train,25.0,0.0
data/processed/audio_10s/train/pd_1-5_Leonarda_L/B2lloeroun56F2605161923_w006_30.0s.wav,data/processed/features_10s/train/pd_1-5_Leonarda_L/B2lloeroun56F2605161923_w006_30.0s.npy,pd_1-5_Leonarda_L,ipvs,syllable_repetition,1,train,30.0,0.0
data/processed/audio_10s/train/pd_1-5_Leonarda_L/B2lloeroun56F2605161923_w007_35.0s.wav,data/processed/features_10s/train/pd_1-5_Leonarda_L/B2lloeroun56F2605161923_w007_35.0s.npy,pd_1-5_Leonarda_L,ipvs,syllable_repetition,1,train,35.0,0.0
data/processed/audio_10s/train/pd_1-5_Leonarda_L/B2lloeroun56F2605161923_w008_40.0s.wav,data/processed/features_10s/train/pd_1-5_Leonarda_L/B2lloeroun56F2605161923_w008_40.0s.npy,pd_1-5_Leonarda_L,ipvs,syllable_repetition,1,train,40.0,0.0
data/processed/audio_10s/train/pd_1-5_Leonarda_L/FB1lloeroun56F2605161937_w000_0.0s.wav,data/processed/features_10s/train/pd_1-5_Leonarda_L/FB1lloeroun56F2605161937_w000_0.0s.npy,pd_1-5_Leonarda_L,ipvs,syllable_repetition,1,train,0.0,0.0
data/processed/audio_10s/train/pd_1-5_Leonarda_L/FB1lloeroun56F2605161937_w001_5.0s.wav,data/processed/features_10s/train/pd_1-5_Leonarda_L/FB1lloeroun56F2605161937_w001_5.0s.npy,pd_1-5_Leonarda_L,ipvs,syllable_repetition,1,train,5.0,0.0
data/processed/audio_10s/train/pd_1-5_Leonarda_L/FB1lloeroun56F2605161937_w002_10.0s.wav,data/processed/features_10s/train/pd_1-5_Leonarda_L/FB1lloeroun56F2605161937_w002_10.0s.npy,pd_1-5_Leonarda_L,ipvs,syllable_repetition,1,train,10.0,0.0
data/processed/audio_10s/train/pd_1-5_Leonarda_L/FB1lloeroun56F2605161937_w003_15.0s.wav,data/processed/features_10s/train/pd_1-5_Leonarda_L/FB1lloeroun56F2605161937_w003_15.0s.npy,pd_1-5_Leonarda_L,ipvs,syllable_repetition,1,train,15.0,0.0
data/processed/audio_10s/train/pd_1-5_Leonarda_L/PR1lloeroun56F2605161936_w000_0.0s.wav,data/processed/features_10s/train/pd_1-5_Leonarda_L/PR1lloeroun56F2605161936_w000_0.0s.npy,pd_1-5_Leonarda_L,ipvs,reading_passage,1,train,0.0,0.0
data/processed/audio_10s/train/pd_1-5_Leonarda_L/PR1lloeroun56F2605161936_w001_5.0s.wav,data/processed/features_10s/train/pd_1-5_Leonarda_L/PR1lloeroun56F2605161936_w001_5.0s.npy,pd_1-5_Leonarda_L,ipvs,reading_passage,1,train,5.0,0.0
data/processed/audio_10s/train/pd_1-5_Leonarda_L/PR1lloeroun56F2605161936_w002_10.0s.wav,data/processed/features_10s/train/pd_1-5_Leonarda_L/PR1lloeroun56F2605161936_w002_10.0s.npy,pd_1-5_Leonarda_L,ipvs,reading_passage,1,train,10.0,0.0
data/processed/audio_10s/train/pd_1-5_Leonarda_L/PR1lloeroun56F2605161936_w003_15.0s.wav,data/processed/features_10s/train/pd_1-5_Leonarda_L/PR1lloeroun56F2605161936_w003_15.0s.npy,pd_1-5_Leonarda_L,ipvs,reading_passage,1,train,15.0,0.0
data/processed/audio_10s/train/pd_1-5_Leonarda_L/PR1lloeroun56F2605161936_w004_20.0s.wav,data/processed/features_10s/train/pd_1-5_Leonarda_L/PR1lloeroun56F2605161936_w004_20.0s.npy,pd_1-5_Leonarda_L,ipvs,reading_passage,1,train,20.0,0.0
data/processed/audio_10s/train/pd_1-5_Leonarda_L/PR1lloeroun56F2605161936_w005_25.0s.wav,data/processed/features_10s/train/pd_1-5_Leonarda_L/PR1lloeroun56F2605161936_w005_25.0s.npy,pd_1-5_Leonarda_L,ipvs,reading_passage,1,train,25.0,0.0
data/processed/audio_10s/train/pd_1-5_Leonarda_L/PR1lloeroun56F2605161936_w006_30.0s.wav,data/processed/features_10s/train/pd_1-5_Leonarda_L/PR1lloeroun56F2605161936_w006_30.0s.npy,pd_1-5_Leonarda_L,ipvs,reading_passage,1,train,30.0,0.0
data/processed/audio_10s/train/pd_1-5_Leonarda_L/PR1lloeroun56F2605161936_w007_35.0s.wav,data/processed/features_10s/train/pd_1-5_Leonarda_L/PR1lloeroun56F2605161936_w007_35.0s.npy,pd_1-5_Leonarda_L,ipvs,reading_passage,1,train,35.0,0.0
data/processed/audio_10s/train/pd_1-5_Leonarda_L/VA1lloeroun56F2605161926_w000_0.0s.wav,data/processed/features_10s/train/pd_1-5_Leonarda_L/VA1lloeroun56F2605161926_w000_0.0s.npy,pd_1-5_Leonarda_L,ipvs,vowel_sustain,1,train,0.0,0.0
data/processed/audio_10s/train/pd_1-5_Leonarda_L/VA1lloeroun56F2605161926_w001_5.0s.wav,data/processed/features_10s/train/pd_1-5_Leonarda_L/VA1lloeroun56F2605161926_w001_5.0s.npy,pd_1-5_Leonarda_L,ipvs,vowel_sustain,1,train,5.0,0.0
data/processed/audio_10s/train/pd_1-5_Leonarda_L/VA1lloeroun56F2605161926_w002_10.0s.wav,data/processed/features_10s/train/pd_1-5_Leonarda_L/VA1lloeroun56F2605161926_w002_10.0s.npy,pd_1-5_Leonarda_L,ipvs,vowel_sustain,1,train,10.0,0.0
data/processed/audio_10s/train/pd_1-5_Leonarda_L/VA2lloeroun56F2605161927_w000_0.0s.wav,data/processed/features_10s/train/pd_1-5_Leonarda_L/VA2lloeroun56F2605161927_w000_0.0s.npy,pd_1-5_Leonarda_L,ipvs,vowel_sustain,1,train,0.0,0.0
data/processed/audio_10s/train/pd_1-5_Leonarda_L/VA2lloeroun56F2605161927_w001_5.0s.wav,data/processed/features_10s/train/pd_1-5_Leonarda_L/VA2lloeroun56F2605161927_w001_5.0s.npy,pd_1-5_Leonarda_L,ipvs,vowel_sustain,1,train,5.0,0.0
data/processed/audio_10s/train/pd_1-5_Leonarda_L/VA2lloeroun56F2605161927_w002_10.0s.wav,data/processed/features_10s/train/pd_1-5_Leonarda_L/VA2lloeroun56F2605161927_w002_10.0s.npy,pd_1-5_Leonarda_L,ipvs,vowel_sustain,1,train,10.0,0.0
data/processed/audio_10s/train/pd_1-5_Leonarda_L/VE1lloeroun56F2605161927_w000_0.0s.wav,data/processed/features_10s/train/pd_1-5_Leonarda_L/VE1lloeroun56F2605161927_w000_0.0s.npy,pd_1-5_Leonarda_L,ipvs,vowel_sustain,1,train,0.0,0.0
data/processed/audio_10s/train/pd_1-5_Leonarda_L/VE1lloeroun56F2605161927_w001_5.0s.wav,data/processed/features_10s/train/pd_1-5_Leonarda_L/VE1lloeroun56F2605161927_w001_5.0s.npy,pd_1-5_Leonarda_L,ipvs,vowel_sustain,1,train,5.0,0.0
data/processed/audio_10s/train/pd_1-5_Leonarda_L/VE1lloeroun56F2605161927_w002_10.0s.wav,data/processed/features_10s/train/pd_1-5_Leonarda_L/VE1lloeroun56F2605161927_w002_10.0s.npy,pd_1-5_Leonarda_L,ipvs,vowel_sustain,1,train,10.0,0.0
data/processed/audio_10s/train/pd_1-5_Leonarda_L/VE2lloeroun56F2605161928_w000_0.0s.wav,data/processed/features_10s/train/pd_1-5_Leonarda_L/VE2lloeroun56F2605161928_w000_0.0s.npy,pd_1-5_Leonarda_L,ipvs,vowel_sustain,1,train,0.0,0.0
data/processed/audio_10s/train/pd_1-5_Leonarda_L/VE2lloeroun56F2605161928_w001_5.0s.wav,data/processed/features_10s/train/pd_1-5_Leonarda_L/VE2lloeroun56F2605161928_w001_5.0s.npy,pd_1-5_Leonarda_L,ipvs,vowel_sustain,1,train,5.0,0.0
data/processed/audio_10s/train/pd_1-5_Leonarda_L/VI1lloeroun56F2605161929_w000_0.0s.wav,data/processed/features_10s/train/pd_1-5_Leonarda_L/VI1lloeroun56F2605161929_w000_0.0s.npy,pd_1-5_Leonarda_L,ipvs,vowel_sustain,1,train,0.0,0.0
data/processed/audio_10s/train/pd_1-5_Leonarda_L/VI1lloeroun56F2605161929_w001_5.0s.wav,data/processed/features_10s/train/pd_1-5_Leonarda_L/VI1lloeroun56F2605161929_w001_5.0s.npy,pd_1-5_Leonarda_L,ipvs,vowel_sustain,1,train,5.0,0.0
data/processed/audio_10s/train/pd_1-5_Leonarda_L/VI1lloeroun56F2605161929_w002_10.0s.wav,data/processed/features_10s/train/pd_1-5_Leonarda_L/VI1lloeroun56F2605161929_w002_10.0s.npy,pd_1-5_Leonarda_L,ipvs,vowel_sustain,1,train,10.0,0.0
data/processed/audio_10s/train/pd_1-5_Leonarda_L/VI1lloeroun56F2605161929_w003_15.0s.wav,data/processed/features_10s/train/pd_1-5_Leonarda_L/VI1lloeroun56F2605161929_w003_15.0s.npy,pd_1-5_Leonarda_L,ipvs,vowel_sustain,1,train,15.0,0.0
data/processed/audio_10s/train/pd_1-5_Leonarda_L/VI2lloeroun56F2605161930_w000_0.0s.wav,data/processed/features_10s/train/pd_1-5_Leonarda_L/VI2lloeroun56F2605161930_w000_0.0s.npy,pd_1-5_Leonarda_L,ipvs,vowel_sustain,1,train,0.0,0.0
data/processed/audio_10s/train/pd_1-5_Leonarda_L/VI2lloeroun56F2605161930_w001_5.0s.wav,data/processed/features_10s/train/pd_1-5_Leonarda_L/VI2lloeroun56F2605161930_w001_5.0s.npy,pd_1-5_Leonarda_L,ipvs,vowel_sustain,1,train,5.0,0.0
data/processed/audio_10s/train/pd_1-5_Leonarda_L/VI2lloeroun56F2605161930_w002_10.0s.wav,data/processed/features_10s/train/pd_1-5_Leonarda_L/VI2lloeroun56F2605161930_w002_10.0s.npy,pd_1-5_Leonarda_L,ipvs,vowel_sustain,1,train,10.0,0.0
data/processed/audio_10s/train/pd_1-5_Leonarda_L/VI2lloeroun56F2605161930_w003_15.0s.wav,data/processed/features_10s/train/pd_1-5_Leonarda_L/VI2lloeroun56F2605161930_w003_15.0s.npy,pd_1-5_Leonarda_L,ipvs,vowel_sustain,1,train,15.0,0.0
data/processed/audio_10s/train/pd_1-5_Leonarda_L/VI2lloeroun56F2605161930_w004_20.0s.wav,data/processed/features_10s/train/pd_1-5_Leonarda_L/VI2lloeroun56F2605161930_w004_20.0s.npy,pd_1-5_Leonarda_L,ipvs,vowel_sustain,1,train,20.0,0.0
data/processed/audio_10s/train/pd_1-5_Leonarda_L/VO1lloeroun56F2605161931_w000_0.0s.wav,data/processed/features_10s/train/pd_1-5_Leonarda_L/VO1lloeroun56F2605161931_w000_0.0s.npy,pd_1-5_Leonarda_L,ipvs,vowel_sustain,1,train,0.0,0.0
data/processed/audio_10s/train/pd_1-5_Leonarda_L/VO1lloeroun56F2605161931_w001_5.0s.wav,data/processed/features_10s/train/pd_1-5_Leonarda_L/VO1lloeroun56F2605161931_w001_5.0s.npy,pd_1-5_Leonarda_L,ipvs,vowel_sustain,1,train,5.0,0.0
data/processed/audio_10s/train/pd_1-5_Leonarda_L/VO1lloeroun56F2605161931_w002_10.0s.wav,data/processed/features_10s/train/pd_1-5_Leonarda_L/VO1lloeroun56F2605161931_w002_10.0s.npy,pd_1-5_Leonarda_L,ipvs,vowel_sustain,1,train,10.0,0.0
data/processed/audio_10s/train/pd_1-5_Leonarda_L/VO2lloeroun56F2605161931_w000_0.0s.wav,data/processed/features_10s/train/pd_1-5_Leonarda_L/VO2lloeroun56F2605161931_w000_0.0s.npy,pd_1-5_Leonarda_L,ipvs,vowel_sustain,1,train,0.0,0.0
data/processed/audio_10s/train/pd_1-5_Leonarda_L/VO2lloeroun56F2605161931_w001_5.0s.wav,data/processed/features_10s/train/pd_1-5_Leonarda_L/VO2lloeroun56F2605161931_w001_5.0s.npy,pd_1-5_Leonarda_L,ipvs,vowel_sustain,1,train,5.0,0.0
data/processed/audio_10s/train/pd_1-5_Leonarda_L/VO2lloeroun56F2605161931_w002_10.0s.wav,data/processed/features_10s/train/pd_1-5_Leonarda_L/VO2lloeroun56F2605161931_w002_10.0s.npy,pd_1-5_Leonarda_L,ipvs,vowel_sustain,1,train,10.0,0.0
data/processed/audio_10s/train/pd_1-5_Leonarda_L/VU1lloeroun56F2605161932_w000_0.0s.wav,data/processed/features_10s/train/pd_1-5_Leonarda_L/VU1lloeroun56F2605161932_w000_0.0s.npy,pd_1-5_Leonarda_L,ipvs,vowel_sustain,1,train,0.0,0.0
data/processed/audio_10s/train/pd_1-5_Leonarda_L/VU1lloeroun56F2605161932_w001_5.0s.wav,data/processed/features_10s/train/pd_1-5_Leonarda_L/VU1lloeroun56F2605161932_w001_5.0s.npy,pd_1-5_Leonarda_L,ipvs,vowel_sustain,1,train,5.0,0.0
data/processed/audio_10s/train/pd_1-5_Leonarda_L/VU1lloeroun56F2605161932_w002_10.0s.wav,data/processed/features_10s/train/pd_1-5_Leonarda_L/VU1lloeroun56F2605161932_w002_10.0s.npy,pd_1-5_Leonarda_L,ipvs,vowel_sustain,1,train,10.0,0.0
data/processed/audio_10s/train/pd_1-5_Leonarda_L/VU1lloeroun56F2605161932_w003_15.0s.wav,data/processed/features_10s/train/pd_1-5_Leonarda_L/VU1lloeroun56F2605161932_w003_15.0s.npy,pd_1-5_Leonarda_L,ipvs,vowel_sustain,1,train,15.0,0.0
data/processed/audio_10s/train/pd_1-5_Leonarda_L/VU2lloeroun56F2605161933_w000_0.0s.wav,data/processed/features_10s/train/pd_1-5_Leonarda_L/VU2lloeroun56F2605161933_w000_0.0s.npy,pd_1-5_Leonarda_L,ipvs,vowel_sustain,1,train,0.0,0.0
data/processed/audio_10s/train/pd_1-5_Leonarda_L/VU2lloeroun56F2605161933_w001_5.0s.wav,data/processed/features_10s/train/pd_1-5_Leonarda_L/VU2lloeroun56F2605161933_w001_5.0s.npy,pd_1-5_Leonarda_L,ipvs,vowel_sustain,1,train,5.0,0.0
data/processed/audio_10s/train/pd_1-5_Leonarda_L/VU2lloeroun56F2605161933_w002_10.0s.wav,data/processed/features_10s/train/pd_1-5_Leonarda_L/VU2lloeroun56F2605161933_w002_10.0s.npy,pd_1-5_Leonarda_L,ipvs,vowel_sustain,1,train,10.0,0.0
data/processed/audio_10s/test/pd_1-5_Lucia_R/B1rlouscsi77F2605161820_w000_0.0s.wav,data/processed/features_10s/test/pd_1-5_Lucia_R/B1rlouscsi77F2605161820_w000_0.0s.npy,pd_1-5_Lucia_R,ipvs,syllable_repetition,1,test,0.0,0.0
data/processed/audio_10s/test/pd_1-5_Lucia_R/B1rlouscsi77F2605161820_w001_5.0s.wav,data/processed/features_10s/test/pd_1-5_Lucia_R/B1rlouscsi77F2605161820_w001_5.0s.npy,pd_1-5_Lucia_R,ipvs,syllable_repetition,1,test,5.0,0.0
data/processed/audio_10s/test/pd_1-5_Lucia_R/B1rlouscsi77F2605161820_w002_10.0s.wav,data/processed/features_10s/test/pd_1-5_Lucia_R/B1rlouscsi77F2605161820_w002_10.0s.npy,pd_1-5_Lucia_R,ipvs,syllable_repetition,1,test,10.0,0.0
data/processed/audio_10s/test/pd_1-5_Lucia_R/B1rlouscsi77F2605161820_w003_15.0s.wav,data/processed/features_10s/test/pd_1-5_Lucia_R/B1rlouscsi77F2605161820_w003_15.0s.npy,pd_1-5_Lucia_R,ipvs,syllable_repetition,1,test,15.0,0.0
data/processed/audio_10s/test/pd_1-5_Lucia_R/B1rlouscsi77F2605161820_w004_20.0s.wav,data/processed/features_10s/test/pd_1-5_Lucia_R/B1rlouscsi77F2605161820_w004_20.0s.npy,pd_1-5_Lucia_R,ipvs,syllable_repetition,1,test,20.0,0.0
data/processed/audio_10s/test/pd_1-5_Lucia_R/B1rlouscsi77F2605161820_w005_25.0s.wav,data/processed/features_10s/test/pd_1-5_Lucia_R/B1rlouscsi77F2605161820_w005_25.0s.npy,pd_1-5_Lucia_R,ipvs,syllable_repetition,1,test,25.0,0.0
data/processed/audio_10s/test/pd_1-5_Lucia_R/B1rlouscsi77F2605161820_w006_30.0s.wav,data/processed/features_10s/test/pd_1-5_Lucia_R/B1rlouscsi77F2605161820_w006_30.0s.npy,pd_1-5_Lucia_R,ipvs,syllable_repetition,1,test,30.0,0.0
data/processed/audio_10s/test/pd_1-5_Lucia_R/B1rlouscsi77F2605161820_w007_35.0s.wav,data/processed/features_10s/test/pd_1-5_Lucia_R/B1rlouscsi77F2605161820_w007_35.0s.npy,pd_1-5_Lucia_R,ipvs,syllable_repetition,1,test,35.0,0.0
data/processed/audio_10s/test/pd_1-5_Lucia_R/B1rlouscsi77F2605161820_w008_40.0s.wav,data/processed/features_10s/test/pd_1-5_Lucia_R/B1rlouscsi77F2605161820_w008_40.0s.npy,pd_1-5_Lucia_R,ipvs,syllable_repetition,1,test,40.0,0.0
data/processed/audio_10s/test/pd_1-5_Lucia_R/B1rlouscsi77F2605161820_w009_45.0s.wav,data/processed/features_10s/test/pd_1-5_Lucia_R/B1rlouscsi77F2605161820_w009_45.0s.npy,pd_1-5_Lucia_R,ipvs,syllable_repetition,1,test,45.0,0.0
data/processed/audio_10s/test/pd_1-5_Lucia_R/B1rlouscsi77F2605161820_w010_50.0s.wav,data/processed/features_10s/test/pd_1-5_Lucia_R/B1rlouscsi77F2605161820_w010_50.0s.npy,pd_1-5_Lucia_R,ipvs,syllable_repetition,1,test,50.0,0.0
data/processed/audio_10s/test/pd_1-5_Lucia_R/B2rlouscsi77F2605161822_w000_0.0s.wav,data/processed/features_10s/test/pd_1-5_Lucia_R/B2rlouscsi77F2605161822_w000_0.0s.npy,pd_1-5_Lucia_R,ipvs,syllable_repetition,1,test,0.0,0.0
data/processed/audio_10s/test/pd_1-5_Lucia_R/B2rlouscsi77F2605161822_w001_5.0s.wav,data/processed/features_10s/test/pd_1-5_Lucia_R/B2rlouscsi77F2605161822_w001_5.0s.npy,pd_1-5_Lucia_R,ipvs,syllable_repetition,1,test,5.0,0.0
data/processed/audio_10s/test/pd_1-5_Lucia_R/B2rlouscsi77F2605161822_w002_10.0s.wav,data/processed/features_10s/test/pd_1-5_Lucia_R/B2rlouscsi77F2605161822_w002_10.0s.npy,pd_1-5_Lucia_R,ipvs,syllable_repetition,1,test,10.0,0.0
data/processed/audio_10s/test/pd_1-5_Lucia_R/B2rlouscsi77F2605161822_w003_15.0s.wav,data/processed/features_10s/test/pd_1-5_Lucia_R/B2rlouscsi77F2605161822_w003_15.0s.npy,pd_1-5_Lucia_R,ipvs,syllable_repetition,1,test,15.0,0.0
data/processed/audio_10s/test/pd_1-5_Lucia_R/B2rlouscsi77F2605161822_w004_20.0s.wav,data/processed/features_10s/test/pd_1-5_Lucia_R/B2rlouscsi77F2605161822_w004_20.0s.npy,pd_1-5_Lucia_R,ipvs,syllable_repetition,1,test,20.0,0.0
data/processed/audio_10s/test/pd_1-5_Lucia_R/B2rlouscsi77F2605161822_w005_25.0s.wav,data/processed/features_10s/test/pd_1-5_Lucia_R/B2rlouscsi77F2605161822_w005_25.0s.npy,pd_1-5_Lucia_R,ipvs,syllable_repetition,1,test,25.0,0.0
data/processed/audio_10s/test/pd_1-5_Lucia_R/B2rlouscsi77F2605161822_w006_30.0s.wav,data/processed/features_10s/test/pd_1-5_Lucia_R/B2rlouscsi77F2605161822_w006_30.0s.npy,pd_1-5_Lucia_R,ipvs,syllable_repetition,1,test,30.0,0.0
data/processed/audio_10s/test/pd_1-5_Lucia_R/B2rlouscsi77F2605161822_w007_35.0s.wav,data/processed/features_10s/test/pd_1-5_Lucia_R/B2rlouscsi77F2605161822_w007_35.0s.npy,pd_1-5_Lucia_R,ipvs,syllable_repetition,1,test,35.0,0.0
data/processed/audio_10s/test/pd_1-5_Lucia_R/B2rlouscsi77F2605161822_w008_40.0s.wav,data/processed/features_10s/test/pd_1-5_Lucia_R/B2rlouscsi77F2605161822_w008_40.0s.npy,pd_1-5_Lucia_R,ipvs,syllable_repetition,1,test,40.0,0.0
data/processed/audio_10s/test/pd_1-5_Lucia_R/FB1rlouscsi77F2605161834_w000_0.0s.wav,data/processed/features_10s/test/pd_1-5_Lucia_R/FB1rlouscsi77F2605161834_w000_0.0s.npy,pd_1-5_Lucia_R,ipvs,syllable_repetition,1,test,0.0,0.0
data/processed/audio_10s/test/pd_1-5_Lucia_R/FB1rlouscsi77F2605161834_w001_5.0s.wav,data/processed/features_10s/test/pd_1-5_Lucia_R/FB1rlouscsi77F2605161834_w001_5.0s.npy,pd_1-5_Lucia_R,ipvs,syllable_repetition,1,test,5.0,0.0
data/processed/audio_10s/test/pd_1-5_Lucia_R/FB1rlouscsi77F2605161834_w002_10.0s.wav,data/processed/features_10s/test/pd_1-5_Lucia_R/FB1rlouscsi77F2605161834_w002_10.0s.npy,pd_1-5_Lucia_R,ipvs,syllable_repetition,1,test,10.0,0.0
data/processed/audio_10s/test/pd_1-5_Lucia_R/FB1rlouscsi77F2605161834_w003_15.0s.wav,data/processed/features_10s/test/pd_1-5_Lucia_R/FB1rlouscsi77F2605161834_w003_15.0s.npy,pd_1-5_Lucia_R,ipvs,syllable_repetition,1,test,15.0,0.0
data/processed/audio_10s/test/pd_1-5_Lucia_R/PR1rlouscsi77F2605161834_w000_0.0s.wav,data/processed/features_10s/test/pd_1-5_Lucia_R/PR1rlouscsi77F2605161834_w000_0.0s.npy,pd_1-5_Lucia_R,ipvs,reading_passage,1,test,0.0,0.0
data/processed/audio_10s/test/pd_1-5_Lucia_R/PR1rlouscsi77F2605161834_w001_5.0s.wav,data/processed/features_10s/test/pd_1-5_Lucia_R/PR1rlouscsi77F2605161834_w001_5.0s.npy,pd_1-5_Lucia_R,ipvs,reading_passage,1,test,5.0,0.0
data/processed/audio_10s/test/pd_1-5_Lucia_R/PR1rlouscsi77F2605161834_w002_10.0s.wav,data/processed/features_10s/test/pd_1-5_Lucia_R/PR1rlouscsi77F2605161834_w002_10.0s.npy,pd_1-5_Lucia_R,ipvs,reading_passage,1,test,10.0,0.0
data/processed/audio_10s/test/pd_1-5_Lucia_R/PR1rlouscsi77F2605161834_w003_15.0s.wav,data/processed/features_10s/test/pd_1-5_Lucia_R/PR1rlouscsi77F2605161834_w003_15.0s.npy,pd_1-5_Lucia_R,ipvs,reading_passage,1,test,15.0,0.0
data/processed/audio_10s/test/pd_1-5_Lucia_R/PR1rlouscsi77F2605161834_w004_20.0s.wav,data/processed/features_10s/test/pd_1-5_Lucia_R/PR1rlouscsi77F2605161834_w004_20.0s.npy,pd_1-5_Lucia_R,ipvs,reading_passage,1,test,20.0,0.0
data/processed/audio_10s/test/pd_1-5_Lucia_R/PR1rlouscsi77F2605161834_w005_25.0s.wav,data/processed/features_10s/test/pd_1-5_Lucia_R/PR1rlouscsi77F2605161834_w005_25.0s.npy,pd_1-5_Lucia_R,ipvs,reading_passage,1,test,25.0,0.0
data/processed/audio_10s/test/pd_1-5_Lucia_R/PR1rlouscsi77F2605161834_w006_30.0s.wav,data/processed/features_10s/test/pd_1-5_Lucia_R/PR1rlouscsi77F2605161834_w006_30.0s.npy,pd_1-5_Lucia_R,ipvs,reading_passage,1,test,30.0,0.0
data/processed/audio_10s/test/pd_1-5_Lucia_R/PR1rlouscsi77F2605161834_w007_35.0s.wav,data/processed/features_10s/test/pd_1-5_Lucia_R/PR1rlouscsi77F2605161834_w007_35.0s.npy,pd_1-5_Lucia_R,ipvs,reading_passage,1,test,35.0,0.0
data/processed/audio_10s/test/pd_1-5_Lucia_R/PR1rlouscsi77F2605161834_w008_40.0s.wav,data/processed/features_10s/test/pd_1-5_Lucia_R/PR1rlouscsi77F2605161834_w008_40.0s.npy,pd_1-5_Lucia_R,ipvs,reading_passage,1,test,40.0,0.0
data/processed/audio_10s/test/pd_1-5_Lucia_R/VA1rlouscsi77F2605161825_w000_0.0s.wav,data/processed/features_10s/test/pd_1-5_Lucia_R/VA1rlouscsi77F2605161825_w000_0.0s.npy,pd_1-5_Lucia_R,ipvs,vowel_sustain,1,test,0.0,0.0656
data/processed/audio_10s/test/pd_1-5_Lucia_R/VA2rlouscsi77F2605161825_w000_0.0s.wav,data/processed/features_10s/test/pd_1-5_Lucia_R/VA2rlouscsi77F2605161825_w000_0.0s.npy,pd_1-5_Lucia_R,ipvs,vowel_sustain,1,test,0.0,0.0
data/processed/audio_10s/test/pd_1-5_Lucia_R/VE1rlouscsi77F2605161826_w000_0.0s.wav,data/processed/features_10s/test/pd_1-5_Lucia_R/VE1rlouscsi77F2605161826_w000_0.0s.npy,pd_1-5_Lucia_R,ipvs,vowel_sustain,1,test,0.0,0.0
data/processed/audio_10s/test/pd_1-5_Lucia_R/VE2rlouscsi77F2605161826_w000_0.0s.wav,data/processed/features_10s/test/pd_1-5_Lucia_R/VE2rlouscsi77F2605161826_w000_0.0s.npy,pd_1-5_Lucia_R,ipvs,vowel_sustain,1,test,0.0,0.0
data/processed/audio_10s/test/pd_1-5_Lucia_R/VI1rlouscsi77F2605161827_w000_0.0s.wav,data/processed/features_10s/test/pd_1-5_Lucia_R/VI1rlouscsi77F2605161827_w000_0.0s.npy,pd_1-5_Lucia_R,ipvs,vowel_sustain,1,test,0.0,0.0
data/processed/audio_10s/test/pd_1-5_Lucia_R/VI2rlouscsi77F2605161828_w000_0.0s.wav,data/processed/features_10s/test/pd_1-5_Lucia_R/VI2rlouscsi77F2605161828_w000_0.0s.npy,pd_1-5_Lucia_R,ipvs,vowel_sustain,1,test,0.0,0.0
data/processed/audio_10s/test/pd_1-5_Lucia_R/VO1rlouscsi77F2605161828_w000_0.0s.wav,data/processed/features_10s/test/pd_1-5_Lucia_R/VO1rlouscsi77F2605161828_w000_0.0s.npy,pd_1-5_Lucia_R,ipvs,vowel_sustain,1,test,0.0,0.0
data/processed/audio_10s/test/pd_1-5_Lucia_R/VO1rlouscsi77F2605161828_w001_5.0s.wav,data/processed/features_10s/test/pd_1-5_Lucia_R/VO1rlouscsi77F2605161828_w001_5.0s.npy,pd_1-5_Lucia_R,ipvs,vowel_sustain,1,test,5.0,0.0
data/processed/audio_10s/test/pd_1-5_Lucia_R/VO2rlouscsi77F2605161829_w000_0.0s.wav,data/processed/features_10s/test/pd_1-5_Lucia_R/VO2rlouscsi77F2605161829_w000_0.0s.npy,pd_1-5_Lucia_R,ipvs,vowel_sustain,1,test,0.0,0.0
data/processed/audio_10s/test/pd_1-5_Lucia_R/VO2rlouscsi77F2605161829_w001_5.0s.wav,data/processed/features_10s/test/pd_1-5_Lucia_R/VO2rlouscsi77F2605161829_w001_5.0s.npy,pd_1-5_Lucia_R,ipvs,vowel_sustain,1,test,5.0,0.0
data/processed/audio_10s/test/pd_1-5_Lucia_R/VU1rlouscsi77F2605161830_w000_0.0s.wav,data/processed/features_10s/test/pd_1-5_Lucia_R/VU1rlouscsi77F2605161830_w000_0.0s.npy,pd_1-5_Lucia_R,ipvs,vowel_sustain,1,test,0.0,0.0
data/processed/audio_10s/test/pd_1-5_Lucia_R/VU2rlouscsi77F2605161830_w000_0.0s.wav,data/processed/features_10s/test/pd_1-5_Lucia_R/VU2rlouscsi77F2605161830_w000_0.0s.npy,pd_1-5_Lucia_R,ipvs,vowel_sustain,1,test,0.0,0.0
data/processed/audio_10s/train/pd_1-5_Roberto_R/B1rriovbie49M2605161841_w000_0.0s.wav,data/processed/features_10s/train/pd_1-5_Roberto_R/B1rriovbie49M2605161841_w000_0.0s.npy,pd_1-5_Roberto_R,ipvs,syllable_repetition,1,train,0.0,0.0
data/processed/audio_10s/train/pd_1-5_Roberto_R/B1rriovbie49M2605161841_w001_5.0s.wav,data/processed/features_10s/train/pd_1-5_Roberto_R/B1rriovbie49M2605161841_w001_5.0s.npy,pd_1-5_Roberto_R,ipvs,syllable_repetition,1,train,5.0,0.0
data/processed/audio_10s/train/pd_1-5_Roberto_R/B1rriovbie49M2605161841_w002_10.0s.wav,data/processed/features_10s/train/pd_1-5_Roberto_R/B1rriovbie49M2605161841_w002_10.0s.npy,pd_1-5_Roberto_R,ipvs,syllable_repetition,1,train,10.0,0.0
data/processed/audio_10s/train/pd_1-5_Roberto_R/B1rriovbie49M2605161841_w003_15.0s.wav,data/processed/features_10s/train/pd_1-5_Roberto_R/B1rriovbie49M2605161841_w003_15.0s.npy,pd_1-5_Roberto_R,ipvs,syllable_repetition,1,train,15.0,0.0
data/processed/audio_10s/train/pd_1-5_Roberto_R/B1rriovbie49M2605161841_w004_20.0s.wav,data/processed/features_10s/train/pd_1-5_Roberto_R/B1rriovbie49M2605161841_w004_20.0s.npy,pd_1-5_Roberto_R,ipvs,syllable_repetition,1,train,20.0,0.0
data/processed/audio_10s/train/pd_1-5_Roberto_R/B1rriovbie49M2605161841_w005_25.0s.wav,data/processed/features_10s/train/pd_1-5_Roberto_R/B1rriovbie49M2605161841_w005_25.0s.npy,pd_1-5_Roberto_R,ipvs,syllable_repetition,1,train,25.0,0.0
data/processed/audio_10s/train/pd_1-5_Roberto_R/B1rriovbie49M2605161841_w006_30.0s.wav,data/processed/features_10s/train/pd_1-5_Roberto_R/B1rriovbie49M2605161841_w006_30.0s.npy,pd_1-5_Roberto_R,ipvs,syllable_repetition,1,train,30.0,0.0
data/processed/audio_10s/train/pd_1-5_Roberto_R/B1rriovbie49M2605161841_w007_35.0s.wav,data/processed/features_10s/train/pd_1-5_Roberto_R/B1rriovbie49M2605161841_w007_35.0s.npy,pd_1-5_Roberto_R,ipvs,syllable_repetition,1,train,35.0,0.0
data/processed/audio_10s/train/pd_1-5_Roberto_R/B1rriovbie49M2605161841_w008_40.0s.wav,data/processed/features_10s/train/pd_1-5_Roberto_R/B1rriovbie49M2605161841_w008_40.0s.npy,pd_1-5_Roberto_R,ipvs,syllable_repetition,1,train,40.0,0.0
data/processed/audio_10s/train/pd_1-5_Roberto_R/B1rriovbie49M2605161841_w009_45.0s.wav,data/processed/features_10s/train/pd_1-5_Roberto_R/B1rriovbie49M2605161841_w009_45.0s.npy,pd_1-5_Roberto_R,ipvs,syllable_repetition,1,train,45.0,0.0
data/processed/audio_10s/train/pd_1-5_Roberto_R/B1rriovbie49M2605161841_w010_50.0s.wav,data/processed/features_10s/train/pd_1-5_Roberto_R/B1rriovbie49M2605161841_w010_50.0s.npy,pd_1-5_Roberto_R,ipvs,syllable_repetition,1,train,50.0,0.0
data/processed/audio_10s/train/pd_1-5_Roberto_R/B1rriovbie49M2605161841_w011_55.0s.wav,data/processed/features_10s/train/pd_1-5_Roberto_R/B1rriovbie49M2605161841_w011_55.0s.npy,pd_1-5_Roberto_R,ipvs,syllable_repetition,1,train,55.0,0.0
data/processed/audio_10s/train/pd_1-5_Roberto_R/B1rriovbie49M2605161841_w012_60.0s.wav,data/processed/features_10s/train/pd_1-5_Roberto_R/B1rriovbie49M2605161841_w012_60.0s.npy,pd_1-5_Roberto_R,ipvs,syllable_repetition,1,train,60.0,0.0
data/processed/audio_10s/train/pd_1-5_Roberto_R/B1rriovbie49M2605161841_w013_65.0s.wav,data/processed/features_10s/train/pd_1-5_Roberto_R/B1rriovbie49M2605161841_w013_65.0s.npy,pd_1-5_Roberto_R,ipvs,syllable_repetition,1,train,65.0,0.0
data/processed/audio_10s/train/pd_1-5_Roberto_R/B1rriovbie49M2605161841_w014_70.0s.wav,data/processed/features_10s/train/pd_1-5_Roberto_R/B1rriovbie49M2605161841_w014_70.0s.npy,pd_1-5_Roberto_R,ipvs,syllable_repetition,1,train,70.0,0.0
data/processed/audio_10s/train/pd_1-5_Roberto_R/B1rriovbie49M2605161841_w015_75.0s.wav,data/processed/features_10s/train/pd_1-5_Roberto_R/B1rriovbie49M2605161841_w015_75.0s.npy,pd_1-5_Roberto_R,ipvs,syllable_repetition,1,train,75.0,0.0
data/processed/audio_10s/train/pd_1-5_Roberto_R/B2rriovbie49M2605161842_w000_0.0s.wav,data/processed/features_10s/train/pd_1-5_Roberto_R/B2rriovbie49M2605161842_w000_0.0s.npy,pd_1-5_Roberto_R,ipvs,syllable_repetition,1,train,0.0,0.0
data/processed/audio_10s/train/pd_1-5_Roberto_R/B2rriovbie49M2605161842_w001_5.0s.wav,data/processed/features_10s/train/pd_1-5_Roberto_R/B2rriovbie49M2605161842_w001_5.0s.npy,pd_1-5_Roberto_R,ipvs,syllable_repetition,1,train,5.0,0.0
data/processed/audio_10s/train/pd_1-5_Roberto_R/B2rriovbie49M2605161842_w002_10.0s.wav,data/processed/features_10s/train/pd_1-5_Roberto_R/B2rriovbie49M2605161842_w002_10.0s.npy,pd_1-5_Roberto_R,ipvs,syllable_repetition,1,train,10.0,0.0
data/processed/audio_10s/train/pd_1-5_Roberto_R/B2rriovbie49M2605161842_w003_15.0s.wav,data/processed/features_10s/train/pd_1-5_Roberto_R/B2rriovbie49M2605161842_w003_15.0s.npy,pd_1-5_Roberto_R,ipvs,syllable_repetition,1,train,15.0,0.0
data/processed/audio_10s/train/pd_1-5_Roberto_R/B2rriovbie49M2605161842_w004_20.0s.wav,data/processed/features_10s/train/pd_1-5_Roberto_R/B2rriovbie49M2605161842_w004_20.0s.npy,pd_1-5_Roberto_R,ipvs,syllable_repetition,1,train,20.0,0.0
data/processed/audio_10s/train/pd_1-5_Roberto_R/B2rriovbie49M2605161842_w005_25.0s.wav,data/processed/features_10s/train/pd_1-5_Roberto_R/B2rriovbie49M2605161842_w005_25.0s.npy,pd_1-5_Roberto_R,ipvs,syllable_repetition,1,train,25.0,0.0
data/processed/audio_10s/train/pd_1-5_Roberto_R/B2rriovbie49M2605161842_w006_30.0s.wav,data/processed/features_10s/train/pd_1-5_Roberto_R/B2rriovbie49M2605161842_w006_30.0s.npy,pd_1-5_Roberto_R,ipvs,syllable_repetition,1,train,30.0,0.0
data/processed/audio_10s/train/pd_1-5_Roberto_R/B2rriovbie49M2605161842_w007_35.0s.wav,data/processed/features_10s/train/pd_1-5_Roberto_R/B2rriovbie49M2605161842_w007_35.0s.npy,pd_1-5_Roberto_R,ipvs,syllable_repetition,1,train,35.0,0.0
data/processed/audio_10s/train/pd_1-5_Roberto_R/B2rriovbie49M2605161842_w008_40.0s.wav,data/processed/features_10s/train/pd_1-5_Roberto_R/B2rriovbie49M2605161842_w008_40.0s.npy,pd_1-5_Roberto_R,ipvs,syllable_repetition,1,train,40.0,0.0
data/processed/audio_10s/train/pd_1-5_Roberto_R/B2rriovbie49M2605161842_w009_45.0s.wav,data/processed/features_10s/train/pd_1-5_Roberto_R/B2rriovbie49M2605161842_w009_45.0s.npy,pd_1-5_Roberto_R,ipvs,syllable_repetition,1,train,45.0,0.0
data/processed/audio_10s/train/pd_1-5_Roberto_R/B2rriovbie49M2605161842_w010_50.0s.wav,data/processed/features_10s/train/pd_1-5_Roberto_R/B2rriovbie49M2605161842_w010_50.0s.npy,pd_1-5_Roberto_R,ipvs,syllable_repetition,1,train,50.0,0.0
data/processed/audio_10s/train/pd_1-5_Roberto_R/FB1rriovbie49M2605161855_w000_0.0s.wav,data/processed/features_10s/train/pd_1-5_Roberto_R/FB1rriovbie49M2605161855_w000_0.0s.npy,pd_1-5_Roberto_R,ipvs,syllable_repetition,1,train,0.0,0.0
data/processed/audio_10s/train/pd_1-5_Roberto_R/FB1rriovbie49M2605161855_w001_5.0s.wav,data/processed/features_10s/train/pd_1-5_Roberto_R/FB1rriovbie49M2605161855_w001_5.0s.npy,pd_1-5_Roberto_R,ipvs,syllable_repetition,1,train,5.0,0.0
data/processed/audio_10s/train/pd_1-5_Roberto_R/FB1rriovbie49M2605161855_w002_10.0s.wav,data/processed/features_10s/train/pd_1-5_Roberto_R/FB1rriovbie49M2605161855_w002_10.0s.npy,pd_1-5_Roberto_R,ipvs,syllable_repetition,1,train,10.0,0.0
data/processed/audio_10s/train/pd_1-5_Roberto_R/FB1rriovbie49M2605161855_w003_15.0s.wav,data/processed/features_10s/train/pd_1-5_Roberto_R/FB1rriovbie49M2605161855_w003_15.0s.npy,pd_1-5_Roberto_R,ipvs,syllable_repetition,1,train,15.0,0.0
data/processed/audio_10s/train/pd_1-5_Roberto_R/FB1rriovbie49M2605161855_w004_20.0s.wav,data/processed/features_10s/train/pd_1-5_Roberto_R/FB1rriovbie49M2605161855_w004_20.0s.npy,pd_1-5_Roberto_R,ipvs,syllable_repetition,1,train,20.0,0.0
data/processed/audio_10s/train/pd_1-5_Roberto_R/PR1rriovbie49M2605161853_w000_0.0s.wav,data/processed/features_10s/train/pd_1-5_Roberto_R/PR1rriovbie49M2605161853_w000_0.0s.npy,pd_1-5_Roberto_R,ipvs,reading_passage,1,train,0.0,0.0
data/processed/audio_10s/train/pd_1-5_Roberto_R/PR1rriovbie49M2605161853_w001_5.0s.wav,data/processed/features_10s/train/pd_1-5_Roberto_R/PR1rriovbie49M2605161853_w001_5.0s.npy,pd_1-5_Roberto_R,ipvs,reading_passage,1,train,5.0,0.0
data/processed/audio_10s/train/pd_1-5_Roberto_R/PR1rriovbie49M2605161853_w002_10.0s.wav,data/processed/features_10s/train/pd_1-5_Roberto_R/PR1rriovbie49M2605161853_w002_10.0s.npy,pd_1-5_Roberto_R,ipvs,reading_passage,1,train,10.0,0.0
data/processed/audio_10s/train/pd_1-5_Roberto_R/PR1rriovbie49M2605161853_w003_15.0s.wav,data/processed/features_10s/train/pd_1-5_Roberto_R/PR1rriovbie49M2605161853_w003_15.0s.npy,pd_1-5_Roberto_R,ipvs,reading_passage,1,train,15.0,0.0
data/processed/audio_10s/train/pd_1-5_Roberto_R/PR1rriovbie49M2605161853_w004_20.0s.wav,data/processed/features_10s/train/pd_1-5_Roberto_R/PR1rriovbie49M2605161853_w004_20.0s.npy,pd_1-5_Roberto_R,ipvs,reading_passage,1,train,20.0,0.0
data/processed/audio_10s/train/pd_1-5_Roberto_R/PR1rriovbie49M2605161853_w005_25.0s.wav,data/processed/features_10s/train/pd_1-5_Roberto_R/PR1rriovbie49M2605161853_w005_25.0s.npy,pd_1-5_Roberto_R,ipvs,reading_passage,1,train,25.0,0.0
data/processed/audio_10s/train/pd_1-5_Roberto_R/PR1rriovbie49M2605161853_w006_30.0s.wav,data/processed/features_10s/train/pd_1-5_Roberto_R/PR1rriovbie49M2605161853_w006_30.0s.npy,pd_1-5_Roberto_R,ipvs,reading_passage,1,train,30.0,0.0
data/processed/audio_10s/train/pd_1-5_Roberto_R/PR1rriovbie49M2605161853_w007_35.0s.wav,data/processed/features_10s/train/pd_1-5_Roberto_R/PR1rriovbie49M2605161853_w007_35.0s.npy,pd_1-5_Roberto_R,ipvs,reading_passage,1,train,35.0,0.0
data/processed/audio_10s/train/pd_1-5_Roberto_R/PR1rriovbie49M2605161853_w008_40.0s.wav,data/processed/features_10s/train/pd_1-5_Roberto_R/PR1rriovbie49M2605161853_w008_40.0s.npy,pd_1-5_Roberto_R,ipvs,reading_passage,1,train,40.0,0.0
data/processed/audio_10s/train/pd_1-5_Roberto_R/PR1rriovbie49M2605161853_w009_45.0s.wav,data/processed/features_10s/train/pd_1-5_Roberto_R/PR1rriovbie49M2605161853_w009_45.0s.npy,pd_1-5_Roberto_R,ipvs,reading_passage,1,train,45.0,0.0
data/processed/audio_10s/train/pd_1-5_Roberto_R/VA1rriovbie49M2605161845_w000_0.0s.wav,data/processed/features_10s/train/pd_1-5_Roberto_R/VA1rriovbie49M2605161845_w000_0.0s.npy,pd_1-5_Roberto_R,ipvs,vowel_sustain,1,train,0.0,0.0
data/processed/audio_10s/train/pd_1-5_Roberto_R/VE1rriovbie49M2605161846_w000_0.0s.wav,data/processed/features_10s/train/pd_1-5_Roberto_R/VE1rriovbie49M2605161846_w000_0.0s.npy,pd_1-5_Roberto_R,ipvs,vowel_sustain,1,train,0.0,0.0
data/processed/audio_10s/train/pd_1-5_Roberto_R/VE2rriovbie49M2605161846_w000_0.0s.wav,data/processed/features_10s/train/pd_1-5_Roberto_R/VE2rriovbie49M2605161846_w000_0.0s.npy,pd_1-5_Roberto_R,ipvs,vowel_sustain,1,train,0.0,0.0
data/processed/audio_10s/train/pd_1-5_Roberto_R/VI1rriovbie49M2605161847_w000_0.0s.wav,data/processed/features_10s/train/pd_1-5_Roberto_R/VI1rriovbie49M2605161847_w000_0.0s.npy,pd_1-5_Roberto_R,ipvs,vowel_sustain,1,train,0.0,0.0
data/processed/audio_10s/train/pd_1-5_Roberto_R/VI2rriovbie49M2605161848_w000_0.0s.wav,data/processed/features_10s/train/pd_1-5_Roberto_R/VI2rriovbie49M2605161848_w000_0.0s.npy,pd_1-5_Roberto_R,ipvs,vowel_sustain,1,train,0.0,0.0
data/processed/audio_10s/train/pd_1-5_Roberto_R/VO1rriovbie49M2605161848_w000_0.0s.wav,data/processed/features_10s/train/pd_1-5_Roberto_R/VO1rriovbie49M2605161848_w000_0.0s.npy,pd_1-5_Roberto_R,ipvs,vowel_sustain,1,train,0.0,0.0
data/processed/audio_10s/train/pd_1-5_Roberto_R/VO2rriovbie49M2605161849_w000_0.0s.wav,data/processed/features_10s/train/pd_1-5_Roberto_R/VO2rriovbie49M2605161849_w000_0.0s.npy,pd_1-5_Roberto_R,ipvs,vowel_sustain,1,train,0.0,0.0
data/processed/audio_10s/train/pd_1-5_Roberto_R/VU1rriovbie49M2605161849_w000_0.0s.wav,data/processed/features_10s/train/pd_1-5_Roberto_R/VU1rriovbie49M2605161849_w000_0.0s.npy,pd_1-5_Roberto_R,ipvs,vowel_sustain,1,train,0.0,0.0336
data/processed/audio_10s/train/pd_1-5_Roberto_R/VU2rriovbie49M2605161850_w000_0.0s.wav,data/processed/features_10s/train/pd_1-5_Roberto_R/VU2rriovbie49M2605161850_w000_0.0s.npy,pd_1-5_Roberto_R,ipvs,vowel_sustain,1,train,0.0,0.0
data/processed/audio_10s/train/pd_11-16_Anna_B/B1ABNINSAC46F240120171753_w000_0.0s.wav,data/processed/features_10s/train/pd_11-16_Anna_B/B1ABNINSAC46F240120171753_w000_0.0s.npy,pd_11-16_Anna_B,ipvs,syllable_repetition,1,train,0.0,0.0
data/processed/audio_10s/train/pd_11-16_Anna_B/B1ABNINSAC46F240120171753_w001_5.0s.wav,data/processed/features_10s/train/pd_11-16_Anna_B/B1ABNINSAC46F240120171753_w001_5.0s.npy,pd_11-16_Anna_B,ipvs,syllable_repetition,1,train,5.0,0.0
data/processed/audio_10s/train/pd_11-16_Anna_B/B1ABNINSAC46F240120171753_w002_10.0s.wav,data/processed/features_10s/train/pd_11-16_Anna_B/B1ABNINSAC46F240120171753_w002_10.0s.npy,pd_11-16_Anna_B,ipvs,syllable_repetition,1,train,10.0,0.0
data/processed/audio_10s/train/pd_11-16_Anna_B/B1ABNINSAC46F240120171753_w003_15.0s.wav,data/processed/features_10s/train/pd_11-16_Anna_B/B1ABNINSAC46F240120171753_w003_15.0s.npy,pd_11-16_Anna_B,ipvs,syllable_repetition,1,train,15.0,0.0
data/processed/audio_10s/train/pd_11-16_Anna_B/B1ABNINSAC46F240120171753_w004_20.0s.wav,data/processed/features_10s/train/pd_11-16_Anna_B/B1ABNINSAC46F240120171753_w004_20.0s.npy,pd_11-16_Anna_B,ipvs,syllable_repetition,1,train,20.0,0.0
data/processed/audio_10s/train/pd_11-16_Anna_B/B1ABNINSAC46F240120171753_w005_25.0s.wav,data/processed/features_10s/train/pd_11-16_Anna_B/B1ABNINSAC46F240120171753_w005_25.0s.npy,pd_11-16_Anna_B,ipvs,syllable_repetition,1,train,25.0,0.0
data/processed/audio_10s/train/pd_11-16_Anna_B/B1ABNINSAC46F240120171753_w006_30.0s.wav,data/processed/features_10s/train/pd_11-16_Anna_B/B1ABNINSAC46F240120171753_w006_30.0s.npy,pd_11-16_Anna_B,ipvs,syllable_repetition,1,train,30.0,0.0
data/processed/audio_10s/train/pd_11-16_Anna_B/B1ABNINSAC46F240120171753_w007_35.0s.wav,data/processed/features_10s/train/pd_11-16_Anna_B/B1ABNINSAC46F240120171753_w007_35.0s.npy,pd_11-16_Anna_B,ipvs,syllable_repetition,1,train,35.0,0.0
data/processed/audio_10s/train/pd_11-16_Anna_B/B1ABNINSAC46F240120171753_w008_40.0s.wav,data/processed/features_10s/train/pd_11-16_Anna_B/B1ABNINSAC46F240120171753_w008_40.0s.npy,pd_11-16_Anna_B,ipvs,syllable_repetition,1,train,40.0,0.0
data/processed/audio_10s/train/pd_11-16_Anna_B/B1ABNINSAC46F240120171753_w009_45.0s.wav,data/processed/features_10s/train/pd_11-16_Anna_B/B1ABNINSAC46F240120171753_w009_45.0s.npy,pd_11-16_Anna_B,ipvs,syllable_repetition,1,train,45.0,0.0
data/processed/audio_10s/train/pd_11-16_Anna_B/B1ABNINSAC46F240120171753_w010_50.0s.wav,data/processed/features_10s/train/pd_11-16_Anna_B/B1ABNINSAC46F240120171753_w010_50.0s.npy,pd_11-16_Anna_B,ipvs,syllable_repetition,1,train,50.0,0.0
data/processed/audio_10s/train/pd_11-16_Anna_B/B1ABNINSAC46F240120171753_w011_55.0s.wav,data/processed/features_10s/train/pd_11-16_Anna_B/B1ABNINSAC46F240120171753_w011_55.0s.npy,pd_11-16_Anna_B,ipvs,syllable_repetition,1,train,55.0,0.0
data/processed/audio_10s/train/pd_11-16_Anna_B/B2ABNINSAC46F240120171755_w000_0.0s.wav,data/processed/features_10s/train/pd_11-16_Anna_B/B2ABNINSAC46F240120171755_w000_0.0s.npy,pd_11-16_Anna_B,ipvs,syllable_repetition,1,train,0.0,0.0
data/processed/audio_10s/train/pd_11-16_Anna_B/B2ABNINSAC46F240120171755_w001_5.0s.wav,data/processed/features_10s/train/pd_11-16_Anna_B/B2ABNINSAC46F240120171755_w001_5.0s.npy,pd_11-16_Anna_B,ipvs,syllable_repetition,1,train,5.0,0.0
data/processed/audio_10s/train/pd_11-16_Anna_B/B2ABNINSAC46F240120171755_w002_10.0s.wav,data/processed/features_10s/train/pd_11-16_Anna_B/B2ABNINSAC46F240120171755_w002_10.0s.npy,pd_11-16_Anna_B,ipvs,syllable_repetition,1,train,10.0,0.0
data/processed/audio_10s/train/pd_11-16_Anna_B/B2ABNINSAC46F240120171755_w003_15.0s.wav,data/processed/features_10s/train/pd_11-16_Anna_B/B2ABNINSAC46F240120171755_w003_15.0s.npy,pd_11-16_Anna_B,ipvs,syllable_repetition,1,train,15.0,0.0
data/processed/audio_10s/train/pd_11-16_Anna_B/B2ABNINSAC46F240120171755_w004_20.0s.wav,data/processed/features_10s/train/pd_11-16_Anna_B/B2ABNINSAC46F240120171755_w004_20.0s.npy,pd_11-16_Anna_B,ipvs,syllable_repetition,1,train,20.0,0.0
data/processed/audio_10s/train/pd_11-16_Anna_B/B2ABNINSAC46F240120171755_w005_25.0s.wav,data/processed/features_10s/train/pd_11-16_Anna_B/B2ABNINSAC46F240120171755_w005_25.0s.npy,pd_11-16_Anna_B,ipvs,syllable_repetition,1,train,25.0,0.0
data/processed/audio_10s/train/pd_11-16_Anna_B/B2ABNINSAC46F240120171755_w006_30.0s.wav,data/processed/features_10s/train/pd_11-16_Anna_B/B2ABNINSAC46F240120171755_w006_30.0s.npy,pd_11-16_Anna_B,ipvs,syllable_repetition,1,train,30.0,0.0
data/processed/audio_10s/train/pd_11-16_Anna_B/B2ABNINSAC46F240120171755_w007_35.0s.wav,data/processed/features_10s/train/pd_11-16_Anna_B/B2ABNINSAC46F240120171755_w007_35.0s.npy,pd_11-16_Anna_B,ipvs,syllable_repetition,1,train,35.0,0.0
data/processed/audio_10s/train/pd_11-16_Anna_B/FB1ABNINSAC46F240120171808_w000_0.0s.wav,data/processed/features_10s/train/pd_11-16_Anna_B/FB1ABNINSAC46F240120171808_w000_0.0s.npy,pd_11-16_Anna_B,ipvs,syllable_repetition,1,train,0.0,0.0
data/processed/audio_10s/train/pd_11-16_Anna_B/FB1ABNINSAC46F240120171808_w001_5.0s.wav,data/processed/features_10s/train/pd_11-16_Anna_B/FB1ABNINSAC46F240120171808_w001_5.0s.npy,pd_11-16_Anna_B,ipvs,syllable_repetition,1,train,5.0,0.0
data/processed/audio_10s/train/pd_11-16_Anna_B/FB1ABNINSAC46F240120171808_w002_10.0s.wav,data/processed/features_10s/train/pd_11-16_Anna_B/FB1ABNINSAC46F240120171808_w002_10.0s.npy,pd_11-16_Anna_B,ipvs,syllable_repetition,1,train,10.0,0.0
data/processed/audio_10s/train/pd_11-16_Anna_B/PR1ABNINSAC46F240120171807_w000_0.0s.wav,data/processed/features_10s/train/pd_11-16_Anna_B/PR1ABNINSAC46F240120171807_w000_0.0s.npy,pd_11-16_Anna_B,ipvs,reading_passage,1,train,0.0,0.0
data/processed/audio_10s/train/pd_11-16_Anna_B/PR1ABNINSAC46F240120171807_w001_5.0s.wav,data/processed/features_10s/train/pd_11-16_Anna_B/PR1ABNINSAC46F240120171807_w001_5.0s.npy,pd_11-16_Anna_B,ipvs,reading_passage,1,train,5.0,0.0
data/processed/audio_10s/train/pd_11-16_Anna_B/PR1ABNINSAC46F240120171807_w002_10.0s.wav,data/processed/features_10s/train/pd_11-16_Anna_B/PR1ABNINSAC46F240120171807_w002_10.0s.npy,pd_11-16_Anna_B,ipvs,reading_passage,1,train,10.0,0.0
data/processed/audio_10s/train/pd_11-16_Anna_B/PR1ABNINSAC46F240120171807_w003_15.0s.wav,data/processed/features_10s/train/pd_11-16_Anna_B/PR1ABNINSAC46F240120171807_w003_15.0s.npy,pd_11-16_Anna_B,ipvs,reading_passage,1,train,15.0,0.0
data/processed/audio_10s/train/pd_11-16_Anna_B/PR1ABNINSAC46F240120171807_w004_20.0s.wav,data/processed/features_10s/train/pd_11-16_Anna_B/PR1ABNINSAC46F240120171807_w004_20.0s.npy,pd_11-16_Anna_B,ipvs,reading_passage,1,train,20.0,0.0
data/processed/audio_10s/train/pd_11-16_Anna_B/PR1ABNINSAC46F240120171807_w005_25.0s.wav,data/processed/features_10s/train/pd_11-16_Anna_B/PR1ABNINSAC46F240120171807_w005_25.0s.npy,pd_11-16_Anna_B,ipvs,reading_passage,1,train,25.0,0.0
data/processed/audio_10s/train/pd_11-16_Anna_B/PR1ABNINSAC46F240120171807_w006_30.0s.wav,data/processed/features_10s/train/pd_11-16_Anna_B/PR1ABNINSAC46F240120171807_w006_30.0s.npy,pd_11-16_Anna_B,ipvs,reading_passage,1,train,30.0,0.0
data/processed/audio_10s/train/pd_11-16_Anna_B/PR1ABNINSAC46F240120171807_w007_35.0s.wav,data/processed/features_10s/train/pd_11-16_Anna_B/PR1ABNINSAC46F240120171807_w007_35.0s.npy,pd_11-16_Anna_B,ipvs,reading_passage,1,train,35.0,0.0
data/processed/audio_10s/train/pd_11-16_Anna_B/PR1ABNINSAC46F240120171807_w008_40.0s.wav,data/processed/features_10s/train/pd_11-16_Anna_B/PR1ABNINSAC46F240120171807_w008_40.0s.npy,pd_11-16_Anna_B,ipvs,reading_passage,1,train,40.0,0.0
data/processed/audio_10s/train/pd_11-16_Anna_B/PR1ABNINSAC46F240120171807_w009_45.0s.wav,data/processed/features_10s/train/pd_11-16_Anna_B/PR1ABNINSAC46F240120171807_w009_45.0s.npy,pd_11-16_Anna_B,ipvs,reading_passage,1,train,45.0,0.0
data/processed/audio_10s/train/pd_11-16_Anna_B/VA1ABNINSAC46F240120171758_w000_0.0s.wav,data/processed/features_10s/train/pd_11-16_Anna_B/VA1ABNINSAC46F240120171758_w000_0.0s.npy,pd_11-16_Anna_B,ipvs,vowel_sustain,1,train,0.0,0.0
data/processed/audio_10s/train/pd_11-16_Anna_B/VE1ABNINSAC46F240120171800_w000_0.0s.wav,data/processed/features_10s/train/pd_11-16_Anna_B/VE1ABNINSAC46F240120171800_w000_0.0s.npy,pd_11-16_Anna_B,ipvs,vowel_sustain,1,train,0.0,0.0
data/processed/audio_10s/train/pd_11-16_Anna_B/VI1ABNINSAC46F240120171801_w000_0.0s.wav,data/processed/features_10s/train/pd_11-16_Anna_B/VI1ABNINSAC46F240120171801_w000_0.0s.npy,pd_11-16_Anna_B,ipvs,vowel_sustain,1,train,0.0,0.0
data/processed/audio_10s/train/pd_11-16_Anna_B/VI1ABNINSAC46F240120171801_w001_5.0s.wav,data/processed/features_10s/train/pd_11-16_Anna_B/VI1ABNINSAC46F240120171801_w001_5.0s.npy,pd_11-16_Anna_B,ipvs,vowel_sustain,1,train,5.0,0.0
data/processed/audio_10s/train/pd_11-16_Anna_B/VO1ABNINSAC46F240120171802_w000_0.0s.wav,data/processed/features_10s/train/pd_11-16_Anna_B/VO1ABNINSAC46F240120171802_w000_0.0s.npy,pd_11-16_Anna_B,ipvs,vowel_sustain,1,train,0.0,0.0
data/processed/audio_10s/train/pd_11-16_Anna_B/VU1ABNINSAC46F240120171804_w000_0.0s.wav,data/processed/features_10s/train/pd_11-16_Anna_B/VU1ABNINSAC46F240120171804_w000_0.0s.npy,pd_11-16_Anna_B,ipvs,vowel_sustain,1,train,0.0,0.0
data/processed/audio_10s/test/pd_11-16_Michele_C/B1MCIICLHL46M240120171825_w000_0.0s.wav,data/processed/features_10s/test/pd_11-16_Michele_C/B1MCIICLHL46M240120171825_w000_0.0s.npy,pd_11-16_Michele_C,ipvs,syllable_repetition,1,test,0.0,0.0
data/processed/audio_10s/test/pd_11-16_Michele_C/B1MCIICLHL46M240120171825_w001_5.0s.wav,data/processed/features_10s/test/pd_11-16_Michele_C/B1MCIICLHL46M240120171825_w001_5.0s.npy,pd_11-16_Michele_C,ipvs,syllable_repetition,1,test,5.0,0.0
data/processed/audio_10s/test/pd_11-16_Michele_C/B1MCIICLHL46M240120171825_w002_10.0s.wav,data/processed/features_10s/test/pd_11-16_Michele_C/B1MCIICLHL46M240120171825_w002_10.0s.npy,pd_11-16_Michele_C,ipvs,syllable_repetition,1,test,10.0,0.0
data/processed/audio_10s/test/pd_11-16_Michele_C/B1MCIICLHL46M240120171825_w003_15.0s.wav,data/processed/features_10s/test/pd_11-16_Michele_C/B1MCIICLHL46M240120171825_w003_15.0s.npy,pd_11-16_Michele_C,ipvs,syllable_repetition,1,test,15.0,0.0
data/processed/audio_10s/test/pd_11-16_Michele_C/B1MCIICLHL46M240120171825_w004_20.0s.wav,data/processed/features_10s/test/pd_11-16_Michele_C/B1MCIICLHL46M240120171825_w004_20.0s.npy,pd_11-16_Michele_C,ipvs,syllable_repetition,1,test,20.0,0.0
data/processed/audio_10s/test/pd_11-16_Michele_C/B1MCIICLHL46M240120171825_w005_25.0s.wav,data/processed/features_10s/test/pd_11-16_Michele_C/B1MCIICLHL46M240120171825_w005_25.0s.npy,pd_11-16_Michele_C,ipvs,syllable_repetition,1,test,25.0,0.0
data/processed/audio_10s/test/pd_11-16_Michele_C/B1MCIICLHL46M240120171825_w006_30.0s.wav,data/processed/features_10s/test/pd_11-16_Michele_C/B1MCIICLHL46M240120171825_w006_30.0s.npy,pd_11-16_Michele_C,ipvs,syllable_repetition,1,test,30.0,0.0
data/processed/audio_10s/test/pd_11-16_Michele_C/B1MCIICLHL46M240120171825_w007_35.0s.wav,data/processed/features_10s/test/pd_11-16_Michele_C/B1MCIICLHL46M240120171825_w007_35.0s.npy,pd_11-16_Michele_C,ipvs,syllable_repetition,1,test,35.0,0.0
data/processed/audio_10s/test/pd_11-16_Michele_C/B1MCIICLHL46M240120171825_w008_40.0s.wav,data/processed/features_10s/test/pd_11-16_Michele_C/B1MCIICLHL46M240120171825_w008_40.0s.npy,pd_11-16_Michele_C,ipvs,syllable_repetition,1,test,40.0,0.0
data/processed/audio_10s/test/pd_11-16_Michele_C/B2MCIICLHL46M240120171827_w000_0.0s.wav,data/processed/features_10s/test/pd_11-16_Michele_C/B2MCIICLHL46M240120171827_w000_0.0s.npy,pd_11-16_Michele_C,ipvs,syllable_repetition,1,test,0.0,0.0
data/processed/audio_10s/test/pd_11-16_Michele_C/B2MCIICLHL46M240120171827_w001_5.0s.wav,data/processed/features_10s/test/pd_11-16_Michele_C/B2MCIICLHL46M240120171827_w001_5.0s.npy,pd_11-16_Michele_C,ipvs,syllable_repetition,1,test,5.0,0.0
data/processed/audio_10s/test/pd_11-16_Michele_C/B2MCIICLHL46M240120171827_w002_10.0s.wav,data/processed/features_10s/test/pd_11-16_Michele_C/B2MCIICLHL46M240120171827_w002_10.0s.npy,pd_11-16_Michele_C,ipvs,syllable_repetition,1,test,10.0,0.0
data/processed/audio_10s/test/pd_11-16_Michele_C/B2MCIICLHL46M240120171827_w003_15.0s.wav,data/processed/features_10s/test/pd_11-16_Michele_C/B2MCIICLHL46M240120171827_w003_15.0s.npy,pd_11-16_Michele_C,ipvs,syllable_repetition,1,test,15.0,0.0
data/processed/audio_10s/test/pd_11-16_Michele_C/B2MCIICLHL46M240120171827_w004_20.0s.wav,data/processed/features_10s/test/pd_11-16_Michele_C/B2MCIICLHL46M240120171827_w004_20.0s.npy,pd_11-16_Michele_C,ipvs,syllable_repetition,1,test,20.0,0.0
data/processed/audio_10s/test/pd_11-16_Michele_C/B2MCIICLHL46M240120171827_w005_25.0s.wav,data/processed/features_10s/test/pd_11-16_Michele_C/B2MCIICLHL46M240120171827_w005_25.0s.npy,pd_11-16_Michele_C,ipvs,syllable_repetition,1,test,25.0,0.0
data/processed/audio_10s/test/pd_11-16_Michele_C/B2MCIICLHL46M240120171827_w006_30.0s.wav,data/processed/features_10s/test/pd_11-16_Michele_C/B2MCIICLHL46M240120171827_w006_30.0s.npy,pd_11-16_Michele_C,ipvs,syllable_repetition,1,test,30.0,0.0
data/processed/audio_10s/test/pd_11-16_Michele_C/B2MCIICLHL46M240120171827_w007_35.0s.wav,data/processed/features_10s/test/pd_11-16_Michele_C/B2MCIICLHL46M240120171827_w007_35.0s.npy,pd_11-16_Michele_C,ipvs,syllable_repetition,1,test,35.0,0.0
data/processed/audio_10s/test/pd_11-16_Michele_C/FB1MCIICLHL46M240120171837_w000_0.0s.wav,data/processed/features_10s/test/pd_11-16_Michele_C/FB1MCIICLHL46M240120171837_w000_0.0s.npy,pd_11-16_Michele_C,ipvs,syllable_repetition,1,test,0.0,0.0
data/processed/audio_10s/test/pd_11-16_Michele_C/FB1MCIICLHL46M240120171837_w001_5.0s.wav,data/processed/features_10s/test/pd_11-16_Michele_C/FB1MCIICLHL46M240120171837_w001_5.0s.npy,pd_11-16_Michele_C,ipvs,syllable_repetition,1,test,5.0,0.0
data/processed/audio_10s/test/pd_11-16_Michele_C/FB1MCIICLHL46M240120171837_w002_10.0s.wav,data/processed/features_10s/test/pd_11-16_Michele_C/FB1MCIICLHL46M240120171837_w002_10.0s.npy,pd_11-16_Michele_C,ipvs,syllable_repetition,1,test,10.0,0.0
data/processed/audio_10s/test/pd_11-16_Michele_C/PR1MCIICLHL46M240120171836_w000_0.0s.wav,data/processed/features_10s/test/pd_11-16_Michele_C/PR1MCIICLHL46M240120171836_w000_0.0s.npy,pd_11-16_Michele_C,ipvs,reading_passage,1,test,0.0,0.0
data/processed/audio_10s/test/pd_11-16_Michele_C/PR1MCIICLHL46M240120171836_w001_5.0s.wav,data/processed/features_10s/test/pd_11-16_Michele_C/PR1MCIICLHL46M240120171836_w001_5.0s.npy,pd_11-16_Michele_C,ipvs,reading_passage,1,test,5.0,0.0
data/processed/audio_10s/test/pd_11-16_Michele_C/PR1MCIICLHL46M240120171836_w002_10.0s.wav,data/processed/features_10s/test/pd_11-16_Michele_C/PR1MCIICLHL46M240120171836_w002_10.0s.npy,pd_11-16_Michele_C,ipvs,reading_passage,1,test,10.0,0.0
data/processed/audio_10s/test/pd_11-16_Michele_C/PR1MCIICLHL46M240120171836_w003_15.0s.wav,data/processed/features_10s/test/pd_11-16_Michele_C/PR1MCIICLHL46M240120171836_w003_15.0s.npy,pd_11-16_Michele_C,ipvs,reading_passage,1,test,15.0,0.0
data/processed/audio_10s/test/pd_11-16_Michele_C/PR1MCIICLHL46M240120171836_w004_20.0s.wav,data/processed/features_10s/test/pd_11-16_Michele_C/PR1MCIICLHL46M240120171836_w004_20.0s.npy,pd_11-16_Michele_C,ipvs,reading_passage,1,test,20.0,0.0
data/processed/audio_10s/test/pd_11-16_Michele_C/PR1MCIICLHL46M240120171836_w005_25.0s.wav,data/processed/features_10s/test/pd_11-16_Michele_C/PR1MCIICLHL46M240120171836_w005_25.0s.npy,pd_11-16_Michele_C,ipvs,reading_passage,1,test,25.0,0.0
data/processed/audio_10s/test/pd_11-16_Michele_C/VA2MCIICLHL46M240120171829_w000_0.0s.wav,data/processed/features_10s/test/pd_11-16_Michele_C/VA2MCIICLHL46M240120171829_w000_0.0s.npy,pd_11-16_Michele_C,ipvs,vowel_sustain,1,test,0.0,0.0
data/processed/audio_10s/test/pd_11-16_Michele_C/VA2MCIICLHL46M240120171829_w001_5.0s.wav,data/processed/features_10s/test/pd_11-16_Michele_C/VA2MCIICLHL46M240120171829_w001_5.0s.npy,pd_11-16_Michele_C,ipvs,vowel_sustain,1,test,5.0,0.0
data/processed/audio_10s/test/pd_11-16_Michele_C/VE1MCIICLHL46M240120171830_w000_0.0s.wav,data/processed/features_10s/test/pd_11-16_Michele_C/VE1MCIICLHL46M240120171830_w000_0.0s.npy,pd_11-16_Michele_C,ipvs,vowel_sustain,1,test,0.0,0.0
data/processed/audio_10s/test/pd_11-16_Michele_C/VE1MCIICLHL46M240120171830_w001_5.0s.wav,data/processed/features_10s/test/pd_11-16_Michele_C/VE1MCIICLHL46M240120171830_w001_5.0s.npy,pd_11-16_Michele_C,ipvs,vowel_sustain,1,test,5.0,0.0
data/processed/audio_10s/test/pd_11-16_Michele_C/VE1MCIICLHL46M240120171830_w002_10.0s.wav,data/processed/features_10s/test/pd_11-16_Michele_C/VE1MCIICLHL46M240120171830_w002_10.0s.npy,pd_11-16_Michele_C,ipvs,vowel_sustain,1,test,10.0,0.0
data/processed/audio_10s/test/pd_11-16_Michele_C/VI1MCIICLHL46M240120171831_w000_0.0s.wav,data/processed/features_10s/test/pd_11-16_Michele_C/VI1MCIICLHL46M240120171831_w000_0.0s.npy,pd_11-16_Michele_C,ipvs,vowel_sustain,1,test,0.0,0.0
data/processed/audio_10s/test/pd_11-16_Michele_C/VI1MCIICLHL46M240120171831_w001_5.0s.wav,data/processed/features_10s/test/pd_11-16_Michele_C/VI1MCIICLHL46M240120171831_w001_5.0s.npy,pd_11-16_Michele_C,ipvs,vowel_sustain,1,test,5.0,0.0
data/processed/audio_10s/test/pd_11-16_Michele_C/VI1MCIICLHL46M240120171831_w002_10.0s.wav,data/processed/features_10s/test/pd_11-16_Michele_C/VI1MCIICLHL46M240120171831_w002_10.0s.npy,pd_11-16_Michele_C,ipvs,vowel_sustain,1,test,10.0,0.0
data/processed/audio_10s/test/pd_11-16_Michele_C/VO1MCIICLHL46M240120171833_w000_0.0s.wav,data/processed/features_10s/test/pd_11-16_Michele_C/VO1MCIICLHL46M240120171833_w000_0.0s.npy,pd_11-16_Michele_C,ipvs,vowel_sustain,1,test,0.0,0.0
data/processed/audio_10s/test/pd_11-16_Michele_C/VO1MCIICLHL46M240120171833_w001_5.0s.wav,data/processed/features_10s/test/pd_11-16_Michele_C/VO1MCIICLHL46M240120171833_w001_5.0s.npy,pd_11-16_Michele_C,ipvs,vowel_sustain,1,test,5.0,0.0
data/processed/audio_10s/test/pd_11-16_Michele_C/VO1MCIICLHL46M240120171833_w002_10.0s.wav,data/processed/features_10s/test/pd_11-16_Michele_C/VO1MCIICLHL46M240120171833_w002_10.0s.npy,pd_11-16_Michele_C,ipvs,vowel_sustain,1,test,10.0,0.0
data/processed/audio_10s/test/pd_11-16_Michele_C/VU1MCIICLHL46M240120171834_w000_0.0s.wav,data/processed/features_10s/test/pd_11-16_Michele_C/VU1MCIICLHL46M240120171834_w000_0.0s.npy,pd_11-16_Michele_C,ipvs,vowel_sustain,1,test,0.0,0.0
data/processed/audio_10s/test/pd_11-16_Michele_C/VU1MCIICLHL46M240120171834_w001_5.0s.wav,data/processed/features_10s/test/pd_11-16_Michele_C/VU1MCIICLHL46M240120171834_w001_5.0s.npy,pd_11-16_Michele_C,ipvs,vowel_sustain,1,test,5.0,0.0
data/processed/audio_10s/test/pd_11-16_Michele_C/VU1MCIICLHL46M240120171834_w002_10.0s.wav,data/processed/features_10s/test/pd_11-16_Michele_C/VU1MCIICLHL46M240120171834_w002_10.0s.npy,pd_11-16_Michele_C,ipvs,vowel_sustain,1,test,10.0,0.0
data/processed/audio_10s/train/pd_11-16_Nicola_S/B1NSICCHOI44M240120171842_w000_0.0s.wav,data/processed/features_10s/train/pd_11-16_Nicola_S/B1NSICCHOI44M240120171842_w000_0.0s.npy,pd_11-16_Nicola_S,ipvs,syllable_repetition,1,train,0.0,0.0
data/processed/audio_10s/train/pd_11-16_Nicola_S/B1NSICCHOI44M240120171842_w001_5.0s.wav,data/processed/features_10s/train/pd_11-16_Nicola_S/B1NSICCHOI44M240120171842_w001_5.0s.npy,pd_11-16_Nicola_S,ipvs,syllable_repetition,1,train,5.0,0.0
data/processed/audio_10s/train/pd_11-16_Nicola_S/B1NSICCHOI44M240120171842_w002_10.0s.wav,data/processed/features_10s/train/pd_11-16_Nicola_S/B1NSICCHOI44M240120171842_w002_10.0s.npy,pd_11-16_Nicola_S,ipvs,syllable_repetition,1,train,10.0,0.0
data/processed/audio_10s/train/pd_11-16_Nicola_S/B1NSICCHOI44M240120171842_w003_15.0s.wav,data/processed/features_10s/train/pd_11-16_Nicola_S/B1NSICCHOI44M240120171842_w003_15.0s.npy,pd_11-16_Nicola_S,ipvs,syllable_repetition,1,train,15.0,0.0
data/processed/audio_10s/train/pd_11-16_Nicola_S/B1NSICCHOI44M240120171842_w004_20.0s.wav,data/processed/features_10s/train/pd_11-16_Nicola_S/B1NSICCHOI44M240120171842_w004_20.0s.npy,pd_11-16_Nicola_S,ipvs,syllable_repetition,1,train,20.0,0.0
data/processed/audio_10s/train/pd_11-16_Nicola_S/B1NSICCHOI44M240120171842_w005_25.0s.wav,data/processed/features_10s/train/pd_11-16_Nicola_S/B1NSICCHOI44M240120171842_w005_25.0s.npy,pd_11-16_Nicola_S,ipvs,syllable_repetition,1,train,25.0,0.0
data/processed/audio_10s/train/pd_11-16_Nicola_S/B1NSICCHOI44M240120171842_w006_30.0s.wav,data/processed/features_10s/train/pd_11-16_Nicola_S/B1NSICCHOI44M240120171842_w006_30.0s.npy,pd_11-16_Nicola_S,ipvs,syllable_repetition,1,train,30.0,0.0
data/processed/audio_10s/train/pd_11-16_Nicola_S/B1NSICCHOI44M240120171842_w007_35.0s.wav,data/processed/features_10s/train/pd_11-16_Nicola_S/B1NSICCHOI44M240120171842_w007_35.0s.npy,pd_11-16_Nicola_S,ipvs,syllable_repetition,1,train,35.0,0.0
data/processed/audio_10s/train/pd_11-16_Nicola_S/B1NSICCHOI44M240120171842_w008_40.0s.wav,data/processed/features_10s/train/pd_11-16_Nicola_S/B1NSICCHOI44M240120171842_w008_40.0s.npy,pd_11-16_Nicola_S,ipvs,syllable_repetition,1,train,40.0,0.0
data/processed/audio_10s/train/pd_11-16_Nicola_S/B1NSICCHOI44M240120171842_w009_45.0s.wav,data/processed/features_10s/train/pd_11-16_Nicola_S/B1NSICCHOI44M240120171842_w009_45.0s.npy,pd_11-16_Nicola_S,ipvs,syllable_repetition,1,train,45.0,0.0
data/processed/audio_10s/train/pd_11-16_Nicola_S/B1NSICCHOI44M240120171842_w010_50.0s.wav,data/processed/features_10s/train/pd_11-16_Nicola_S/B1NSICCHOI44M240120171842_w010_50.0s.npy,pd_11-16_Nicola_S,ipvs,syllable_repetition,1,train,50.0,0.0
data/processed/audio_10s/train/pd_11-16_Nicola_S/B1NSICCHOI44M240120171842_w011_55.0s.wav,data/processed/features_10s/train/pd_11-16_Nicola_S/B1NSICCHOI44M240120171842_w011_55.0s.npy,pd_11-16_Nicola_S,ipvs,syllable_repetition,1,train,55.0,0.0
data/processed/audio_10s/train/pd_11-16_Nicola_S/B1NSICCHOI44M240120171842_w012_60.0s.wav,data/processed/features_10s/train/pd_11-16_Nicola_S/B1NSICCHOI44M240120171842_w012_60.0s.npy,pd_11-16_Nicola_S,ipvs,syllable_repetition,1,train,60.0,0.0
data/processed/audio_10s/train/pd_11-16_Nicola_S/B2NSICCHOI44M240120171843_w000_0.0s.wav,data/processed/features_10s/train/pd_11-16_Nicola_S/B2NSICCHOI44M240120171843_w000_0.0s.npy,pd_11-16_Nicola_S,ipvs,syllable_repetition,1,train,0.0,0.0
data/processed/audio_10s/train/pd_11-16_Nicola_S/B2NSICCHOI44M240120171843_w001_5.0s.wav,data/processed/features_10s/train/pd_11-16_Nicola_S/B2NSICCHOI44M240120171843_w001_5.0s.npy,pd_11-16_Nicola_S,ipvs,syllable_repetition,1,train,5.0,0.0
data/processed/audio_10s/train/pd_11-16_Nicola_S/B2NSICCHOI44M240120171843_w002_10.0s.wav,data/processed/features_10s/train/pd_11-16_Nicola_S/B2NSICCHOI44M240120171843_w002_10.0s.npy,pd_11-16_Nicola_S,ipvs,syllable_repetition,1,train,10.0,0.0
data/processed/audio_10s/train/pd_11-16_Nicola_S/B2NSICCHOI44M240120171843_w003_15.0s.wav,data/processed/features_10s/train/pd_11-16_Nicola_S/B2NSICCHOI44M240120171843_w003_15.0s.npy,pd_11-16_Nicola_S,ipvs,syllable_repetition,1,train,15.0,0.0
data/processed/audio_10s/train/pd_11-16_Nicola_S/B2NSICCHOI44M240120171843_w004_20.0s.wav,data/processed/features_10s/train/pd_11-16_Nicola_S/B2NSICCHOI44M240120171843_w004_20.0s.npy,pd_11-16_Nicola_S,ipvs,syllable_repetition,1,train,20.0,0.0
data/processed/audio_10s/train/pd_11-16_Nicola_S/B2NSICCHOI44M240120171843_w005_25.0s.wav,data/processed/features_10s/train/pd_11-16_Nicola_S/B2NSICCHOI44M240120171843_w005_25.0s.npy,pd_11-16_Nicola_S,ipvs,syllable_repetition,1,train,25.0,0.0
data/processed/audio_10s/train/pd_11-16_Nicola_S/B2NSICCHOI44M240120171843_w006_30.0s.wav,data/processed/features_10s/train/pd_11-16_Nicola_S/B2NSICCHOI44M240120171843_w006_30.0s.npy,pd_11-16_Nicola_S,ipvs,syllable_repetition,1,train,30.0,0.0
data/processed/audio_10s/train/pd_11-16_Nicola_S/B2NSICCHOI44M240120171843_w007_35.0s.wav,data/processed/features_10s/train/pd_11-16_Nicola_S/B2NSICCHOI44M240120171843_w007_35.0s.npy,pd_11-16_Nicola_S,ipvs,syllable_repetition,1,train,35.0,0.0
data/processed/audio_10s/train/pd_11-16_Nicola_S/B2NSICCHOI44M240120171843_w008_40.0s.wav,data/processed/features_10s/train/pd_11-16_Nicola_S/B2NSICCHOI44M240120171843_w008_40.0s.npy,pd_11-16_Nicola_S,ipvs,syllable_repetition,1,train,40.0,0.0
data/processed/audio_10s/train/pd_11-16_Nicola_S/B2NSICCHOI44M240120171843_w009_45.0s.wav,data/processed/features_10s/train/pd_11-16_Nicola_S/B2NSICCHOI44M240120171843_w009_45.0s.npy,pd_11-16_Nicola_S,ipvs,syllable_repetition,1,train,45.0,0.0
data/processed/audio_10s/train/pd_11-16_Nicola_S/B2NSICCHOI44M240120171843_w010_50.0s.wav,data/processed/features_10s/train/pd_11-16_Nicola_S/B2NSICCHOI44M240120171843_w010_50.0s.npy,pd_11-16_Nicola_S,ipvs,syllable_repetition,1,train,50.0,0.0
data/processed/audio_10s/train/pd_11-16_Nicola_S/B2NSICCHOI44M240120171843_w011_55.0s.wav,data/processed/features_10s/train/pd_11-16_Nicola_S/B2NSICCHOI44M240120171843_w011_55.0s.npy,pd_11-16_Nicola_S,ipvs,syllable_repetition,1,train,55.0,0.0
data/processed/audio_10s/train/pd_11-16_Nicola_S/FB1NSICCHOI44M240120171852_w000_0.0s.wav,data/processed/features_10s/train/pd_11-16_Nicola_S/FB1NSICCHOI44M240120171852_w000_0.0s.npy,pd_11-16_Nicola_S,ipvs,syllable_repetition,1,train,0.0,0.0
data/processed/audio_10s/train/pd_11-16_Nicola_S/FB1NSICCHOI44M240120171852_w001_5.0s.wav,data/processed/features_10s/train/pd_11-16_Nicola_S/FB1NSICCHOI44M240120171852_w001_5.0s.npy,pd_11-16_Nicola_S,ipvs,syllable_repetition,1,train,5.0,0.0
data/processed/audio_10s/train/pd_11-16_Nicola_S/FB1NSICCHOI44M240120171852_w002_10.0s.wav,data/processed/features_10s/train/pd_11-16_Nicola_S/FB1NSICCHOI44M240120171852_w002_10.0s.npy,pd_11-16_Nicola_S,ipvs,syllable_repetition,1,train,10.0,0.0
data/processed/audio_10s/train/pd_11-16_Nicola_S/FB1NSICCHOI44M240120171852_w003_15.0s.wav,data/processed/features_10s/train/pd_11-16_Nicola_S/FB1NSICCHOI44M240120171852_w003_15.0s.npy,pd_11-16_Nicola_S,ipvs,syllable_repetition,1,train,15.0,0.0
data/processed/audio_10s/train/pd_11-16_Nicola_S/FB1NSICCHOI44M240120171852_w004_20.0s.wav,data/processed/features_10s/train/pd_11-16_Nicola_S/FB1NSICCHOI44M240120171852_w004_20.0s.npy,pd_11-16_Nicola_S,ipvs,syllable_repetition,1,train,20.0,0.0
data/processed/audio_10s/train/pd_11-16_Nicola_S/FB1NSICCHOI44M240120171852_w005_25.0s.wav,data/processed/features_10s/train/pd_11-16_Nicola_S/FB1NSICCHOI44M240120171852_w005_25.0s.npy,pd_11-16_Nicola_S,ipvs,syllable_repetition,1,train,25.0,0.0
data/processed/audio_10s/train/pd_11-16_Nicola_S/PR1NSICCHOI44M240120171851_w000_0.0s.wav,data/processed/features_10s/train/pd_11-16_Nicola_S/PR1NSICCHOI44M240120171851_w000_0.0s.npy,pd_11-16_Nicola_S,ipvs,reading_passage,1,train,0.0,0.0
data/processed/audio_10s/train/pd_11-16_Nicola_S/PR1NSICCHOI44M240120171851_w001_5.0s.wav,data/processed/features_10s/train/pd_11-16_Nicola_S/PR1NSICCHOI44M240120171851_w001_5.0s.npy,pd_11-16_Nicola_S,ipvs,reading_passage,1,train,5.0,0.0
data/processed/audio_10s/train/pd_11-16_Nicola_S/PR1NSICCHOI44M240120171851_w002_10.0s.wav,data/processed/features_10s/train/pd_11-16_Nicola_S/PR1NSICCHOI44M240120171851_w002_10.0s.npy,pd_11-16_Nicola_S,ipvs,reading_passage,1,train,10.0,0.0
data/processed/audio_10s/train/pd_11-16_Nicola_S/PR1NSICCHOI44M240120171851_w003_15.0s.wav,data/processed/features_10s/train/pd_11-16_Nicola_S/PR1NSICCHOI44M240120171851_w003_15.0s.npy,pd_11-16_Nicola_S,ipvs,reading_passage,1,train,15.0,0.0
data/processed/audio_10s/train/pd_11-16_Nicola_S/PR1NSICCHOI44M240120171851_w004_20.0s.wav,data/processed/features_10s/train/pd_11-16_Nicola_S/PR1NSICCHOI44M240120171851_w004_20.0s.npy,pd_11-16_Nicola_S,ipvs,reading_passage,1,train,20.0,0.0
data/processed/audio_10s/train/pd_11-16_Nicola_S/PR1NSICCHOI44M240120171851_w005_25.0s.wav,data/processed/features_10s/train/pd_11-16_Nicola_S/PR1NSICCHOI44M240120171851_w005_25.0s.npy,pd_11-16_Nicola_S,ipvs,reading_passage,1,train,25.0,0.0
data/processed/audio_10s/train/pd_11-16_Nicola_S/PR1NSICCHOI44M240120171851_w006_30.0s.wav,data/processed/features_10s/train/pd_11-16_Nicola_S/PR1NSICCHOI44M240120171851_w006_30.0s.npy,pd_11-16_Nicola_S,ipvs,reading_passage,1,train,30.0,0.0
data/processed/audio_10s/train/pd_11-16_Nicola_S/PR1NSICCHOI44M240120171851_w007_35.0s.wav,data/processed/features_10s/train/pd_11-16_Nicola_S/PR1NSICCHOI44M240120171851_w007_35.0s.npy,pd_11-16_Nicola_S,ipvs,reading_passage,1,train,35.0,0.0
data/processed/audio_10s/train/pd_11-16_Nicola_S/PR1NSICCHOI44M240120171851_w008_40.0s.wav,data/processed/features_10s/train/pd_11-16_Nicola_S/PR1NSICCHOI44M240120171851_w008_40.0s.npy,pd_11-16_Nicola_S,ipvs,reading_passage,1,train,40.0,0.0
data/processed/audio_10s/train/pd_11-16_Nicola_S/PR1NSICCHOI44M240120171851_w009_45.0s.wav,data/processed/features_10s/train/pd_11-16_Nicola_S/PR1NSICCHOI44M240120171851_w009_45.0s.npy,pd_11-16_Nicola_S,ipvs,reading_passage,1,train,45.0,0.0
data/processed/audio_10s/train/pd_11-16_Nicola_S/VA1NSICCHOI44M240120171845_w000_0.0s.wav,data/processed/features_10s/train/pd_11-16_Nicola_S/VA1NSICCHOI44M240120171845_w000_0.0s.npy,pd_11-16_Nicola_S,ipvs,vowel_sustain,1,train,0.0,0.0496
data/processed/audio_10s/train/pd_11-16_Nicola_S/VE1NSICCHOI44M240120171847_w000_0.0s.wav,data/processed/features_10s/train/pd_11-16_Nicola_S/VE1NSICCHOI44M240120171847_w000_0.0s.npy,pd_11-16_Nicola_S,ipvs,vowel_sustain,1,train,0.0,0.0
data/processed/audio_10s/train/pd_11-16_Nicola_S/VI1NSICCHOI44M240120171848_w000_0.0s.wav,data/processed/features_10s/train/pd_11-16_Nicola_S/VI1NSICCHOI44M240120171848_w000_0.0s.npy,pd_11-16_Nicola_S,ipvs,vowel_sustain,1,train,0.0,0.056
data/processed/audio_10s/train/pd_11-16_Nicola_S/VU1NSICCHOI44M240120171849_w000_0.0s.wav,data/processed/features_10s/train/pd_11-16_Nicola_S/VU1NSICCHOI44M240120171849_w000_0.0s.npy,pd_11-16_Nicola_S,ipvs,vowel_sustain,1,train,0.0,0.1456
data/processed/audio_10s/test/pd_11-16_Roberto_L/B1RLOABREE42M240120171942_w000_0.0s.wav,data/processed/features_10s/test/pd_11-16_Roberto_L/B1RLOABREE42M240120171942_w000_0.0s.npy,pd_11-16_Roberto_L,ipvs,syllable_repetition,1,test,0.0,0.0
data/processed/audio_10s/test/pd_11-16_Roberto_L/B1RLOABREE42M240120171942_w001_5.0s.wav,data/processed/features_10s/test/pd_11-16_Roberto_L/B1RLOABREE42M240120171942_w001_5.0s.npy,pd_11-16_Roberto_L,ipvs,syllable_repetition,1,test,5.0,0.0
data/processed/audio_10s/test/pd_11-16_Roberto_L/B1RLOABREE42M240120171942_w002_10.0s.wav,data/processed/features_10s/test/pd_11-16_Roberto_L/B1RLOABREE42M240120171942_w002_10.0s.npy,pd_11-16_Roberto_L,ipvs,syllable_repetition,1,test,10.0,0.0
data/processed/audio_10s/test/pd_11-16_Roberto_L/B1RLOABREE42M240120171942_w003_15.0s.wav,data/processed/features_10s/test/pd_11-16_Roberto_L/B1RLOABREE42M240120171942_w003_15.0s.npy,pd_11-16_Roberto_L,ipvs,syllable_repetition,1,test,15.0,0.0
data/processed/audio_10s/test/pd_11-16_Roberto_L/B1RLOABREE42M240120171942_w004_20.0s.wav,data/processed/features_10s/test/pd_11-16_Roberto_L/B1RLOABREE42M240120171942_w004_20.0s.npy,pd_11-16_Roberto_L,ipvs,syllable_repetition,1,test,20.0,0.0
data/processed/audio_10s/test/pd_11-16_Roberto_L/B1RLOABREE42M240120171942_w005_25.0s.wav,data/processed/features_10s/test/pd_11-16_Roberto_L/B1RLOABREE42M240120171942_w005_25.0s.npy,pd_11-16_Roberto_L,ipvs,syllable_repetition,1,test,25.0,0.0
data/processed/audio_10s/test/pd_11-16_Roberto_L/B1RLOABREE42M240120171942_w006_30.0s.wav,data/processed/features_10s/test/pd_11-16_Roberto_L/B1RLOABREE42M240120171942_w006_30.0s.npy,pd_11-16_Roberto_L,ipvs,syllable_repetition,1,test,30.0,0.0
data/processed/audio_10s/test/pd_11-16_Roberto_L/B1RLOABREE42M240120171942_w007_35.0s.wav,data/processed/features_10s/test/pd_11-16_Roberto_L/B1RLOABREE42M240120171942_w007_35.0s.npy,pd_11-16_Roberto_L,ipvs,syllable_repetition,1,test,35.0,0.0
data/processed/audio_10s/test/pd_11-16_Roberto_L/B1RLOABREE42M240120171942_w008_40.0s.wav,data/processed/features_10s/test/pd_11-16_Roberto_L/B1RLOABREE42M240120171942_w008_40.0s.npy,pd_11-16_Roberto_L,ipvs,syllable_repetition,1,test,40.0,0.0
data/processed/audio_10s/test/pd_11-16_Roberto_L/B1RLOABREE42M240120171942_w009_45.0s.wav,data/processed/features_10s/test/pd_11-16_Roberto_L/B1RLOABREE42M240120171942_w009_45.0s.npy,pd_11-16_Roberto_L,ipvs,syllable_repetition,1,test,45.0,0.0
data/processed/audio_10s/test/pd_11-16_Roberto_L/B1RLOABREE42M240120171942_w010_50.0s.wav,data/processed/features_10s/test/pd_11-16_Roberto_L/B1RLOABREE42M240120171942_w010_50.0s.npy,pd_11-16_Roberto_L,ipvs,syllable_repetition,1,test,50.0,0.0
data/processed/audio_10s/test/pd_11-16_Roberto_L/B2RLOABREE42M240120171944_w000_0.0s.wav,data/processed/features_10s/test/pd_11-16_Roberto_L/B2RLOABREE42M240120171944_w000_0.0s.npy,pd_11-16_Roberto_L,ipvs,syllable_repetition,1,test,0.0,0.0
data/processed/audio_10s/test/pd_11-16_Roberto_L/B2RLOABREE42M240120171944_w001_5.0s.wav,data/processed/features_10s/test/pd_11-16_Roberto_L/B2RLOABREE42M240120171944_w001_5.0s.npy,pd_11-16_Roberto_L,ipvs,syllable_repetition,1,test,5.0,0.0
data/processed/audio_10s/test/pd_11-16_Roberto_L/B2RLOABREE42M240120171944_w002_10.0s.wav,data/processed/features_10s/test/pd_11-16_Roberto_L/B2RLOABREE42M240120171944_w002_10.0s.npy,pd_11-16_Roberto_L,ipvs,syllable_repetition,1,test,10.0,0.0
data/processed/audio_10s/test/pd_11-16_Roberto_L/B2RLOABREE42M240120171944_w003_15.0s.wav,data/processed/features_10s/test/pd_11-16_Roberto_L/B2RLOABREE42M240120171944_w003_15.0s.npy,pd_11-16_Roberto_L,ipvs,syllable_repetition,1,test,15.0,0.0
data/processed/audio_10s/test/pd_11-16_Roberto_L/B2RLOABREE42M240120171944_w004_20.0s.wav,data/processed/features_10s/test/pd_11-16_Roberto_L/B2RLOABREE42M240120171944_w004_20.0s.npy,pd_11-16_Roberto_L,ipvs,syllable_repetition,1,test,20.0,0.0
data/processed/audio_10s/test/pd_11-16_Roberto_L/B2RLOABREE42M240120171944_w005_25.0s.wav,data/processed/features_10s/test/pd_11-16_Roberto_L/B2RLOABREE42M240120171944_w005_25.0s.npy,pd_11-16_Roberto_L,ipvs,syllable_repetition,1,test,25.0,0.0
data/processed/audio_10s/test/pd_11-16_Roberto_L/B2RLOABREE42M240120171944_w006_30.0s.wav,data/processed/features_10s/test/pd_11-16_Roberto_L/B2RLOABREE42M240120171944_w006_30.0s.npy,pd_11-16_Roberto_L,ipvs,syllable_repetition,1,test,30.0,0.0
data/processed/audio_10s/test/pd_11-16_Roberto_L/B2RLOABREE42M240120171944_w007_35.0s.wav,data/processed/features_10s/test/pd_11-16_Roberto_L/B2RLOABREE42M240120171944_w007_35.0s.npy,pd_11-16_Roberto_L,ipvs,syllable_repetition,1,test,35.0,0.0
data/processed/audio_10s/test/pd_11-16_Roberto_L/B2RLOABREE42M240120171944_w008_40.0s.wav,data/processed/features_10s/test/pd_11-16_Roberto_L/B2RLOABREE42M240120171944_w008_40.0s.npy,pd_11-16_Roberto_L,ipvs,syllable_repetition,1,test,40.0,0.0
data/processed/audio_10s/test/pd_11-16_Roberto_L/B2RLOABREE42M240120171944_w009_45.0s.wav,data/processed/features_10s/test/pd_11-16_Roberto_L/B2RLOABREE42M240120171944_w009_45.0s.npy,pd_11-16_Roberto_L,ipvs,syllable_repetition,1,test,45.0,0.0
data/processed/audio_10s/test/pd_11-16_Roberto_L/FB1RLOABREE42M240120171955_w000_0.0s.wav,data/processed/features_10s/test/pd_11-16_Roberto_L/FB1RLOABREE42M240120171955_w000_0.0s.npy,pd_11-16_Roberto_L,ipvs,syllable_repetition,1,test,0.0,0.0
data/processed/audio_10s/test/pd_11-16_Roberto_L/FB1RLOABREE42M240120171955_w001_5.0s.wav,data/processed/features_10s/test/pd_11-16_Roberto_L/FB1RLOABREE42M240120171955_w001_5.0s.npy,pd_11-16_Roberto_L,ipvs,syllable_repetition,1,test,5.0,0.0
data/processed/audio_10s/test/pd_11-16_Roberto_L/FB1RLOABREE42M240120171955_w002_10.0s.wav,data/processed/features_10s/test/pd_11-16_Roberto_L/FB1RLOABREE42M240120171955_w002_10.0s.npy,pd_11-16_Roberto_L,ipvs,syllable_repetition,1,test,10.0,0.0
data/processed/audio_10s/test/pd_11-16_Roberto_L/FB1RLOABREE42M240120171955_w003_15.0s.wav,data/processed/features_10s/test/pd_11-16_Roberto_L/FB1RLOABREE42M240120171955_w003_15.0s.npy,pd_11-16_Roberto_L,ipvs,syllable_repetition,1,test,15.0,0.0
data/processed/audio_10s/test/pd_11-16_Roberto_L/PR1RLOABREE42M240120171954_w000_0.0s.wav,data/processed/features_10s/test/pd_11-16_Roberto_L/PR1RLOABREE42M240120171954_w000_0.0s.npy,pd_11-16_Roberto_L,ipvs,reading_passage,1,test,0.0,0.0
data/processed/audio_10s/test/pd_11-16_Roberto_L/PR1RLOABREE42M240120171954_w001_5.0s.wav,data/processed/features_10s/test/pd_11-16_Roberto_L/PR1RLOABREE42M240120171954_w001_5.0s.npy,pd_11-16_Roberto_L,ipvs,reading_passage,1,test,5.0,0.0
data/processed/audio_10s/test/pd_11-16_Roberto_L/PR1RLOABREE42M240120171954_w002_10.0s.wav,data/processed/features_10s/test/pd_11-16_Roberto_L/PR1RLOABREE42M240120171954_w002_10.0s.npy,pd_11-16_Roberto_L,ipvs,reading_passage,1,test,10.0,0.0
data/processed/audio_10s/test/pd_11-16_Roberto_L/PR1RLOABREE42M240120171954_w003_15.0s.wav,data/processed/features_10s/test/pd_11-16_Roberto_L/PR1RLOABREE42M240120171954_w003_15.0s.npy,pd_11-16_Roberto_L,ipvs,reading_passage,1,test,15.0,0.0
data/processed/audio_10s/test/pd_11-16_Roberto_L/PR1RLOABREE42M240120171954_w004_20.0s.wav,data/processed/features_10s/test/pd_11-16_Roberto_L/PR1RLOABREE42M240120171954_w004_20.0s.npy,pd_11-16_Roberto_L,ipvs,reading_passage,1,test,20.0,0.0
data/processed/audio_10s/test/pd_11-16_Roberto_L/PR1RLOABREE42M240120171954_w005_25.0s.wav,data/processed/features_10s/test/pd_11-16_Roberto_L/PR1RLOABREE42M240120171954_w005_25.0s.npy,pd_11-16_Roberto_L,ipvs,reading_passage,1,test,25.0,0.0
data/processed/audio_10s/test/pd_11-16_Roberto_L/PR1RLOABREE42M240120171954_w006_30.0s.wav,data/processed/features_10s/test/pd_11-16_Roberto_L/PR1RLOABREE42M240120171954_w006_30.0s.npy,pd_11-16_Roberto_L,ipvs,reading_passage,1,test,30.0,0.0
data/processed/audio_10s/test/pd_11-16_Roberto_L/PR1RLOABREE42M240120171954_w007_35.0s.wav,data/processed/features_10s/test/pd_11-16_Roberto_L/PR1RLOABREE42M240120171954_w007_35.0s.npy,pd_11-16_Roberto_L,ipvs,reading_passage,1,test,35.0,0.0
data/processed/audio_10s/test/pd_11-16_Roberto_L/PR1RLOABREE42M240120171954_w008_40.0s.wav,data/processed/features_10s/test/pd_11-16_Roberto_L/PR1RLOABREE42M240120171954_w008_40.0s.npy,pd_11-16_Roberto_L,ipvs,reading_passage,1,test,40.0,0.0
data/processed/audio_10s/test/pd_11-16_Roberto_L/VA1RLOABREE42M240120171947_w000_0.0s.wav,data/processed/features_10s/test/pd_11-16_Roberto_L/VA1RLOABREE42M240120171947_w000_0.0s.npy,pd_11-16_Roberto_L,ipvs,vowel_sustain,1,test,0.0,0.0
data/processed/audio_10s/test/pd_11-16_Roberto_L/VE1RLOABREE42M240120171948_w000_0.0s.wav,data/processed/features_10s/test/pd_11-16_Roberto_L/VE1RLOABREE42M240120171948_w000_0.0s.npy,pd_11-16_Roberto_L,ipvs,vowel_sustain,1,test,0.0,0.0
data/processed/audio_10s/test/pd_11-16_Roberto_L/VI1RLOABREE42M240120171949_w000_0.0s.wav,data/processed/features_10s/test/pd_11-16_Roberto_L/VI1RLOABREE42M240120171949_w000_0.0s.npy,pd_11-16_Roberto_L,ipvs,vowel_sustain,1,test,0.0,0.0
data/processed/audio_10s/test/pd_11-16_Roberto_L/VO1RLOABREE42M240120171950_w000_0.0s.wav,data/processed/features_10s/test/pd_11-16_Roberto_L/VO1RLOABREE42M240120171950_w000_0.0s.npy,pd_11-16_Roberto_L,ipvs,vowel_sustain,1,test,0.0,0.0
data/processed/audio_10s/test/pd_11-16_Roberto_L/VU1RLOABREE42M240120171951_w000_0.0s.wav,data/processed/features_10s/test/pd_11-16_Roberto_L/VU1RLOABREE42M240120171951_w000_0.0s.npy,pd_11-16_Roberto_L,ipvs,vowel_sustain,1,test,0.0,0.0
data/processed/audio_10s/train/pd_11-16_Roberto_R/B1RROIBVEI49M240120171859_w000_0.0s.wav,data/processed/features_10s/train/pd_11-16_Roberto_R/B1RROIBVEI49M240120171859_w000_0.0s.npy,pd_11-16_Roberto_R,ipvs,syllable_repetition,1,train,0.0,0.0
data/processed/audio_10s/train/pd_11-16_Roberto_R/B1RROIBVEI49M240120171859_w001_5.0s.wav,data/processed/features_10s/train/pd_11-16_Roberto_R/B1RROIBVEI49M240120171859_w001_5.0s.npy,pd_11-16_Roberto_R,ipvs,syllable_repetition,1,train,5.0,0.0
data/processed/audio_10s/train/pd_11-16_Roberto_R/B1RROIBVEI49M240120171859_w002_10.0s.wav,data/processed/features_10s/train/pd_11-16_Roberto_R/B1RROIBVEI49M240120171859_w002_10.0s.npy,pd_11-16_Roberto_R,ipvs,syllable_repetition,1,train,10.0,0.0
data/processed/audio_10s/train/pd_11-16_Roberto_R/B1RROIBVEI49M240120171859_w003_15.0s.wav,data/processed/features_10s/train/pd_11-16_Roberto_R/B1RROIBVEI49M240120171859_w003_15.0s.npy,pd_11-16_Roberto_R,ipvs,syllable_repetition,1,train,15.0,0.0
data/processed/audio_10s/train/pd_11-16_Roberto_R/B1RROIBVEI49M240120171859_w004_20.0s.wav,data/processed/features_10s/train/pd_11-16_Roberto_R/B1RROIBVEI49M240120171859_w004_20.0s.npy,pd_11-16_Roberto_R,ipvs,syllable_repetition,1,train,20.0,0.0
data/processed/audio_10s/train/pd_11-16_Roberto_R/B1RROIBVEI49M240120171859_w005_25.0s.wav,data/processed/features_10s/train/pd_11-16_Roberto_R/B1RROIBVEI49M240120171859_w005_25.0s.npy,pd_11-16_Roberto_R,ipvs,syllable_repetition,1,train,25.0,0.0
data/processed/audio_10s/train/pd_11-16_Roberto_R/B1RROIBVEI49M240120171859_w006_30.0s.wav,data/processed/features_10s/train/pd_11-16_Roberto_R/B1RROIBVEI49M240120171859_w006_30.0s.npy,pd_11-16_Roberto_R,ipvs,syllable_repetition,1,train,30.0,0.0
data/processed/audio_10s/train/pd_11-16_Roberto_R/B1RROIBVEI49M240120171859_w007_35.0s.wav,data/processed/features_10s/train/pd_11-16_Roberto_R/B1RROIBVEI49M240120171859_w007_35.0s.npy,pd_11-16_Roberto_R,ipvs,syllable_repetition,1,train,35.0,0.0
data/processed/audio_10s/train/pd_11-16_Roberto_R/B1RROIBVEI49M240120171859_w008_40.0s.wav,data/processed/features_10s/train/pd_11-16_Roberto_R/B1RROIBVEI49M240120171859_w008_40.0s.npy,pd_11-16_Roberto_R,ipvs,syllable_repetition,1,train,40.0,0.0
data/processed/audio_10s/train/pd_11-16_Roberto_R/B1RROIBVEI49M240120171859_w009_45.0s.wav,data/processed/features_10s/train/pd_11-16_Roberto_R/B1RROIBVEI49M240120171859_w009_45.0s.npy,pd_11-16_Roberto_R,ipvs,syllable_repetition,1,train,45.0,0.0
data/processed/audio_10s/train/pd_11-16_Roberto_R/B1RROIBVEI49M240120171859_w010_50.0s.wav,data/processed/features_10s/train/pd_11-16_Roberto_R/B1RROIBVEI49M240120171859_w010_50.0s.npy,pd_11-16_Roberto_R,ipvs,syllable_repetition,1,train,50.0,0.0
data/processed/audio_10s/train/pd_11-16_Roberto_R/B1RROIBVEI49M240120171859_w011_55.0s.wav,data/processed/features_10s/train/pd_11-16_Roberto_R/B1RROIBVEI49M240120171859_w011_55.0s.npy,pd_11-16_Roberto_R,ipvs,syllable_repetition,1,train,55.0,0.0
data/processed/audio_10s/train/pd_11-16_Roberto_R/B1RROIBVEI49M240120171859_w012_60.0s.wav,data/processed/features_10s/train/pd_11-16_Roberto_R/B1RROIBVEI49M240120171859_w012_60.0s.npy,pd_11-16_Roberto_R,ipvs,syllable_repetition,1,train,60.0,0.0
data/processed/audio_10s/train/pd_11-16_Roberto_R/B1RROIBVEI49M240120171859_w013_65.0s.wav,data/processed/features_10s/train/pd_11-16_Roberto_R/B1RROIBVEI49M240120171859_w013_65.0s.npy,pd_11-16_Roberto_R,ipvs,syllable_repetition,1,train,65.0,0.0
data/processed/audio_10s/train/pd_11-16_Roberto_R/B1RROIBVEI49M240120171859_w014_70.0s.wav,data/processed/features_10s/train/pd_11-16_Roberto_R/B1RROIBVEI49M240120171859_w014_70.0s.npy,pd_11-16_Roberto_R,ipvs,syllable_repetition,1,train,70.0,0.0
data/processed/audio_10s/train/pd_11-16_Roberto_R/B1RROIBVEI49M240120171859_w015_75.0s.wav,data/processed/features_10s/train/pd_11-16_Roberto_R/B1RROIBVEI49M240120171859_w015_75.0s.npy,pd_11-16_Roberto_R,ipvs,syllable_repetition,1,train,75.0,0.0
data/processed/audio_10s/train/pd_11-16_Roberto_R/B2RROIBVEI49M240120171902_w000_0.0s.wav,data/processed/features_10s/train/pd_11-16_Roberto_R/B2RROIBVEI49M240120171902_w000_0.0s.npy,pd_11-16_Roberto_R,ipvs,syllable_repetition,1,train,0.0,0.0
data/processed/audio_10s/train/pd_11-16_Roberto_R/B2RROIBVEI49M240120171902_w001_5.0s.wav,data/processed/features_10s/train/pd_11-16_Roberto_R/B2RROIBVEI49M240120171902_w001_5.0s.npy,pd_11-16_Roberto_R,ipvs,syllable_repetition,1,train,5.0,0.0
data/processed/audio_10s/train/pd_11-16_Roberto_R/B2RROIBVEI49M240120171902_w002_10.0s.wav,data/processed/features_10s/train/pd_11-16_Roberto_R/B2RROIBVEI49M240120171902_w002_10.0s.npy,pd_11-16_Roberto_R,ipvs,syllable_repetition,1,train,10.0,0.0
data/processed/audio_10s/train/pd_11-16_Roberto_R/B2RROIBVEI49M240120171902_w003_15.0s.wav,data/processed/features_10s/train/pd_11-16_Roberto_R/B2RROIBVEI49M240120171902_w003_15.0s.npy,pd_11-16_Roberto_R,ipvs,syllable_repetition,1,train,15.0,0.0
data/processed/audio_10s/train/pd_11-16_Roberto_R/B2RROIBVEI49M240120171902_w004_20.0s.wav,data/processed/features_10s/train/pd_11-16_Roberto_R/B2RROIBVEI49M240120171902_w004_20.0s.npy,pd_11-16_Roberto_R,ipvs,syllable_repetition,1,train,20.0,0.0
data/processed/audio_10s/train/pd_11-16_Roberto_R/B2RROIBVEI49M240120171902_w005_25.0s.wav,data/processed/features_10s/train/pd_11-16_Roberto_R/B2RROIBVEI49M240120171902_w005_25.0s.npy,pd_11-16_Roberto_R,ipvs,syllable_repetition,1,train,25.0,0.0
data/processed/audio_10s/train/pd_11-16_Roberto_R/B2RROIBVEI49M240120171902_w006_30.0s.wav,data/processed/features_10s/train/pd_11-16_Roberto_R/B2RROIBVEI49M240120171902_w006_30.0s.npy,pd_11-16_Roberto_R,ipvs,syllable_repetition,1,train,30.0,0.0
data/processed/audio_10s/train/pd_11-16_Roberto_R/B2RROIBVEI49M240120171902_w007_35.0s.wav,data/processed/features_10s/train/pd_11-16_Roberto_R/B2RROIBVEI49M240120171902_w007_35.0s.npy,pd_11-16_Roberto_R,ipvs,syllable_repetition,1,train,35.0,0.0
data/processed/audio_10s/train/pd_11-16_Roberto_R/B2RROIBVEI49M240120171902_w008_40.0s.wav,data/processed/features_10s/train/pd_11-16_Roberto_R/B2RROIBVEI49M240120171902_w008_40.0s.npy,pd_11-16_Roberto_R,ipvs,syllable_repetition,1,train,40.0,0.0
data/processed/audio_10s/train/pd_11-16_Roberto_R/B2RROIBVEI49M240120171902_w009_45.0s.wav,data/processed/features_10s/train/pd_11-16_Roberto_R/B2RROIBVEI49M240120171902_w009_45.0s.npy,pd_11-16_Roberto_R,ipvs,syllable_repetition,1,train,45.0,0.0
data/processed/audio_10s/train/pd_11-16_Roberto_R/B2RROIBVEI49M240120171902_w010_50.0s.wav,data/processed/features_10s/train/pd_11-16_Roberto_R/B2RROIBVEI49M240120171902_w010_50.0s.npy,pd_11-16_Roberto_R,ipvs,syllable_repetition,1,train,50.0,0.0
data/processed/audio_10s/train/pd_11-16_Roberto_R/FB1RROIBVEI49M240120171914_w000_0.0s.wav,data/processed/features_10s/train/pd_11-16_Roberto_R/FB1RROIBVEI49M240120171914_w000_0.0s.npy,pd_11-16_Roberto_R,ipvs,syllable_repetition,1,train,0.0,0.0
data/processed/audio_10s/train/pd_11-16_Roberto_R/FB1RROIBVEI49M240120171914_w001_5.0s.wav,data/processed/features_10s/train/pd_11-16_Roberto_R/FB1RROIBVEI49M240120171914_w001_5.0s.npy,pd_11-16_Roberto_R,ipvs,syllable_repetition,1,train,5.0,0.0
data/processed/audio_10s/train/pd_11-16_Roberto_R/FB1RROIBVEI49M240120171914_w002_10.0s.wav,data/processed/features_10s/train/pd_11-16_Roberto_R/FB1RROIBVEI49M240120171914_w002_10.0s.npy,pd_11-16_Roberto_R,ipvs,syllable_repetition,1,train,10.0,0.0
data/processed/audio_10s/train/pd_11-16_Roberto_R/FB1RROIBVEI49M240120171914_w003_15.0s.wav,data/processed/features_10s/train/pd_11-16_Roberto_R/FB1RROIBVEI49M240120171914_w003_15.0s.npy,pd_11-16_Roberto_R,ipvs,syllable_repetition,1,train,15.0,0.0
data/processed/audio_10s/train/pd_11-16_Roberto_R/FB1RROIBVEI49M240120171914_w004_20.0s.wav,data/processed/features_10s/train/pd_11-16_Roberto_R/FB1RROIBVEI49M240120171914_w004_20.0s.npy,pd_11-16_Roberto_R,ipvs,syllable_repetition,1,train,20.0,0.0
data/processed/audio_10s/train/pd_11-16_Roberto_R/PR1RROIBVEI49M240120171913_w000_0.0s.wav,data/processed/features_10s/train/pd_11-16_Roberto_R/PR1RROIBVEI49M240120171913_w000_0.0s.npy,pd_11-16_Roberto_R,ipvs,reading_passage,1,train,0.0,0.0
data/processed/audio_10s/train/pd_11-16_Roberto_R/PR1RROIBVEI49M240120171913_w001_5.0s.wav,data/processed/features_10s/train/pd_11-16_Roberto_R/PR1RROIBVEI49M240120171913_w001_5.0s.npy,pd_11-16_Roberto_R,ipvs,reading_passage,1,train,5.0,0.0
data/processed/audio_10s/train/pd_11-16_Roberto_R/PR1RROIBVEI49M240120171913_w002_10.0s.wav,data/processed/features_10s/train/pd_11-16_Roberto_R/PR1RROIBVEI49M240120171913_w002_10.0s.npy,pd_11-16_Roberto_R,ipvs,reading_passage,1,train,10.0,0.0
data/processed/audio_10s/train/pd_11-16_Roberto_R/PR1RROIBVEI49M240120171913_w003_15.0s.wav,data/processed/features_10s/train/pd_11-16_Roberto_R/PR1RROIBVEI49M240120171913_w003_15.0s.npy,pd_11-16_Roberto_R,ipvs,reading_passage,1,train,15.0,0.0
data/processed/audio_10s/train/pd_11-16_Roberto_R/PR1RROIBVEI49M240120171913_w004_20.0s.wav,data/processed/features_10s/train/pd_11-16_Roberto_R/PR1RROIBVEI49M240120171913_w004_20.0s.npy,pd_11-16_Roberto_R,ipvs,reading_passage,1,train,20.0,0.0
data/processed/audio_10s/train/pd_11-16_Roberto_R/PR1RROIBVEI49M240120171913_w005_25.0s.wav,data/processed/features_10s/train/pd_11-16_Roberto_R/PR1RROIBVEI49M240120171913_w005_25.0s.npy,pd_11-16_Roberto_R,ipvs,reading_passage,1,train,25.0,0.0
data/processed/audio_10s/train/pd_11-16_Roberto_R/PR1RROIBVEI49M240120171913_w006_30.0s.wav,data/processed/features_10s/train/pd_11-16_Roberto_R/PR1RROIBVEI49M240120171913_w006_30.0s.npy,pd_11-16_Roberto_R,ipvs,reading_passage,1,train,30.0,0.0
data/processed/audio_10s/train/pd_11-16_Roberto_R/PR1RROIBVEI49M240120171913_w007_35.0s.wav,data/processed/features_10s/train/pd_11-16_Roberto_R/PR1RROIBVEI49M240120171913_w007_35.0s.npy,pd_11-16_Roberto_R,ipvs,reading_passage,1,train,35.0,0.0
data/processed/audio_10s/train/pd_11-16_Roberto_R/VA1RROIBVEI49M240120171904_w000_0.0s.wav,data/processed/features_10s/train/pd_11-16_Roberto_R/VA1RROIBVEI49M240120171904_w000_0.0s.npy,pd_11-16_Roberto_R,ipvs,vowel_sustain,1,train,0.0,0.0
data/processed/audio_10s/train/pd_11-16_Roberto_R/VA1RROIBVEI49M240120171904_w001_5.0s.wav,data/processed/features_10s/train/pd_11-16_Roberto_R/VA1RROIBVEI49M240120171904_w001_5.0s.npy,pd_11-16_Roberto_R,ipvs,vowel_sustain,1,train,5.0,0.0
data/processed/audio_10s/train/pd_11-16_Roberto_R/VE1RROIBVEI49M240120171906_w000_0.0s.wav,data/processed/features_10s/train/pd_11-16_Roberto_R/VE1RROIBVEI49M240120171906_w000_0.0s.npy,pd_11-16_Roberto_R,ipvs,vowel_sustain,1,train,0.0,0.0
data/processed/audio_10s/train/pd_11-16_Roberto_R/VE1RROIBVEI49M240120171906_w001_5.0s.wav,data/processed/features_10s/train/pd_11-16_Roberto_R/VE1RROIBVEI49M240120171906_w001_5.0s.npy,pd_11-16_Roberto_R,ipvs,vowel_sustain,1,train,5.0,0.0
data/processed/audio_10s/train/pd_11-16_Roberto_R/VI1RROIBVEI49M240120171908_w000_0.0s.wav,data/processed/features_10s/train/pd_11-16_Roberto_R/VI1RROIBVEI49M240120171908_w000_0.0s.npy,pd_11-16_Roberto_R,ipvs,vowel_sustain,1,train,0.0,0.0
data/processed/audio_10s/train/pd_11-16_Roberto_R/VI1RROIBVEI49M240120171908_w001_5.0s.wav,data/processed/features_10s/train/pd_11-16_Roberto_R/VI1RROIBVEI49M240120171908_w001_5.0s.npy,pd_11-16_Roberto_R,ipvs,vowel_sustain,1,train,5.0,0.0
data/processed/audio_10s/train/pd_11-16_Roberto_R/VO1RROIBVEI49M240120171910_w000_0.0s.wav,data/processed/features_10s/train/pd_11-16_Roberto_R/VO1RROIBVEI49M240120171910_w000_0.0s.npy,pd_11-16_Roberto_R,ipvs,vowel_sustain,1,train,0.0,0.0
data/processed/audio_10s/train/pd_11-16_Roberto_R/VO1RROIBVEI49M240120171910_w001_5.0s.wav,data/processed/features_10s/train/pd_11-16_Roberto_R/VO1RROIBVEI49M240120171910_w001_5.0s.npy,pd_11-16_Roberto_R,ipvs,vowel_sustain,1,train,5.0,0.0
data/processed/audio_10s/train/pd_11-16_Roberto_R/VU1RROIBVEI49M240120171911_w000_0.0s.wav,data/processed/features_10s/train/pd_11-16_Roberto_R/VU1RROIBVEI49M240120171911_w000_0.0s.npy,pd_11-16_Roberto_R,ipvs,vowel_sustain,1,train,0.0,0.0
data/processed/audio_10s/train/pd_11-16_Vito_S/B1VSIPTIOZ46M240120171920_w000_0.0s.wav,data/processed/features_10s/train/pd_11-16_Vito_S/B1VSIPTIOZ46M240120171920_w000_0.0s.npy,pd_11-16_Vito_S,ipvs,syllable_repetition,1,train,0.0,0.0
data/processed/audio_10s/train/pd_11-16_Vito_S/B1VSIPTIOZ46M240120171920_w001_5.0s.wav,data/processed/features_10s/train/pd_11-16_Vito_S/B1VSIPTIOZ46M240120171920_w001_5.0s.npy,pd_11-16_Vito_S,ipvs,syllable_repetition,1,train,5.0,0.0
data/processed/audio_10s/train/pd_11-16_Vito_S/B1VSIPTIOZ46M240120171920_w002_10.0s.wav,data/processed/features_10s/train/pd_11-16_Vito_S/B1VSIPTIOZ46M240120171920_w002_10.0s.npy,pd_11-16_Vito_S,ipvs,syllable_repetition,1,train,10.0,0.0
data/processed/audio_10s/train/pd_11-16_Vito_S/B1VSIPTIOZ46M240120171920_w003_15.0s.wav,data/processed/features_10s/train/pd_11-16_Vito_S/B1VSIPTIOZ46M240120171920_w003_15.0s.npy,pd_11-16_Vito_S,ipvs,syllable_repetition,1,train,15.0,0.0
data/processed/audio_10s/train/pd_11-16_Vito_S/B1VSIPTIOZ46M240120171920_w004_20.0s.wav,data/processed/features_10s/train/pd_11-16_Vito_S/B1VSIPTIOZ46M240120171920_w004_20.0s.npy,pd_11-16_Vito_S,ipvs,syllable_repetition,1,train,20.0,0.0
data/processed/audio_10s/train/pd_11-16_Vito_S/B1VSIPTIOZ46M240120171920_w005_25.0s.wav,data/processed/features_10s/train/pd_11-16_Vito_S/B1VSIPTIOZ46M240120171920_w005_25.0s.npy,pd_11-16_Vito_S,ipvs,syllable_repetition,1,train,25.0,0.0
data/processed/audio_10s/train/pd_11-16_Vito_S/B1VSIPTIOZ46M240120171920_w006_30.0s.wav,data/processed/features_10s/train/pd_11-16_Vito_S/B1VSIPTIOZ46M240120171920_w006_30.0s.npy,pd_11-16_Vito_S,ipvs,syllable_repetition,1,train,30.0,0.0
data/processed/audio_10s/train/pd_11-16_Vito_S/B1VSIPTIOZ46M240120171920_w007_35.0s.wav,data/processed/features_10s/train/pd_11-16_Vito_S/B1VSIPTIOZ46M240120171920_w007_35.0s.npy,pd_11-16_Vito_S,ipvs,syllable_repetition,1,train,35.0,0.0
data/processed/audio_10s/train/pd_11-16_Vito_S/B1VSIPTIOZ46M240120171920_w008_40.0s.wav,data/processed/features_10s/train/pd_11-16_Vito_S/B1VSIPTIOZ46M240120171920_w008_40.0s.npy,pd_11-16_Vito_S,ipvs,syllable_repetition,1,train,40.0,0.0
data/processed/audio_10s/train/pd_11-16_Vito_S/B1VSIPTIOZ46M240120171920_w009_45.0s.wav,data/processed/features_10s/train/pd_11-16_Vito_S/B1VSIPTIOZ46M240120171920_w009_45.0s.npy,pd_11-16_Vito_S,ipvs,syllable_repetition,1,train,45.0,0.0
data/processed/audio_10s/train/pd_11-16_Vito_S/B1VSIPTIOZ46M240120171920_w010_50.0s.wav,data/processed/features_10s/train/pd_11-16_Vito_S/B1VSIPTIOZ46M240120171920_w010_50.0s.npy,pd_11-16_Vito_S,ipvs,syllable_repetition,1,train,50.0,0.0
data/processed/audio_10s/train/pd_11-16_Vito_S/B2VSIPTIOZ46M240120171922_w000_0.0s.wav,data/processed/features_10s/train/pd_11-16_Vito_S/B2VSIPTIOZ46M240120171922_w000_0.0s.npy,pd_11-16_Vito_S,ipvs,syllable_repetition,1,train,0.0,0.0
data/processed/audio_10s/train/pd_11-16_Vito_S/B2VSIPTIOZ46M240120171922_w001_5.0s.wav,data/processed/features_10s/train/pd_11-16_Vito_S/B2VSIPTIOZ46M240120171922_w001_5.0s.npy,pd_11-16_Vito_S,ipvs,syllable_repetition,1,train,5.0,0.0
data/processed/audio_10s/train/pd_11-16_Vito_S/B2VSIPTIOZ46M240120171922_w002_10.0s.wav,data/processed/features_10s/train/pd_11-16_Vito_S/B2VSIPTIOZ46M240120171922_w002_10.0s.npy,pd_11-16_Vito_S,ipvs,syllable_repetition,1,train,10.0,0.0
data/processed/audio_10s/train/pd_11-16_Vito_S/B2VSIPTIOZ46M240120171922_w003_15.0s.wav,data/processed/features_10s/train/pd_11-16_Vito_S/B2VSIPTIOZ46M240120171922_w003_15.0s.npy,pd_11-16_Vito_S,ipvs,syllable_repetition,1,train,15.0,0.0
data/processed/audio_10s/train/pd_11-16_Vito_S/B2VSIPTIOZ46M240120171922_w004_20.0s.wav,data/processed/features_10s/train/pd_11-16_Vito_S/B2VSIPTIOZ46M240120171922_w004_20.0s.npy,pd_11-16_Vito_S,ipvs,syllable_repetition,1,train,20.0,0.0
data/processed/audio_10s/train/pd_11-16_Vito_S/B2VSIPTIOZ46M240120171922_w005_25.0s.wav,data/processed/features_10s/train/pd_11-16_Vito_S/B2VSIPTIOZ46M240120171922_w005_25.0s.npy,pd_11-16_Vito_S,ipvs,syllable_repetition,1,train,25.0,0.0
data/processed/audio_10s/train/pd_11-16_Vito_S/B2VSIPTIOZ46M240120171922_w006_30.0s.wav,data/processed/features_10s/train/pd_11-16_Vito_S/B2VSIPTIOZ46M240120171922_w006_30.0s.npy,pd_11-16_Vito_S,ipvs,syllable_repetition,1,train,30.0,0.0
data/processed/audio_10s/train/pd_11-16_Vito_S/B2VSIPTIOZ46M240120171922_w007_35.0s.wav,data/processed/features_10s/train/pd_11-16_Vito_S/B2VSIPTIOZ46M240120171922_w007_35.0s.npy,pd_11-16_Vito_S,ipvs,syllable_repetition,1,train,35.0,0.0
data/processed/audio_10s/train/pd_11-16_Vito_S/B2VSIPTIOZ46M240120171922_w008_40.0s.wav,data/processed/features_10s/train/pd_11-16_Vito_S/B2VSIPTIOZ46M240120171922_w008_40.0s.npy,pd_11-16_Vito_S,ipvs,syllable_repetition,1,train,40.0,0.0
data/processed/audio_10s/train/pd_11-16_Vito_S/FB1VSIPTIOZ46M240120171936_w000_0.0s.wav,data/processed/features_10s/train/pd_11-16_Vito_S/FB1VSIPTIOZ46M240120171936_w000_0.0s.npy,pd_11-16_Vito_S,ipvs,syllable_repetition,1,train,0.0,0.0
data/processed/audio_10s/train/pd_11-16_Vito_S/FB1VSIPTIOZ46M240120171936_w001_5.0s.wav,data/processed/features_10s/train/pd_11-16_Vito_S/FB1VSIPTIOZ46M240120171936_w001_5.0s.npy,pd_11-16_Vito_S,ipvs,syllable_repetition,1,train,5.0,0.0
data/processed/audio_10s/train/pd_11-16_Vito_S/FB1VSIPTIOZ46M240120171936_w002_10.0s.wav,data/processed/features_10s/train/pd_11-16_Vito_S/FB1VSIPTIOZ46M240120171936_w002_10.0s.npy,pd_11-16_Vito_S,ipvs,syllable_repetition,1,train,10.0,0.0
data/processed/audio_10s/train/pd_11-16_Vito_S/FB1VSIPTIOZ46M240120171936_w003_15.0s.wav,data/processed/features_10s/train/pd_11-16_Vito_S/FB1VSIPTIOZ46M240120171936_w003_15.0s.npy,pd_11-16_Vito_S,ipvs,syllable_repetition,1,train,15.0,0.0
data/processed/audio_10s/train/pd_11-16_Vito_S/PR1VSIPTIOZ46M240120171935_w000_0.0s.wav,data/processed/features_10s/train/pd_11-16_Vito_S/PR1VSIPTIOZ46M240120171935_w000_0.0s.npy,pd_11-16_Vito_S,ipvs,reading_passage,1,train,0.0,0.0
data/processed/audio_10s/train/pd_11-16_Vito_S/PR1VSIPTIOZ46M240120171935_w001_5.0s.wav,data/processed/features_10s/train/pd_11-16_Vito_S/PR1VSIPTIOZ46M240120171935_w001_5.0s.npy,pd_11-16_Vito_S,ipvs,reading_passage,1,train,5.0,0.0
data/processed/audio_10s/train/pd_11-16_Vito_S/PR1VSIPTIOZ46M240120171935_w002_10.0s.wav,data/processed/features_10s/train/pd_11-16_Vito_S/PR1VSIPTIOZ46M240120171935_w002_10.0s.npy,pd_11-16_Vito_S,ipvs,reading_passage,1,train,10.0,0.0
data/processed/audio_10s/train/pd_11-16_Vito_S/PR1VSIPTIOZ46M240120171935_w003_15.0s.wav,data/processed/features_10s/train/pd_11-16_Vito_S/PR1VSIPTIOZ46M240120171935_w003_15.0s.npy,pd_11-16_Vito_S,ipvs,reading_passage,1,train,15.0,0.0
data/processed/audio_10s/train/pd_11-16_Vito_S/PR1VSIPTIOZ46M240120171935_w004_20.0s.wav,data/processed/features_10s/train/pd_11-16_Vito_S/PR1VSIPTIOZ46M240120171935_w004_20.0s.npy,pd_11-16_Vito_S,ipvs,reading_passage,1,train,20.0,0.0
data/processed/audio_10s/train/pd_11-16_Vito_S/PR1VSIPTIOZ46M240120171935_w005_25.0s.wav,data/processed/features_10s/train/pd_11-16_Vito_S/PR1VSIPTIOZ46M240120171935_w005_25.0s.npy,pd_11-16_Vito_S,ipvs,reading_passage,1,train,25.0,0.0
data/processed/audio_10s/train/pd_11-16_Vito_S/PR1VSIPTIOZ46M240120171935_w006_30.0s.wav,data/processed/features_10s/train/pd_11-16_Vito_S/PR1VSIPTIOZ46M240120171935_w006_30.0s.npy,pd_11-16_Vito_S,ipvs,reading_passage,1,train,30.0,0.0
data/processed/audio_10s/train/pd_11-16_Vito_S/PR1VSIPTIOZ46M240120171935_w007_35.0s.wav,data/processed/features_10s/train/pd_11-16_Vito_S/PR1VSIPTIOZ46M240120171935_w007_35.0s.npy,pd_11-16_Vito_S,ipvs,reading_passage,1,train,35.0,0.0
data/processed/audio_10s/train/pd_11-16_Vito_S/PR1VSIPTIOZ46M240120171935_w008_40.0s.wav,data/processed/features_10s/train/pd_11-16_Vito_S/PR1VSIPTIOZ46M240120171935_w008_40.0s.npy,pd_11-16_Vito_S,ipvs,reading_passage,1,train,40.0,0.0
data/processed/audio_10s/train/pd_11-16_Vito_S/PR1VSIPTIOZ46M240120171935_w009_45.0s.wav,data/processed/features_10s/train/pd_11-16_Vito_S/PR1VSIPTIOZ46M240120171935_w009_45.0s.npy,pd_11-16_Vito_S,ipvs,reading_passage,1,train,45.0,0.0
data/processed/audio_10s/train/pd_11-16_Vito_S/PR1VSIPTIOZ46M240120171935_w010_50.0s.wav,data/processed/features_10s/train/pd_11-16_Vito_S/PR1VSIPTIOZ46M240120171935_w010_50.0s.npy,pd_11-16_Vito_S,ipvs,reading_passage,1,train,50.0,0.0
data/processed/audio_10s/train/pd_11-16_Vito_S/PR1VSIPTIOZ46M240120171935_w011_55.0s.wav,data/processed/features_10s/train/pd_11-16_Vito_S/PR1VSIPTIOZ46M240120171935_w011_55.0s.npy,pd_11-16_Vito_S,ipvs,reading_passage,1,train,55.0,0.0
data/processed/audio_10s/train/pd_11-16_Vito_S/VA1VSIPTIOZ46M240120171924_w000_0.0s.wav,data/processed/features_10s/train/pd_11-16_Vito_S/VA1VSIPTIOZ46M240120171924_w000_0.0s.npy,pd_11-16_Vito_S,ipvs,vowel_sustain,1,train,0.0,0.0
data/processed/audio_10s/train/pd_11-16_Vito_S/VA1VSIPTIOZ46M240120171924_w001_5.0s.wav,data/processed/features_10s/train/pd_11-16_Vito_S/VA1VSIPTIOZ46M240120171924_w001_5.0s.npy,pd_11-16_Vito_S,ipvs,vowel_sustain,1,train,5.0,0.0
data/processed/audio_10s/train/pd_11-16_Vito_S/VE1VSIPTIOZ46M240120171926_w000_0.0s.wav,data/processed/features_10s/train/pd_11-16_Vito_S/VE1VSIPTIOZ46M240120171926_w000_0.0s.npy,pd_11-16_Vito_S,ipvs,vowel_sustain,1,train,0.0,0.0
data/processed/audio_10s/train/pd_11-16_Vito_S/VI1VSIPTIOZ46M240120171928_w000_0.0s.wav,data/processed/features_10s/train/pd_11-16_Vito_S/VI1VSIPTIOZ46M240120171928_w000_0.0s.npy,pd_11-16_Vito_S,ipvs,vowel_sustain,1,train,0.0,0.0112
data/processed/audio_10s/train/pd_11-16_Vito_S/VO1VSIPTIOZ46M240120171929_w000_0.0s.wav,data/processed/features_10s/train/pd_11-16_Vito_S/VO1VSIPTIOZ46M240120171929_w000_0.0s.npy,pd_11-16_Vito_S,ipvs,vowel_sustain,1,train,0.0,0.0
data/processed/audio_10s/train/pd_11-16_Vito_S/VU1VSIPTIOZ46M240120171932_w000_0.0s.wav,data/processed/features_10s/train/pd_11-16_Vito_S/VU1VSIPTIOZ46M240120171932_w000_0.0s.npy,pd_11-16_Vito_S,ipvs,vowel_sustain,1,train,0.0,0.0
data/processed/audio_10s/train/pd_17-28_Antonia_G/B1AGNUTGOL52F100220171041_w000_0.0s.wav,data/processed/features_10s/train/pd_17-28_Antonia_G/B1AGNUTGOL52F100220171041_w000_0.0s.npy,pd_17-28_Antonia_G,ipvs,syllable_repetition,1,train,0.0,0.0
data/processed/audio_10s/train/pd_17-28_Antonia_G/B1AGNUTGOL52F100220171041_w001_5.0s.wav,data/processed/features_10s/train/pd_17-28_Antonia_G/B1AGNUTGOL52F100220171041_w001_5.0s.npy,pd_17-28_Antonia_G,ipvs,syllable_repetition,1,train,5.0,0.0
data/processed/audio_10s/train/pd_17-28_Antonia_G/B1AGNUTGOL52F100220171041_w002_10.0s.wav,data/processed/features_10s/train/pd_17-28_Antonia_G/B1AGNUTGOL52F100220171041_w002_10.0s.npy,pd_17-28_Antonia_G,ipvs,syllable_repetition,1,train,10.0,0.0
data/processed/audio_10s/train/pd_17-28_Antonia_G/B1AGNUTGOL52F100220171041_w003_15.0s.wav,data/processed/features_10s/train/pd_17-28_Antonia_G/B1AGNUTGOL52F100220171041_w003_15.0s.npy,pd_17-28_Antonia_G,ipvs,syllable_repetition,1,train,15.0,0.0
data/processed/audio_10s/train/pd_17-28_Antonia_G/B1AGNUTGOL52F100220171041_w004_20.0s.wav,data/processed/features_10s/train/pd_17-28_Antonia_G/B1AGNUTGOL52F100220171041_w004_20.0s.npy,pd_17-28_Antonia_G,ipvs,syllable_repetition,1,train,20.0,0.0
data/processed/audio_10s/train/pd_17-28_Antonia_G/B1AGNUTGOL52F100220171041_w005_25.0s.wav,data/processed/features_10s/train/pd_17-28_Antonia_G/B1AGNUTGOL52F100220171041_w005_25.0s.npy,pd_17-28_Antonia_G,ipvs,syllable_repetition,1,train,25.0,0.0
data/processed/audio_10s/train/pd_17-28_Antonia_G/B1AGNUTGOL52F100220171041_w006_30.0s.wav,data/processed/features_10s/train/pd_17-28_Antonia_G/B1AGNUTGOL52F100220171041_w006_30.0s.npy,pd_17-28_Antonia_G,ipvs,syllable_repetition,1,train,30.0,0.0
data/processed/audio_10s/train/pd_17-28_Antonia_G/B1AGNUTGOL52F100220171041_w007_35.0s.wav,data/processed/features_10s/train/pd_17-28_Antonia_G/B1AGNUTGOL52F100220171041_w007_35.0s.npy,pd_17-28_Antonia_G,ipvs,syllable_repetition,1,train,35.0,0.0
data/processed/audio_10s/train/pd_17-28_Antonia_G/B1AGNUTGOL52F100220171041_w008_40.0s.wav,data/processed/features_10s/train/pd_17-28_Antonia_G/B1AGNUTGOL52F100220171041_w008_40.0s.npy,pd_17-28_Antonia_G,ipvs,syllable_repetition,1,train,40.0,0.0
data/processed/audio_10s/train/pd_17-28_Antonia_G/B1AGNUTGOL52F100220171041_w009_45.0s.wav,data/processed/features_10s/train/pd_17-28_Antonia_G/B1AGNUTGOL52F100220171041_w009_45.0s.npy,pd_17-28_Antonia_G,ipvs,syllable_repetition,1,train,45.0,0.0
data/processed/audio_10s/train/pd_17-28_Antonia_G/B1AGNUTGOL52F100220171041_w010_50.0s.wav,data/processed/features_10s/train/pd_17-28_Antonia_G/B1AGNUTGOL52F100220171041_w010_50.0s.npy,pd_17-28_Antonia_G,ipvs,syllable_repetition,1,train,50.0,0.0
data/processed/audio_10s/train/pd_17-28_Antonia_G/B1AGNUTGOL52F100220171041_w011_55.0s.wav,data/processed/features_10s/train/pd_17-28_Antonia_G/B1AGNUTGOL52F100220171041_w011_55.0s.npy,pd_17-28_Antonia_G,ipvs,syllable_repetition,1,train,55.0,0.0
data/processed/audio_10s/train/pd_17-28_Antonia_G/B1AGNUTGOL52F100220171041_w012_60.0s.wav,data/processed/features_10s/train/pd_17-28_Antonia_G/B1AGNUTGOL52F100220171041_w012_60.0s.npy,pd_17-28_Antonia_G,ipvs,syllable_repetition,1,train,60.0,0.0
data/processed/audio_10s/train/pd_17-28_Antonia_G/B1AGNUTGOL52F100220171041_w013_65.0s.wav,data/processed/features_10s/train/pd_17-28_Antonia_G/B1AGNUTGOL52F100220171041_w013_65.0s.npy,pd_17-28_Antonia_G,ipvs,syllable_repetition,1,train,65.0,0.0
data/processed/audio_10s/train/pd_17-28_Antonia_G/B1AGNUTGOL52F100220171041_w014_70.0s.wav,data/processed/features_10s/train/pd_17-28_Antonia_G/B1AGNUTGOL52F100220171041_w014_70.0s.npy,pd_17-28_Antonia_G,ipvs,syllable_repetition,1,train,70.0,0.0
data/processed/audio_10s/train/pd_17-28_Antonia_G/B1AGNUTGOL52F100220171041_w015_75.0s.wav,data/processed/features_10s/train/pd_17-28_Antonia_G/B1AGNUTGOL52F100220171041_w015_75.0s.npy,pd_17-28_Antonia_G,ipvs,syllable_repetition,1,train,75.0,0.0
data/processed/audio_10s/train/pd_17-28_Antonia_G/B1AGNUTGOL52F100220171041_w016_80.0s.wav,data/processed/features_10s/train/pd_17-28_Antonia_G/B1AGNUTGOL52F100220171041_w016_80.0s.npy,pd_17-28_Antonia_G,ipvs,syllable_repetition,1,train,80.0,0.0
data/processed/audio_10s/train/pd_17-28_Antonia_G/B1AGNUTGOL52F100220171041_w017_85.0s.wav,data/processed/features_10s/train/pd_17-28_Antonia_G/B1AGNUTGOL52F100220171041_w017_85.0s.npy,pd_17-28_Antonia_G,ipvs,syllable_repetition,1,train,85.0,0.0
data/processed/audio_10s/train/pd_17-28_Antonia_G/B1AGNUTGOL52F100220171041_w018_90.0s.wav,data/processed/features_10s/train/pd_17-28_Antonia_G/B1AGNUTGOL52F100220171041_w018_90.0s.npy,pd_17-28_Antonia_G,ipvs,syllable_repetition,1,train,90.0,0.0
data/processed/audio_10s/train/pd_17-28_Antonia_G/B1AGNUTGOL52F100220171041_w019_95.0s.wav,data/processed/features_10s/train/pd_17-28_Antonia_G/B1AGNUTGOL52F100220171041_w019_95.0s.npy,pd_17-28_Antonia_G,ipvs,syllable_repetition,1,train,95.0,0.0
data/processed/audio_10s/train/pd_17-28_Antonia_G/B1AGNUTGOL52F100220171041_w020_100.0s.wav,data/processed/features_10s/train/pd_17-28_Antonia_G/B1AGNUTGOL52F100220171041_w020_100.0s.npy,pd_17-28_Antonia_G,ipvs,syllable_repetition,1,train,100.0,0.0
data/processed/audio_10s/train/pd_17-28_Antonia_G/B1AGNUTGOL52F100220171041_w021_105.0s.wav,data/processed/features_10s/train/pd_17-28_Antonia_G/B1AGNUTGOL52F100220171041_w021_105.0s.npy,pd_17-28_Antonia_G,ipvs,syllable_repetition,1,train,105.0,0.0
data/processed/audio_10s/train/pd_17-28_Antonia_G/B1AGNUTGOL52F100220171041_w022_110.0s.wav,data/processed/features_10s/train/pd_17-28_Antonia_G/B1AGNUTGOL52F100220171041_w022_110.0s.npy,pd_17-28_Antonia_G,ipvs,syllable_repetition,1,train,110.0,0.0
data/processed/audio_10s/train/pd_17-28_Antonia_G/B1AGNUTGOL52F100220171041_w023_115.0s.wav,data/processed/features_10s/train/pd_17-28_Antonia_G/B1AGNUTGOL52F100220171041_w023_115.0s.npy,pd_17-28_Antonia_G,ipvs,syllable_repetition,1,train,115.0,0.0
data/processed/audio_10s/train/pd_17-28_Antonia_G/B1AGNUTGOL52F100220171041_w024_120.0s.wav,data/processed/features_10s/train/pd_17-28_Antonia_G/B1AGNUTGOL52F100220171041_w024_120.0s.npy,pd_17-28_Antonia_G,ipvs,syllable_repetition,1,train,120.0,0.0
data/processed/audio_10s/train/pd_17-28_Antonia_G/B1AGNUTGOL52F100220171041_w025_125.0s.wav,data/processed/features_10s/train/pd_17-28_Antonia_G/B1AGNUTGOL52F100220171041_w025_125.0s.npy,pd_17-28_Antonia_G,ipvs,syllable_repetition,1,train,125.0,0.0
data/processed/audio_10s/train/pd_17-28_Antonia_G/B1AGNUTGOL52F100220171041_w026_130.0s.wav,data/processed/features_10s/train/pd_17-28_Antonia_G/B1AGNUTGOL52F100220171041_w026_130.0s.npy,pd_17-28_Antonia_G,ipvs,syllable_repetition,1,train,130.0,0.0
data/processed/audio_10s/train/pd_17-28_Antonia_G/B1AGNUTGOL52F100220171041_w027_135.0s.wav,data/processed/features_10s/train/pd_17-28_Antonia_G/B1AGNUTGOL52F100220171041_w027_135.0s.npy,pd_17-28_Antonia_G,ipvs,syllable_repetition,1,train,135.0,0.0
data/processed/audio_10s/train/pd_17-28_Antonia_G/B1AGNUTGOL52F100220171041_w028_140.0s.wav,data/processed/features_10s/train/pd_17-28_Antonia_G/B1AGNUTGOL52F100220171041_w028_140.0s.npy,pd_17-28_Antonia_G,ipvs,syllable_repetition,1,train,140.0,0.0
data/processed/audio_10s/train/pd_17-28_Antonia_G/B1AGNUTGOL52F100220171041_w029_145.0s.wav,data/processed/features_10s/train/pd_17-28_Antonia_G/B1AGNUTGOL52F100220171041_w029_145.0s.npy,pd_17-28_Antonia_G,ipvs,syllable_repetition,1,train,145.0,0.0
data/processed/audio_10s/train/pd_17-28_Antonia_G/B1AGNUTGOL52F100220171041_w030_150.0s.wav,data/processed/features_10s/train/pd_17-28_Antonia_G/B1AGNUTGOL52F100220171041_w030_150.0s.npy,pd_17-28_Antonia_G,ipvs,syllable_repetition,1,train,150.0,0.0
data/processed/audio_10s/train/pd_17-28_Antonia_G/B1AGNUTGOL52F100220171041_w031_155.0s.wav,data/processed/features_10s/train/pd_17-28_Antonia_G/B1AGNUTGOL52F100220171041_w031_155.0s.npy,pd_17-28_Antonia_G,ipvs,syllable_repetition,1,train,155.0,0.0
data/processed/audio_10s/train/pd_17-28_Antonia_G/B1AGNUTGOL52F100220171041_w032_160.0s.wav,data/processed/features_10s/train/pd_17-28_Antonia_G/B1AGNUTGOL52F100220171041_w032_160.0s.npy,pd_17-28_Antonia_G,ipvs,syllable_repetition,1,train,160.0,0.0
data/processed/audio_10s/train/pd_17-28_Antonia_G/B1AGNUTGOL52F100220171041_w033_165.0s.wav,data/processed/features_10s/train/pd_17-28_Antonia_G/B1AGNUTGOL52F100220171041_w033_165.0s.npy,pd_17-28_Antonia_G,ipvs,syllable_repetition,1,train,165.0,0.0
data/processed/audio_10s/train/pd_17-28_Antonia_G/B1AGNUTGOL52F100220171041_w034_170.0s.wav,data/processed/features_10s/train/pd_17-28_Antonia_G/B1AGNUTGOL52F100220171041_w034_170.0s.npy,pd_17-28_Antonia_G,ipvs,syllable_repetition,1,train,170.0,0.0
data/processed/audio_10s/train/pd_17-28_Antonia_G/B1AGNUTGOL52F100220171041_w035_175.0s.wav,data/processed/features_10s/train/pd_17-28_Antonia_G/B1AGNUTGOL52F100220171041_w035_175.0s.npy,pd_17-28_Antonia_G,ipvs,syllable_repetition,1,train,175.0,0.0
data/processed/audio_10s/train/pd_17-28_Antonia_G/B1AGNUTGOL52F100220171041_w036_180.0s.wav,data/processed/features_10s/train/pd_17-28_Antonia_G/B1AGNUTGOL52F100220171041_w036_180.0s.npy,pd_17-28_Antonia_G,ipvs,syllable_repetition,1,train,180.0,0.0
data/processed/audio_10s/train/pd_17-28_Antonia_G/B1AGNUTGOL52F100220171041_w037_185.0s.wav,data/processed/features_10s/train/pd_17-28_Antonia_G/B1AGNUTGOL52F100220171041_w037_185.0s.npy,pd_17-28_Antonia_G,ipvs,syllable_repetition,1,train,185.0,0.0
data/processed/audio_10s/train/pd_17-28_Antonia_G/B1AGNUTGOL52F100220171041_w038_190.0s.wav,data/processed/features_10s/train/pd_17-28_Antonia_G/B1AGNUTGOL52F100220171041_w038_190.0s.npy,pd_17-28_Antonia_G,ipvs,syllable_repetition,1,train,190.0,0.0
data/processed/audio_10s/train/pd_17-28_Antonia_G/B1AGNUTGOL52F100220171041_w039_195.0s.wav,data/processed/features_10s/train/pd_17-28_Antonia_G/B1AGNUTGOL52F100220171041_w039_195.0s.npy,pd_17-28_Antonia_G,ipvs,syllable_repetition,1,train,195.0,0.0
data/processed/audio_10s/train/pd_17-28_Antonia_G/B1AGNUTGOL52F100220171041_w040_200.0s.wav,data/processed/features_10s/train/pd_17-28_Antonia_G/B1AGNUTGOL52F100220171041_w040_200.0s.npy,pd_17-28_Antonia_G,ipvs,syllable_repetition,1,train,200.0,0.0
data/processed/audio_10s/train/pd_17-28_Antonia_G/B1AGNUTGOL52F100220171041_w041_205.0s.wav,data/processed/features_10s/train/pd_17-28_Antonia_G/B1AGNUTGOL52F100220171041_w041_205.0s.npy,pd_17-28_Antonia_G,ipvs,syllable_repetition,1,train,205.0,0.0
data/processed/audio_10s/train/pd_17-28_Antonia_G/B1AGNUTGOL52F100220171041_w042_210.0s.wav,data/processed/features_10s/train/pd_17-28_Antonia_G/B1AGNUTGOL52F100220171041_w042_210.0s.npy,pd_17-28_Antonia_G,ipvs,syllable_repetition,1,train,210.0,0.0
data/processed/audio_10s/train/pd_17-28_Antonia_G/B1AGNUTGOL52F100220171041_w043_215.0s.wav,data/processed/features_10s/train/pd_17-28_Antonia_G/B1AGNUTGOL52F100220171041_w043_215.0s.npy,pd_17-28_Antonia_G,ipvs,syllable_repetition,1,train,215.0,0.0
data/processed/audio_10s/train/pd_17-28_Antonia_G/B1AGNUTGOL52F100220171041_w044_220.0s.wav,data/processed/features_10s/train/pd_17-28_Antonia_G/B1AGNUTGOL52F100220171041_w044_220.0s.npy,pd_17-28_Antonia_G,ipvs,syllable_repetition,1,train,220.0,0.0
data/processed/audio_10s/train/pd_17-28_Antonia_G/B1AGNUTGOL52F100220171041_w045_225.0s.wav,data/processed/features_10s/train/pd_17-28_Antonia_G/B1AGNUTGOL52F100220171041_w045_225.0s.npy,pd_17-28_Antonia_G,ipvs,syllable_repetition,1,train,225.0,0.0
data/processed/audio_10s/train/pd_17-28_Antonia_G/B1AGNUTGOL52F100220171041_w046_230.0s.wav,data/processed/features_10s/train/pd_17-28_Antonia_G/B1AGNUTGOL52F100220171041_w046_230.0s.npy,pd_17-28_Antonia_G,ipvs,syllable_repetition,1,train,230.0,0.0
data/processed/audio_10s/train/pd_17-28_Antonia_G/B1AGNUTGOL52F100220171041_w047_235.0s.wav,data/processed/features_10s/train/pd_17-28_Antonia_G/B1AGNUTGOL52F100220171041_w047_235.0s.npy,pd_17-28_Antonia_G,ipvs,syllable_repetition,1,train,235.0,0.0
data/processed/audio_10s/train/pd_17-28_Antonia_G/B2AGNUTGOL52F100220171045_w000_0.0s.wav,data/processed/features_10s/train/pd_17-28_Antonia_G/B2AGNUTGOL52F100220171045_w000_0.0s.npy,pd_17-28_Antonia_G,ipvs,syllable_repetition,1,train,0.0,0.0
data/processed/audio_10s/train/pd_17-28_Antonia_G/B2AGNUTGOL52F100220171045_w001_5.0s.wav,data/processed/features_10s/train/pd_17-28_Antonia_G/B2AGNUTGOL52F100220171045_w001_5.0s.npy,pd_17-28_Antonia_G,ipvs,syllable_repetition,1,train,5.0,0.0
data/processed/audio_10s/train/pd_17-28_Antonia_G/B2AGNUTGOL52F100220171045_w002_10.0s.wav,data/processed/features_10s/train/pd_17-28_Antonia_G/B2AGNUTGOL52F100220171045_w002_10.0s.npy,pd_17-28_Antonia_G,ipvs,syllable_repetition,1,train,10.0,0.0
data/processed/audio_10s/train/pd_17-28_Antonia_G/B2AGNUTGOL52F100220171045_w003_15.0s.wav,data/processed/features_10s/train/pd_17-28_Antonia_G/B2AGNUTGOL52F100220171045_w003_15.0s.npy,pd_17-28_Antonia_G,ipvs,syllable_repetition,1,train,15.0,0.0
data/processed/audio_10s/train/pd_17-28_Antonia_G/B2AGNUTGOL52F100220171045_w004_20.0s.wav,data/processed/features_10s/train/pd_17-28_Antonia_G/B2AGNUTGOL52F100220171045_w004_20.0s.npy,pd_17-28_Antonia_G,ipvs,syllable_repetition,1,train,20.0,0.0
data/processed/audio_10s/train/pd_17-28_Antonia_G/B2AGNUTGOL52F100220171045_w005_25.0s.wav,data/processed/features_10s/train/pd_17-28_Antonia_G/B2AGNUTGOL52F100220171045_w005_25.0s.npy,pd_17-28_Antonia_G,ipvs,syllable_repetition,1,train,25.0,0.0
data/processed/audio_10s/train/pd_17-28_Antonia_G/B2AGNUTGOL52F100220171045_w006_30.0s.wav,data/processed/features_10s/train/pd_17-28_Antonia_G/B2AGNUTGOL52F100220171045_w006_30.0s.npy,pd_17-28_Antonia_G,ipvs,syllable_repetition,1,train,30.0,0.0
data/processed/audio_10s/train/pd_17-28_Antonia_G/B2AGNUTGOL52F100220171045_w007_35.0s.wav,data/processed/features_10s/train/pd_17-28_Antonia_G/B2AGNUTGOL52F100220171045_w007_35.0s.npy,pd_17-28_Antonia_G,ipvs,syllable_repetition,1,train,35.0,0.0
data/processed/audio_10s/train/pd_17-28_Antonia_G/B2AGNUTGOL52F100220171045_w008_40.0s.wav,data/processed/features_10s/train/pd_17-28_Antonia_G/B2AGNUTGOL52F100220171045_w008_40.0s.npy,pd_17-28_Antonia_G,ipvs,syllable_repetition,1,train,40.0,0.0
data/processed/audio_10s/train/pd_17-28_Antonia_G/B2AGNUTGOL52F100220171045_w009_45.0s.wav,data/processed/features_10s/train/pd_17-28_Antonia_G/B2AGNUTGOL52F100220171045_w009_45.0s.npy,pd_17-28_Antonia_G,ipvs,syllable_repetition,1,train,45.0,0.0
data/processed/audio_10s/train/pd_17-28_Antonia_G/B2AGNUTGOL52F100220171045_w010_50.0s.wav,data/processed/features_10s/train/pd_17-28_Antonia_G/B2AGNUTGOL52F100220171045_w010_50.0s.npy,pd_17-28_Antonia_G,ipvs,syllable_repetition,1,train,50.0,0.0
data/processed/audio_10s/train/pd_17-28_Antonia_G/B2AGNUTGOL52F100220171045_w011_55.0s.wav,data/processed/features_10s/train/pd_17-28_Antonia_G/B2AGNUTGOL52F100220171045_w011_55.0s.npy,pd_17-28_Antonia_G,ipvs,syllable_repetition,1,train,55.0,0.0
data/processed/audio_10s/train/pd_17-28_Antonia_G/B2AGNUTGOL52F100220171045_w012_60.0s.wav,data/processed/features_10s/train/pd_17-28_Antonia_G/B2AGNUTGOL52F100220171045_w012_60.0s.npy,pd_17-28_Antonia_G,ipvs,syllable_repetition,1,train,60.0,0.0
data/processed/audio_10s/train/pd_17-28_Antonia_G/B2AGNUTGOL52F100220171045_w013_65.0s.wav,data/processed/features_10s/train/pd_17-28_Antonia_G/B2AGNUTGOL52F100220171045_w013_65.0s.npy,pd_17-28_Antonia_G,ipvs,syllable_repetition,1,train,65.0,0.0
data/processed/audio_10s/train/pd_17-28_Antonia_G/B2AGNUTGOL52F100220171045_w014_70.0s.wav,data/processed/features_10s/train/pd_17-28_Antonia_G/B2AGNUTGOL52F100220171045_w014_70.0s.npy,pd_17-28_Antonia_G,ipvs,syllable_repetition,1,train,70.0,0.0
data/processed/audio_10s/train/pd_17-28_Antonia_G/B2AGNUTGOL52F100220171045_w015_75.0s.wav,data/processed/features_10s/train/pd_17-28_Antonia_G/B2AGNUTGOL52F100220171045_w015_75.0s.npy,pd_17-28_Antonia_G,ipvs,syllable_repetition,1,train,75.0,0.0
data/processed/audio_10s/train/pd_17-28_Antonia_G/B2AGNUTGOL52F100220171045_w016_80.0s.wav,data/processed/features_10s/train/pd_17-28_Antonia_G/B2AGNUTGOL52F100220171045_w016_80.0s.npy,pd_17-28_Antonia_G,ipvs,syllable_repetition,1,train,80.0,0.0
data/processed/audio_10s/train/pd_17-28_Antonia_G/B2AGNUTGOL52F100220171045_w017_85.0s.wav,data/processed/features_10s/train/pd_17-28_Antonia_G/B2AGNUTGOL52F100220171045_w017_85.0s.npy,pd_17-28_Antonia_G,ipvs,syllable_repetition,1,train,85.0,0.0
data/processed/audio_10s/train/pd_17-28_Antonia_G/B2AGNUTGOL52F100220171045_w018_90.0s.wav,data/processed/features_10s/train/pd_17-28_Antonia_G/B2AGNUTGOL52F100220171045_w018_90.0s.npy,pd_17-28_Antonia_G,ipvs,syllable_repetition,1,train,90.0,0.0
data/processed/audio_10s/train/pd_17-28_Antonia_G/B2AGNUTGOL52F100220171045_w019_95.0s.wav,data/processed/features_10s/train/pd_17-28_Antonia_G/B2AGNUTGOL52F100220171045_w019_95.0s.npy,pd_17-28_Antonia_G,ipvs,syllable_repetition,1,train,95.0,0.0
data/processed/audio_10s/train/pd_17-28_Antonia_G/B2AGNUTGOL52F100220171045_w020_100.0s.wav,data/processed/features_10s/train/pd_17-28_Antonia_G/B2AGNUTGOL52F100220171045_w020_100.0s.npy,pd_17-28_Antonia_G,ipvs,syllable_repetition,1,train,100.0,0.0
data/processed/audio_10s/train/pd_17-28_Antonia_G/B2AGNUTGOL52F100220171045_w021_105.0s.wav,data/processed/features_10s/train/pd_17-28_Antonia_G/B2AGNUTGOL52F100220171045_w021_105.0s.npy,pd_17-28_Antonia_G,ipvs,syllable_repetition,1,train,105.0,0.0
data/processed/audio_10s/train/pd_17-28_Antonia_G/B2AGNUTGOL52F100220171045_w022_110.0s.wav,data/processed/features_10s/train/pd_17-28_Antonia_G/B2AGNUTGOL52F100220171045_w022_110.0s.npy,pd_17-28_Antonia_G,ipvs,syllable_repetition,1,train,110.0,0.0
data/processed/audio_10s/train/pd_17-28_Antonia_G/B2AGNUTGOL52F100220171045_w023_115.0s.wav,data/processed/features_10s/train/pd_17-28_Antonia_G/B2AGNUTGOL52F100220171045_w023_115.0s.npy,pd_17-28_Antonia_G,ipvs,syllable_repetition,1,train,115.0,0.0
data/processed/audio_10s/train/pd_17-28_Antonia_G/B2AGNUTGOL52F100220171045_w024_120.0s.wav,data/processed/features_10s/train/pd_17-28_Antonia_G/B2AGNUTGOL52F100220171045_w024_120.0s.npy,pd_17-28_Antonia_G,ipvs,syllable_repetition,1,train,120.0,0.0
data/processed/audio_10s/train/pd_17-28_Antonia_G/B2AGNUTGOL52F100220171045_w025_125.0s.wav,data/processed/features_10s/train/pd_17-28_Antonia_G/B2AGNUTGOL52F100220171045_w025_125.0s.npy,pd_17-28_Antonia_G,ipvs,syllable_repetition,1,train,125.0,0.0
data/processed/audio_10s/train/pd_17-28_Antonia_G/B2AGNUTGOL52F100220171045_w026_130.0s.wav,data/processed/features_10s/train/pd_17-28_Antonia_G/B2AGNUTGOL52F100220171045_w026_130.0s.npy,pd_17-28_Antonia_G,ipvs,syllable_repetition,1,train,130.0,0.0
data/processed/audio_10s/train/pd_17-28_Antonia_G/B2AGNUTGOL52F100220171045_w027_135.0s.wav,data/processed/features_10s/train/pd_17-28_Antonia_G/B2AGNUTGOL52F100220171045_w027_135.0s.npy,pd_17-28_Antonia_G,ipvs,syllable_repetition,1,train,135.0,0.0
data/processed/audio_10s/train/pd_17-28_Antonia_G/B2AGNUTGOL52F100220171045_w028_140.0s.wav,data/processed/features_10s/train/pd_17-28_Antonia_G/B2AGNUTGOL52F100220171045_w028_140.0s.npy,pd_17-28_Antonia_G,ipvs,syllable_repetition,1,train,140.0,0.0
data/processed/audio_10s/train/pd_17-28_Antonia_G/B2AGNUTGOL52F100220171045_w029_145.0s.wav,data/processed/features_10s/train/pd_17-28_Antonia_G/B2AGNUTGOL52F100220171045_w029_145.0s.npy,pd_17-28_Antonia_G,ipvs,syllable_repetition,1,train,145.0,0.0
data/processed/audio_10s/train/pd_17-28_Antonia_G/B2AGNUTGOL52F100220171045_w030_150.0s.wav,data/processed/features_10s/train/pd_17-28_Antonia_G/B2AGNUTGOL52F100220171045_w030_150.0s.npy,pd_17-28_Antonia_G,ipvs,syllable_repetition,1,train,150.0,0.0
data/processed/audio_10s/train/pd_17-28_Antonia_G/B2AGNUTGOL52F100220171045_w031_155.0s.wav,data/processed/features_10s/train/pd_17-28_Antonia_G/B2AGNUTGOL52F100220171045_w031_155.0s.npy,pd_17-28_Antonia_G,ipvs,syllable_repetition,1,train,155.0,0.0
data/processed/audio_10s/train/pd_17-28_Antonia_G/B2AGNUTGOL52F100220171045_w032_160.0s.wav,data/processed/features_10s/train/pd_17-28_Antonia_G/B2AGNUTGOL52F100220171045_w032_160.0s.npy,pd_17-28_Antonia_G,ipvs,syllable_repetition,1,train,160.0,0.0
data/processed/audio_10s/train/pd_17-28_Antonia_G/B2AGNUTGOL52F100220171045_w033_165.0s.wav,data/processed/features_10s/train/pd_17-28_Antonia_G/B2AGNUTGOL52F100220171045_w033_165.0s.npy,pd_17-28_Antonia_G,ipvs,syllable_repetition,1,train,165.0,0.0
data/processed/audio_10s/train/pd_17-28_Antonia_G/B2AGNUTGOL52F100220171045_w034_170.0s.wav,data/processed/features_10s/train/pd_17-28_Antonia_G/B2AGNUTGOL52F100220171045_w034_170.0s.npy,pd_17-28_Antonia_G,ipvs,syllable_repetition,1,train,170.0,0.0
data/processed/audio_10s/train/pd_17-28_Antonia_G/B2AGNUTGOL52F100220171045_w035_175.0s.wav,data/processed/features_10s/train/pd_17-28_Antonia_G/B2AGNUTGOL52F100220171045_w035_175.0s.npy,pd_17-28_Antonia_G,ipvs,syllable_repetition,1,train,175.0,0.0
data/processed/audio_10s/train/pd_17-28_Antonia_G/FB1AGNUTGOL52F100220171059_w000_0.0s.wav,data/processed/features_10s/train/pd_17-28_Antonia_G/FB1AGNUTGOL52F100220171059_w000_0.0s.npy,pd_17-28_Antonia_G,ipvs,syllable_repetition,1,train,0.0,0.0
data/processed/audio_10s/train/pd_17-28_Antonia_G/FB1AGNUTGOL52F100220171059_w001_5.0s.wav,data/processed/features_10s/train/pd_17-28_Antonia_G/FB1AGNUTGOL52F100220171059_w001_5.0s.npy,pd_17-28_Antonia_G,ipvs,syllable_repetition,1,train,5.0,0.0
data/processed/audio_10s/train/pd_17-28_Antonia_G/FB1AGNUTGOL52F100220171059_w002_10.0s.wav,data/processed/features_10s/train/pd_17-28_Antonia_G/FB1AGNUTGOL52F100220171059_w002_10.0s.npy,pd_17-28_Antonia_G,ipvs,syllable_repetition,1,train,10.0,0.0
data/processed/audio_10s/train/pd_17-28_Antonia_G/FB1AGNUTGOL52F100220171059_w003_15.0s.wav,data/processed/features_10s/train/pd_17-28_Antonia_G/FB1AGNUTGOL52F100220171059_w003_15.0s.npy,pd_17-28_Antonia_G,ipvs,syllable_repetition,1,train,15.0,0.0
data/processed/audio_10s/train/pd_17-28_Antonia_G/FB1AGNUTGOL52F100220171059_w004_20.0s.wav,data/processed/features_10s/train/pd_17-28_Antonia_G/FB1AGNUTGOL52F100220171059_w004_20.0s.npy,pd_17-28_Antonia_G,ipvs,syllable_repetition,1,train,20.0,0.0
data/processed/audio_10s/train/pd_17-28_Antonia_G/FB1AGNUTGOL52F100220171059_w005_25.0s.wav,data/processed/features_10s/train/pd_17-28_Antonia_G/FB1AGNUTGOL52F100220171059_w005_25.0s.npy,pd_17-28_Antonia_G,ipvs,syllable_repetition,1,train,25.0,0.0
data/processed/audio_10s/train/pd_17-28_Antonia_G/FB1AGNUTGOL52F100220171059_w006_30.0s.wav,data/processed/features_10s/train/pd_17-28_Antonia_G/FB1AGNUTGOL52F100220171059_w006_30.0s.npy,pd_17-28_Antonia_G,ipvs,syllable_repetition,1,train,30.0,0.0
data/processed/audio_10s/train/pd_17-28_Antonia_G/FB1AGNUTGOL52F100220171059_w007_35.0s.wav,data/processed/features_10s/train/pd_17-28_Antonia_G/FB1AGNUTGOL52F100220171059_w007_35.0s.npy,pd_17-28_Antonia_G,ipvs,syllable_repetition,1,train,35.0,0.0
data/processed/audio_10s/train/pd_17-28_Antonia_G/FB1AGNUTGOL52F100220171059_w008_40.0s.wav,data/processed/features_10s/train/pd_17-28_Antonia_G/FB1AGNUTGOL52F100220171059_w008_40.0s.npy,pd_17-28_Antonia_G,ipvs,syllable_repetition,1,train,40.0,0.0
data/processed/audio_10s/train/pd_17-28_Antonia_G/FB1AGNUTGOL52F100220171059_w009_45.0s.wav,data/processed/features_10s/train/pd_17-28_Antonia_G/FB1AGNUTGOL52F100220171059_w009_45.0s.npy,pd_17-28_Antonia_G,ipvs,syllable_repetition,1,train,45.0,0.0
data/processed/audio_10s/train/pd_17-28_Antonia_G/FB1AGNUTGOL52F100220171059_w010_50.0s.wav,data/processed/features_10s/train/pd_17-28_Antonia_G/FB1AGNUTGOL52F100220171059_w010_50.0s.npy,pd_17-28_Antonia_G,ipvs,syllable_repetition,1,train,50.0,0.0
data/processed/audio_10s/train/pd_17-28_Antonia_G/FB1AGNUTGOL52F100220171059_w011_55.0s.wav,data/processed/features_10s/train/pd_17-28_Antonia_G/FB1AGNUTGOL52F100220171059_w011_55.0s.npy,pd_17-28_Antonia_G,ipvs,syllable_repetition,1,train,55.0,0.0
data/processed/audio_10s/train/pd_17-28_Antonia_G/FB1AGNUTGOL52F100220171059_w012_60.0s.wav,data/processed/features_10s/train/pd_17-28_Antonia_G/FB1AGNUTGOL52F100220171059_w012_60.0s.npy,pd_17-28_Antonia_G,ipvs,syllable_repetition,1,train,60.0,0.0
data/processed/audio_10s/train/pd_17-28_Antonia_G/PR1AGNUTGOL52F100220171057_w000_0.0s.wav,data/processed/features_10s/train/pd_17-28_Antonia_G/PR1AGNUTGOL52F100220171057_w000_0.0s.npy,pd_17-28_Antonia_G,ipvs,reading_passage,1,train,0.0,0.0
data/processed/audio_10s/train/pd_17-28_Antonia_G/PR1AGNUTGOL52F100220171057_w001_5.0s.wav,data/processed/features_10s/train/pd_17-28_Antonia_G/PR1AGNUTGOL52F100220171057_w001_5.0s.npy,pd_17-28_Antonia_G,ipvs,reading_passage,1,train,5.0,0.0
data/processed/audio_10s/train/pd_17-28_Antonia_G/PR1AGNUTGOL52F100220171057_w002_10.0s.wav,data/processed/features_10s/train/pd_17-28_Antonia_G/PR1AGNUTGOL52F100220171057_w002_10.0s.npy,pd_17-28_Antonia_G,ipvs,reading_passage,1,train,10.0,0.0
data/processed/audio_10s/train/pd_17-28_Antonia_G/PR1AGNUTGOL52F100220171057_w003_15.0s.wav,data/processed/features_10s/train/pd_17-28_Antonia_G/PR1AGNUTGOL52F100220171057_w003_15.0s.npy,pd_17-28_Antonia_G,ipvs,reading_passage,1,train,15.0,0.0
data/processed/audio_10s/train/pd_17-28_Antonia_G/PR1AGNUTGOL52F100220171057_w004_20.0s.wav,data/processed/features_10s/train/pd_17-28_Antonia_G/PR1AGNUTGOL52F100220171057_w004_20.0s.npy,pd_17-28_Antonia_G,ipvs,reading_passage,1,train,20.0,0.0
data/processed/audio_10s/train/pd_17-28_Antonia_G/PR1AGNUTGOL52F100220171057_w005_25.0s.wav,data/processed/features_10s/train/pd_17-28_Antonia_G/PR1AGNUTGOL52F100220171057_w005_25.0s.npy,pd_17-28_Antonia_G,ipvs,reading_passage,1,train,25.0,0.0
data/processed/audio_10s/train/pd_17-28_Antonia_G/PR1AGNUTGOL52F100220171057_w006_30.0s.wav,data/processed/features_10s/train/pd_17-28_Antonia_G/PR1AGNUTGOL52F100220171057_w006_30.0s.npy,pd_17-28_Antonia_G,ipvs,reading_passage,1,train,30.0,0.0
data/processed/audio_10s/train/pd_17-28_Antonia_G/PR1AGNUTGOL52F100220171057_w007_35.0s.wav,data/processed/features_10s/train/pd_17-28_Antonia_G/PR1AGNUTGOL52F100220171057_w007_35.0s.npy,pd_17-28_Antonia_G,ipvs,reading_passage,1,train,35.0,0.0
data/processed/audio_10s/train/pd_17-28_Antonia_G/PR1AGNUTGOL52F100220171057_w008_40.0s.wav,data/processed/features_10s/train/pd_17-28_Antonia_G/PR1AGNUTGOL52F100220171057_w008_40.0s.npy,pd_17-28_Antonia_G,ipvs,reading_passage,1,train,40.0,0.0
data/processed/audio_10s/train/pd_17-28_Antonia_G/PR1AGNUTGOL52F100220171057_w009_45.0s.wav,data/processed/features_10s/train/pd_17-28_Antonia_G/PR1AGNUTGOL52F100220171057_w009_45.0s.npy,pd_17-28_Antonia_G,ipvs,reading_passage,1,train,45.0,0.0
data/processed/audio_10s/train/pd_17-28_Antonia_G/PR1AGNUTGOL52F100220171057_w010_50.0s.wav,data/processed/features_10s/train/pd_17-28_Antonia_G/PR1AGNUTGOL52F100220171057_w010_50.0s.npy,pd_17-28_Antonia_G,ipvs,reading_passage,1,train,50.0,0.0
data/processed/audio_10s/train/pd_17-28_Antonia_G/PR1AGNUTGOL52F100220171057_w011_55.0s.wav,data/processed/features_10s/train/pd_17-28_Antonia_G/PR1AGNUTGOL52F100220171057_w011_55.0s.npy,pd_17-28_Antonia_G,ipvs,reading_passage,1,train,55.0,0.0
data/processed/audio_10s/train/pd_17-28_Antonia_G/PR1AGNUTGOL52F100220171057_w012_60.0s.wav,data/processed/features_10s/train/pd_17-28_Antonia_G/PR1AGNUTGOL52F100220171057_w012_60.0s.npy,pd_17-28_Antonia_G,ipvs,reading_passage,1,train,60.0,0.0
data/processed/audio_10s/train/pd_17-28_Antonia_G/PR1AGNUTGOL52F100220171057_w013_65.0s.wav,data/processed/features_10s/train/pd_17-28_Antonia_G/PR1AGNUTGOL52F100220171057_w013_65.0s.npy,pd_17-28_Antonia_G,ipvs,reading_passage,1,train,65.0,0.0
data/processed/audio_10s/train/pd_17-28_Antonia_G/PR1AGNUTGOL52F100220171057_w014_70.0s.wav,data/processed/features_10s/train/pd_17-28_Antonia_G/PR1AGNUTGOL52F100220171057_w014_70.0s.npy,pd_17-28_Antonia_G,ipvs,reading_passage,1,train,70.0,0.0
data/processed/audio_10s/train/pd_17-28_Antonia_G/PR1AGNUTGOL52F100220171057_w015_75.0s.wav,data/processed/features_10s/train/pd_17-28_Antonia_G/PR1AGNUTGOL52F100220171057_w015_75.0s.npy,pd_17-28_Antonia_G,ipvs,reading_passage,1,train,75.0,0.0
data/processed/audio_10s/train/pd_17-28_Antonia_G/PR1AGNUTGOL52F100220171057_w016_80.0s.wav,data/processed/features_10s/train/pd_17-28_Antonia_G/PR1AGNUTGOL52F100220171057_w016_80.0s.npy,pd_17-28_Antonia_G,ipvs,reading_passage,1,train,80.0,0.0
data/processed/audio_10s/train/pd_17-28_Antonia_G/PR1AGNUTGOL52F100220171057_w017_85.0s.wav,data/processed/features_10s/train/pd_17-28_Antonia_G/PR1AGNUTGOL52F100220171057_w017_85.0s.npy,pd_17-28_Antonia_G,ipvs,reading_passage,1,train,85.0,0.0
data/processed/audio_10s/train/pd_17-28_Antonia_G/PR1AGNUTGOL52F100220171057_w018_90.0s.wav,data/processed/features_10s/train/pd_17-28_Antonia_G/PR1AGNUTGOL52F100220171057_w018_90.0s.npy,pd_17-28_Antonia_G,ipvs,reading_passage,1,train,90.0,0.0
data/processed/audio_10s/train/pd_17-28_Antonia_G/PR1AGNUTGOL52F100220171057_w019_95.0s.wav,data/processed/features_10s/train/pd_17-28_Antonia_G/PR1AGNUTGOL52F100220171057_w019_95.0s.npy,pd_17-28_Antonia_G,ipvs,reading_passage,1,train,95.0,0.0
data/processed/audio_10s/train/pd_17-28_Antonia_G/PR1AGNUTGOL52F100220171057_w020_100.0s.wav,data/processed/features_10s/train/pd_17-28_Antonia_G/PR1AGNUTGOL52F100220171057_w020_100.0s.npy,pd_17-28_Antonia_G,ipvs,reading_passage,1,train,100.0,0.0
data/processed/audio_10s/train/pd_17-28_Antonia_G/PR1AGNUTGOL52F100220171057_w021_105.0s.wav,data/processed/features_10s/train/pd_17-28_Antonia_G/PR1AGNUTGOL52F100220171057_w021_105.0s.npy,pd_17-28_Antonia_G,ipvs,reading_passage,1,train,105.0,0.0
data/processed/audio_10s/train/pd_17-28_Antonia_G/PR1AGNUTGOL52F100220171057_w022_110.0s.wav,data/processed/features_10s/train/pd_17-28_Antonia_G/PR1AGNUTGOL52F100220171057_w022_110.0s.npy,pd_17-28_Antonia_G,ipvs,reading_passage,1,train,110.0,0.0
data/processed/audio_10s/train/pd_17-28_Antonia_G/PR1AGNUTGOL52F100220171057_w023_115.0s.wav,data/processed/features_10s/train/pd_17-28_Antonia_G/PR1AGNUTGOL52F100220171057_w023_115.0s.npy,pd_17-28_Antonia_G,ipvs,reading_passage,1,train,115.0,0.0
data/processed/audio_10s/train/pd_17-28_Antonia_G/PR1AGNUTGOL52F100220171057_w024_120.0s.wav,data/processed/features_10s/train/pd_17-28_Antonia_G/PR1AGNUTGOL52F100220171057_w024_120.0s.npy,pd_17-28_Antonia_G,ipvs,reading_passage,1,train,120.0,0.0
data/processed/audio_10s/train/pd_17-28_Antonia_G/PR1AGNUTGOL52F100220171057_w025_125.0s.wav,data/processed/features_10s/train/pd_17-28_Antonia_G/PR1AGNUTGOL52F100220171057_w025_125.0s.npy,pd_17-28_Antonia_G,ipvs,reading_passage,1,train,125.0,0.0
data/processed/audio_10s/train/pd_17-28_Antonia_G/PR1AGNUTGOL52F100220171057_w026_130.0s.wav,data/processed/features_10s/train/pd_17-28_Antonia_G/PR1AGNUTGOL52F100220171057_w026_130.0s.npy,pd_17-28_Antonia_G,ipvs,reading_passage,1,train,130.0,0.0
data/processed/audio_10s/train/pd_17-28_Antonia_G/PR1AGNUTGOL52F100220171057_w027_135.0s.wav,data/processed/features_10s/train/pd_17-28_Antonia_G/PR1AGNUTGOL52F100220171057_w027_135.0s.npy,pd_17-28_Antonia_G,ipvs,reading_passage,1,train,135.0,0.0
data/processed/audio_10s/train/pd_17-28_Antonia_G/PR1AGNUTGOL52F100220171057_w028_140.0s.wav,data/processed/features_10s/train/pd_17-28_Antonia_G/PR1AGNUTGOL52F100220171057_w028_140.0s.npy,pd_17-28_Antonia_G,ipvs,reading_passage,1,train,140.0,0.0
data/processed/audio_10s/train/pd_17-28_Antonia_G/PR1AGNUTGOL52F100220171057_w029_145.0s.wav,data/processed/features_10s/train/pd_17-28_Antonia_G/PR1AGNUTGOL52F100220171057_w029_145.0s.npy,pd_17-28_Antonia_G,ipvs,reading_passage,1,train,145.0,0.0
data/processed/audio_10s/train/pd_17-28_Antonia_G/PR1AGNUTGOL52F100220171057_w030_150.0s.wav,data/processed/features_10s/train/pd_17-28_Antonia_G/PR1AGNUTGOL52F100220171057_w030_150.0s.npy,pd_17-28_Antonia_G,ipvs,reading_passage,1,train,150.0,0.0
data/processed/audio_10s/train/pd_17-28_Antonia_G/PR1AGNUTGOL52F100220171057_w031_155.0s.wav,data/processed/features_10s/train/pd_17-28_Antonia_G/PR1AGNUTGOL52F100220171057_w031_155.0s.npy,pd_17-28_Antonia_G,ipvs,reading_passage,1,train,155.0,0.0
data/processed/audio_10s/train/pd_17-28_Antonia_G/VA1AGNUTGOL52F100220171049_w000_0.0s.wav,data/processed/features_10s/train/pd_17-28_Antonia_G/VA1AGNUTGOL52F100220171049_w000_0.0s.npy,pd_17-28_Antonia_G,ipvs,vowel_sustain,1,train,0.0,0.0976
data/processed/audio_10s/train/pd_17-28_Antonia_G/VE1AGNUTGOL52F100220171050_w000_0.0s.wav,data/processed/features_10s/train/pd_17-28_Antonia_G/VE1AGNUTGOL52F100220171050_w000_0.0s.npy,pd_17-28_Antonia_G,ipvs,vowel_sustain,1,train,0.0,0.0
data/processed/audio_10s/train/pd_17-28_Antonia_G/VI1AGNUTGOL52F100220171051_w000_0.0s.wav,data/processed/features_10s/train/pd_17-28_Antonia_G/VI1AGNUTGOL52F100220171051_w000_0.0s.npy,pd_17-28_Antonia_G,ipvs,vowel_sustain,1,train,0.0,0.0
data/processed/audio_10s/train/pd_17-28_Antonia_G/VI1AGNUTGOL52F100220171051_w001_5.0s.wav,data/processed/features_10s/train/pd_17-28_Antonia_G/VI1AGNUTGOL52F100220171051_w001_5.0s.npy,pd_17-28_Antonia_G,ipvs,vowel_sustain,1,train,5.0,0.0
data/processed/audio_10s/train/pd_17-28_Antonia_G/VU1AGNUTGOL52F100220171054_w000_0.0s.wav,data/processed/features_10s/train/pd_17-28_Antonia_G/VU1AGNUTGOL52F100220171054_w000_0.0s.npy,pd_17-28_Antonia_G,ipvs,vowel_sustain,1,train,0.0,0.0
data/processed/audio_10s/train/pd_17-28_Daria_L/B1DLAARCII37F100220171111_w000_0.0s.wav,data/processed/features_10s/train/pd_17-28_Daria_L/B1DLAARCII37F100220171111_w000_0.0s.npy,pd_17-28_Daria_L,ipvs,syllable_repetition,1,train,0.0,0.0
data/processed/audio_10s/train/pd_17-28_Daria_L/B1DLAARCII37F100220171111_w001_5.0s.wav,data/processed/features_10s/train/pd_17-28_Daria_L/B1DLAARCII37F100220171111_w001_5.0s.npy,pd_17-28_Daria_L,ipvs,syllable_repetition,1,train,5.0,0.0
data/processed/audio_10s/train/pd_17-28_Daria_L/B1DLAARCII37F100220171111_w002_10.0s.wav,data/processed/features_10s/train/pd_17-28_Daria_L/B1DLAARCII37F100220171111_w002_10.0s.npy,pd_17-28_Daria_L,ipvs,syllable_repetition,1,train,10.0,0.0
data/processed/audio_10s/train/pd_17-28_Daria_L/B1DLAARCII37F100220171111_w003_15.0s.wav,data/processed/features_10s/train/pd_17-28_Daria_L/B1DLAARCII37F100220171111_w003_15.0s.npy,pd_17-28_Daria_L,ipvs,syllable_repetition,1,train,15.0,0.0
data/processed/audio_10s/train/pd_17-28_Daria_L/B1DLAARCII37F100220171111_w004_20.0s.wav,data/processed/features_10s/train/pd_17-28_Daria_L/B1DLAARCII37F100220171111_w004_20.0s.npy,pd_17-28_Daria_L,ipvs,syllable_repetition,1,train,20.0,0.0
data/processed/audio_10s/train/pd_17-28_Daria_L/B1DLAARCII37F100220171111_w005_25.0s.wav,data/processed/features_10s/train/pd_17-28_Daria_L/B1DLAARCII37F100220171111_w005_25.0s.npy,pd_17-28_Daria_L,ipvs,syllable_repetition,1,train,25.0,0.0
data/processed/audio_10s/train/pd_17-28_Daria_L/B1DLAARCII37F100220171111_w006_30.0s.wav,data/processed/features_10s/train/pd_17-28_Daria_L/B1DLAARCII37F100220171111_w006_30.0s.npy,pd_17-28_Daria_L,ipvs,syllable_repetition,1,train,30.0,0.0
data/processed/audio_10s/train/pd_17-28_Daria_L/B1DLAARCII37F100220171111_w007_35.0s.wav,data/processed/features_10s/train/pd_17-28_Daria_L/B1DLAARCII37F100220171111_w007_35.0s.npy,pd_17-28_Daria_L,ipvs,syllable_repetition,1,train,35.0,0.0
data/processed/audio_10s/train/pd_17-28_Daria_L/B1DLAARCII37F100220171111_w008_40.0s.wav,data/processed/features_10s/train/pd_17-28_Daria_L/B1DLAARCII37F100220171111_w008_40.0s.npy,pd_17-28_Daria_L,ipvs,syllable_repetition,1,train,40.0,0.0
data/processed/audio_10s/train/pd_17-28_Daria_L/B1DLAARCII37F100220171111_w009_45.0s.wav,data/processed/features_10s/train/pd_17-28_Daria_L/B1DLAARCII37F100220171111_w009_45.0s.npy,pd_17-28_Daria_L,ipvs,syllable_repetition,1,train,45.0,0.0
data/processed/audio_10s/train/pd_17-28_Daria_L/B1DLAARCII37F100220171111_w010_50.0s.wav,data/processed/features_10s/train/pd_17-28_Daria_L/B1DLAARCII37F100220171111_w010_50.0s.npy,pd_17-28_Daria_L,ipvs,syllable_repetition,1,train,50.0,0.0
data/processed/audio_10s/train/pd_17-28_Daria_L/B1DLAARCII37F100220171111_w011_55.0s.wav,data/processed/features_10s/train/pd_17-28_Daria_L/B1DLAARCII37F100220171111_w011_55.0s.npy,pd_17-28_Daria_L,ipvs,syllable_repetition,1,train,55.0,0.0
data/processed/audio_10s/train/pd_17-28_Daria_L/B1DLAARCII37F100220171111_w012_60.0s.wav,data/processed/features_10s/train/pd_17-28_Daria_L/B1DLAARCII37F100220171111_w012_60.0s.npy,pd_17-28_Daria_L,ipvs,syllable_repetition,1,train,60.0,0.0
data/processed/audio_10s/train/pd_17-28_Daria_L/B1DLAARCII37F100220171111_w013_65.0s.wav,data/processed/features_10s/train/pd_17-28_Daria_L/B1DLAARCII37F100220171111_w013_65.0s.npy,pd_17-28_Daria_L,ipvs,syllable_repetition,1,train,65.0,0.0
data/processed/audio_10s/train/pd_17-28_Daria_L/B1DLAARCII37F100220171111_w014_70.0s.wav,data/processed/features_10s/train/pd_17-28_Daria_L/B1DLAARCII37F100220171111_w014_70.0s.npy,pd_17-28_Daria_L,ipvs,syllable_repetition,1,train,70.0,0.0
data/processed/audio_10s/train/pd_17-28_Daria_L/B1DLAARCII37F100220171111_w015_75.0s.wav,data/processed/features_10s/train/pd_17-28_Daria_L/B1DLAARCII37F100220171111_w015_75.0s.npy,pd_17-28_Daria_L,ipvs,syllable_repetition,1,train,75.0,0.0
data/processed/audio_10s/train/pd_17-28_Daria_L/B1DLAARCII37F100220171111_w016_80.0s.wav,data/processed/features_10s/train/pd_17-28_Daria_L/B1DLAARCII37F100220171111_w016_80.0s.npy,pd_17-28_Daria_L,ipvs,syllable_repetition,1,train,80.0,0.0
data/processed/audio_10s/train/pd_17-28_Daria_L/B1DLAARCII37F100220171111_w017_85.0s.wav,data/processed/features_10s/train/pd_17-28_Daria_L/B1DLAARCII37F100220171111_w017_85.0s.npy,pd_17-28_Daria_L,ipvs,syllable_repetition,1,train,85.0,0.0
data/processed/audio_10s/train/pd_17-28_Daria_L/B1DLAARCII37F100220171111_w018_90.0s.wav,data/processed/features_10s/train/pd_17-28_Daria_L/B1DLAARCII37F100220171111_w018_90.0s.npy,pd_17-28_Daria_L,ipvs,syllable_repetition,1,train,90.0,0.0
data/processed/audio_10s/train/pd_17-28_Daria_L/B1DLAARCII37F100220171111_w019_95.0s.wav,data/processed/features_10s/train/pd_17-28_Daria_L/B1DLAARCII37F100220171111_w019_95.0s.npy,pd_17-28_Daria_L,ipvs,syllable_repetition,1,train,95.0,0.0
data/processed/audio_10s/train/pd_17-28_Daria_L/B1DLAARCII37F100220171111_w020_100.0s.wav,data/processed/features_10s/train/pd_17-28_Daria_L/B1DLAARCII37F100220171111_w020_100.0s.npy,pd_17-28_Daria_L,ipvs,syllable_repetition,1,train,100.0,0.0
data/processed/audio_10s/train/pd_17-28_Daria_L/B1DLAARCII37F100220171111_w021_105.0s.wav,data/processed/features_10s/train/pd_17-28_Daria_L/B1DLAARCII37F100220171111_w021_105.0s.npy,pd_17-28_Daria_L,ipvs,syllable_repetition,1,train,105.0,0.0
data/processed/audio_10s/train/pd_17-28_Daria_L/B1DLAARCII37F100220171111_w022_110.0s.wav,data/processed/features_10s/train/pd_17-28_Daria_L/B1DLAARCII37F100220171111_w022_110.0s.npy,pd_17-28_Daria_L,ipvs,syllable_repetition,1,train,110.0,0.0
data/processed/audio_10s/train/pd_17-28_Daria_L/B1DLAARCII37F100220171111_w023_115.0s.wav,data/processed/features_10s/train/pd_17-28_Daria_L/B1DLAARCII37F100220171111_w023_115.0s.npy,pd_17-28_Daria_L,ipvs,syllable_repetition,1,train,115.0,0.0
data/processed/audio_10s/train/pd_17-28_Daria_L/B1DLAARCII37F100220171111_w024_120.0s.wav,data/processed/features_10s/train/pd_17-28_Daria_L/B1DLAARCII37F100220171111_w024_120.0s.npy,pd_17-28_Daria_L,ipvs,syllable_repetition,1,train,120.0,0.0
data/processed/audio_10s/train/pd_17-28_Daria_L/B1DLAARCII37F100220171111_w025_125.0s.wav,data/processed/features_10s/train/pd_17-28_Daria_L/B1DLAARCII37F100220171111_w025_125.0s.npy,pd_17-28_Daria_L,ipvs,syllable_repetition,1,train,125.0,0.0
data/processed/audio_10s/train/pd_17-28_Daria_L/B1DLAARCII37F100220171111_w026_130.0s.wav,data/processed/features_10s/train/pd_17-28_Daria_L/B1DLAARCII37F100220171111_w026_130.0s.npy,pd_17-28_Daria_L,ipvs,syllable_repetition,1,train,130.0,0.0
data/processed/audio_10s/train/pd_17-28_Daria_L/B1DLAARCII37F100220171111_w027_135.0s.wav,data/processed/features_10s/train/pd_17-28_Daria_L/B1DLAARCII37F100220171111_w027_135.0s.npy,pd_17-28_Daria_L,ipvs,syllable_repetition,1,train,135.0,0.0
data/processed/audio_10s/train/pd_17-28_Daria_L/B1DLAARCII37F100220171111_w028_140.0s.wav,data/processed/features_10s/train/pd_17-28_Daria_L/B1DLAARCII37F100220171111_w028_140.0s.npy,pd_17-28_Daria_L,ipvs,syllable_repetition,1,train,140.0,0.0
data/processed/audio_10s/train/pd_17-28_Daria_L/B1DLAARCII37F100220171111_w029_145.0s.wav,data/processed/features_10s/train/pd_17-28_Daria_L/B1DLAARCII37F100220171111_w029_145.0s.npy,pd_17-28_Daria_L,ipvs,syllable_repetition,1,train,145.0,0.0
data/processed/audio_10s/train/pd_17-28_Daria_L/B1DLAARCII37F100220171111_w030_150.0s.wav,data/processed/features_10s/train/pd_17-28_Daria_L/B1DLAARCII37F100220171111_w030_150.0s.npy,pd_17-28_Daria_L,ipvs,syllable_repetition,1,train,150.0,0.0
data/processed/audio_10s/train/pd_17-28_Daria_L/B1DLAARCII37F100220171111_w031_155.0s.wav,data/processed/features_10s/train/pd_17-28_Daria_L/B1DLAARCII37F100220171111_w031_155.0s.npy,pd_17-28_Daria_L,ipvs,syllable_repetition,1,train,155.0,0.0
data/processed/audio_10s/train/pd_17-28_Daria_L/B1DLAARCII37F100220171111_w032_160.0s.wav,data/processed/features_10s/train/pd_17-28_Daria_L/B1DLAARCII37F100220171111_w032_160.0s.npy,pd_17-28_Daria_L,ipvs,syllable_repetition,1,train,160.0,0.0
data/processed/audio_10s/train/pd_17-28_Daria_L/FB1DLAARCII37F100220171125_w000_0.0s.wav,data/processed/features_10s/train/pd_17-28_Daria_L/FB1DLAARCII37F100220171125_w000_0.0s.npy,pd_17-28_Daria_L,ipvs,syllable_repetition,1,train,0.0,0.0
data/processed/audio_10s/train/pd_17-28_Daria_L/FB1DLAARCII37F100220171125_w001_5.0s.wav,data/processed/features_10s/train/pd_17-28_Daria_L/FB1DLAARCII37F100220171125_w001_5.0s.npy,pd_17-28_Daria_L,ipvs,syllable_repetition,1,train,5.0,0.0
data/processed/audio_10s/train/pd_17-28_Daria_L/FB1DLAARCII37F100220171125_w002_10.0s.wav,data/processed/features_10s/train/pd_17-28_Daria_L/FB1DLAARCII37F100220171125_w002_10.0s.npy,pd_17-28_Daria_L,ipvs,syllable_repetition,1,train,10.0,0.0
data/processed/audio_10s/train/pd_17-28_Daria_L/FB1DLAARCII37F100220171125_w003_15.0s.wav,data/processed/features_10s/train/pd_17-28_Daria_L/FB1DLAARCII37F100220171125_w003_15.0s.npy,pd_17-28_Daria_L,ipvs,syllable_repetition,1,train,15.0,0.0
data/processed/audio_10s/train/pd_17-28_Daria_L/FB1DLAARCII37F100220171125_w004_20.0s.wav,data/processed/features_10s/train/pd_17-28_Daria_L/FB1DLAARCII37F100220171125_w004_20.0s.npy,pd_17-28_Daria_L,ipvs,syllable_repetition,1,train,20.0,0.0
data/processed/audio_10s/train/pd_17-28_Daria_L/FB1DLAARCII37F100220171125_w005_25.0s.wav,data/processed/features_10s/train/pd_17-28_Daria_L/FB1DLAARCII37F100220171125_w005_25.0s.npy,pd_17-28_Daria_L,ipvs,syllable_repetition,1,train,25.0,0.0
data/processed/audio_10s/train/pd_17-28_Daria_L/FB1DLAARCII37F100220171125_w006_30.0s.wav,data/processed/features_10s/train/pd_17-28_Daria_L/FB1DLAARCII37F100220171125_w006_30.0s.npy,pd_17-28_Daria_L,ipvs,syllable_repetition,1,train,30.0,0.0
data/processed/audio_10s/train/pd_17-28_Daria_L/FB1DLAARCII37F100220171125_w007_35.0s.wav,data/processed/features_10s/train/pd_17-28_Daria_L/FB1DLAARCII37F100220171125_w007_35.0s.npy,pd_17-28_Daria_L,ipvs,syllable_repetition,1,train,35.0,0.0
data/processed/audio_10s/train/pd_17-28_Daria_L/FB1DLAARCII37F100220171125_w008_40.0s.wav,data/processed/features_10s/train/pd_17-28_Daria_L/FB1DLAARCII37F100220171125_w008_40.0s.npy,pd_17-28_Daria_L,ipvs,syllable_repetition,1,train,40.0,0.0
data/processed/audio_10s/train/pd_17-28_Daria_L/FB1DLAARCII37F100220171125_w009_45.0s.wav,data/processed/features_10s/train/pd_17-28_Daria_L/FB1DLAARCII37F100220171125_w009_45.0s.npy,pd_17-28_Daria_L,ipvs,syllable_repetition,1,train,45.0,0.0
data/processed/audio_10s/train/pd_17-28_Daria_L/FB1DLAARCII37F100220171125_w010_50.0s.wav,data/processed/features_10s/train/pd_17-28_Daria_L/FB1DLAARCII37F100220171125_w010_50.0s.npy,pd_17-28_Daria_L,ipvs,syllable_repetition,1,train,50.0,0.0
data/processed/audio_10s/train/pd_17-28_Daria_L/FB1DLAARCII37F100220171125_w011_55.0s.wav,data/processed/features_10s/train/pd_17-28_Daria_L/FB1DLAARCII37F100220171125_w011_55.0s.npy,pd_17-28_Daria_L,ipvs,syllable_repetition,1,train,55.0,0.0
data/processed/audio_10s/train/pd_17-28_Daria_L/PR1DLAARCII37F100220171123_w000_0.0s.wav,data/processed/features_10s/train/pd_17-28_Daria_L/PR1DLAARCII37F100220171123_w000_0.0s.npy,pd_17-28_Daria_L,ipvs,reading_passage,1,train,0.0,0.0
data/processed/audio_10s/train/pd_17-28_Daria_L/PR1DLAARCII37F100220171123_w001_5.0s.wav,data/processed/features_10s/train/pd_17-28_Daria_L/PR1DLAARCII37F100220171123_w001_5.0s.npy,pd_17-28_Daria_L,ipvs,reading_passage,1,train,5.0,0.0
data/processed/audio_10s/train/pd_17-28_Daria_L/PR1DLAARCII37F100220171123_w002_10.0s.wav,data/processed/features_10s/train/pd_17-28_Daria_L/PR1DLAARCII37F100220171123_w002_10.0s.npy,pd_17-28_Daria_L,ipvs,reading_passage,1,train,10.0,0.0
data/processed/audio_10s/train/pd_17-28_Daria_L/PR1DLAARCII37F100220171123_w003_15.0s.wav,data/processed/features_10s/train/pd_17-28_Daria_L/PR1DLAARCII37F100220171123_w003_15.0s.npy,pd_17-28_Daria_L,ipvs,reading_passage,1,train,15.0,0.0
data/processed/audio_10s/train/pd_17-28_Daria_L/PR1DLAARCII37F100220171123_w004_20.0s.wav,data/processed/features_10s/train/pd_17-28_Daria_L/PR1DLAARCII37F100220171123_w004_20.0s.npy,pd_17-28_Daria_L,ipvs,reading_passage,1,train,20.0,0.0
data/processed/audio_10s/train/pd_17-28_Daria_L/PR1DLAARCII37F100220171123_w005_25.0s.wav,data/processed/features_10s/train/pd_17-28_Daria_L/PR1DLAARCII37F100220171123_w005_25.0s.npy,pd_17-28_Daria_L,ipvs,reading_passage,1,train,25.0,0.0
data/processed/audio_10s/train/pd_17-28_Daria_L/PR1DLAARCII37F100220171123_w006_30.0s.wav,data/processed/features_10s/train/pd_17-28_Daria_L/PR1DLAARCII37F100220171123_w006_30.0s.npy,pd_17-28_Daria_L,ipvs,reading_passage,1,train,30.0,0.0
data/processed/audio_10s/train/pd_17-28_Daria_L/PR1DLAARCII37F100220171123_w007_35.0s.wav,data/processed/features_10s/train/pd_17-28_Daria_L/PR1DLAARCII37F100220171123_w007_35.0s.npy,pd_17-28_Daria_L,ipvs,reading_passage,1,train,35.0,0.0
data/processed/audio_10s/train/pd_17-28_Daria_L/PR1DLAARCII37F100220171123_w008_40.0s.wav,data/processed/features_10s/train/pd_17-28_Daria_L/PR1DLAARCII37F100220171123_w008_40.0s.npy,pd_17-28_Daria_L,ipvs,reading_passage,1,train,40.0,0.0
data/processed/audio_10s/train/pd_17-28_Daria_L/PR1DLAARCII37F100220171123_w009_45.0s.wav,data/processed/features_10s/train/pd_17-28_Daria_L/PR1DLAARCII37F100220171123_w009_45.0s.npy,pd_17-28_Daria_L,ipvs,reading_passage,1,train,45.0,0.0
data/processed/audio_10s/train/pd_17-28_Daria_L/PR1DLAARCII37F100220171123_w010_50.0s.wav,data/processed/features_10s/train/pd_17-28_Daria_L/PR1DLAARCII37F100220171123_w010_50.0s.npy,pd_17-28_Daria_L,ipvs,reading_passage,1,train,50.0,0.0
data/processed/audio_10s/train/pd_17-28_Daria_L/PR1DLAARCII37F100220171123_w011_55.0s.wav,data/processed/features_10s/train/pd_17-28_Daria_L/PR1DLAARCII37F100220171123_w011_55.0s.npy,pd_17-28_Daria_L,ipvs,reading_passage,1,train,55.0,0.0
data/processed/audio_10s/train/pd_17-28_Daria_L/PR1DLAARCII37F100220171123_w012_60.0s.wav,data/processed/features_10s/train/pd_17-28_Daria_L/PR1DLAARCII37F100220171123_w012_60.0s.npy,pd_17-28_Daria_L,ipvs,reading_passage,1,train,60.0,0.0
data/processed/audio_10s/train/pd_17-28_Daria_L/PR1DLAARCII37F100220171123_w013_65.0s.wav,data/processed/features_10s/train/pd_17-28_Daria_L/PR1DLAARCII37F100220171123_w013_65.0s.npy,pd_17-28_Daria_L,ipvs,reading_passage,1,train,65.0,0.0
data/processed/audio_10s/train/pd_17-28_Daria_L/PR1DLAARCII37F100220171123_w014_70.0s.wav,data/processed/features_10s/train/pd_17-28_Daria_L/PR1DLAARCII37F100220171123_w014_70.0s.npy,pd_17-28_Daria_L,ipvs,reading_passage,1,train,70.0,0.0
data/processed/audio_10s/train/pd_17-28_Daria_L/PR1DLAARCII37F100220171123_w015_75.0s.wav,data/processed/features_10s/train/pd_17-28_Daria_L/PR1DLAARCII37F100220171123_w015_75.0s.npy,pd_17-28_Daria_L,ipvs,reading_passage,1,train,75.0,0.0
data/processed/audio_10s/train/pd_17-28_Daria_L/PR1DLAARCII37F100220171123_w016_80.0s.wav,data/processed/features_10s/train/pd_17-28_Daria_L/PR1DLAARCII37F100220171123_w016_80.0s.npy,pd_17-28_Daria_L,ipvs,reading_passage,1,train,80.0,0.0
data/processed/audio_10s/train/pd_17-28_Daria_L/PR1DLAARCII37F100220171123_w017_85.0s.wav,data/processed/features_10s/train/pd_17-28_Daria_L/PR1DLAARCII37F100220171123_w017_85.0s.npy,pd_17-28_Daria_L,ipvs,reading_passage,1,train,85.0,0.0
data/processed/audio_10s/train/pd_17-28_Daria_L/PR1DLAARCII37F100220171123_w018_90.0s.wav,data/processed/features_10s/train/pd_17-28_Daria_L/PR1DLAARCII37F100220171123_w018_90.0s.npy,pd_17-28_Daria_L,ipvs,reading_passage,1,train,90.0,0.0
data/processed/audio_10s/train/pd_17-28_Daria_L/VA1DLAARCII37F100220171114_w000_0.0s.wav,data/processed/features_10s/train/pd_17-28_Daria_L/VA1DLAARCII37F100220171114_w000_0.0s.npy,pd_17-28_Daria_L,ipvs,vowel_sustain,1,train,0.0,0.0
data/processed/audio_10s/train/pd_17-28_Daria_L/VE1DLAARCII37F100220171115_w000_0.0s.wav,data/processed/features_10s/train/pd_17-28_Daria_L/VE1DLAARCII37F100220171115_w000_0.0s.npy,pd_17-28_Daria_L,ipvs,vowel_sustain,1,train,0.0,0.1776
data/processed/audio_10s/train/pd_17-28_Daria_L/VO1DLAARCII37F100220171117_w000_0.0s.wav,data/processed/features_10s/train/pd_17-28_Daria_L/VO1DLAARCII37F100220171117_w000_0.0s.npy,pd_17-28_Daria_L,ipvs,vowel_sustain,1,train,0.0,0.1456
data/processed/audio_10s/train/pd_17-28_Daria_L/VU1DLAARCII37F100220171119_w000_0.0s.wav,data/processed/features_10s/train/pd_17-28_Daria_L/VU1DLAARCII37F100220171119_w000_0.0s.npy,pd_17-28_Daria_L,ipvs,vowel_sustain,1,train,0.0,0.0
data/processed/audio_10s/val/pd_17-28_Giovanni_M/B1GMIAOSVI44M100220170942_w000_0.0s.wav,data/processed/features_10s/val/pd_17-28_Giovanni_M/B1GMIAOSVI44M100220170942_w000_0.0s.npy,pd_17-28_Giovanni_M,ipvs,syllable_repetition,1,val,0.0,0.0
data/processed/audio_10s/val/pd_17-28_Giovanni_M/B1GMIAOSVI44M100220170942_w001_5.0s.wav,data/processed/features_10s/val/pd_17-28_Giovanni_M/B1GMIAOSVI44M100220170942_w001_5.0s.npy,pd_17-28_Giovanni_M,ipvs,syllable_repetition,1,val,5.0,0.0
data/processed/audio_10s/val/pd_17-28_Giovanni_M/B1GMIAOSVI44M100220170942_w002_10.0s.wav,data/processed/features_10s/val/pd_17-28_Giovanni_M/B1GMIAOSVI44M100220170942_w002_10.0s.npy,pd_17-28_Giovanni_M,ipvs,syllable_repetition,1,val,10.0,0.0
data/processed/audio_10s/val/pd_17-28_Giovanni_M/B1GMIAOSVI44M100220170942_w003_15.0s.wav,data/processed/features_10s/val/pd_17-28_Giovanni_M/B1GMIAOSVI44M100220170942_w003_15.0s.npy,pd_17-28_Giovanni_M,ipvs,syllable_repetition,1,val,15.0,0.0
data/processed/audio_10s/val/pd_17-28_Giovanni_M/B1GMIAOSVI44M100220170942_w004_20.0s.wav,data/processed/features_10s/val/pd_17-28_Giovanni_M/B1GMIAOSVI44M100220170942_w004_20.0s.npy,pd_17-28_Giovanni_M,ipvs,syllable_repetition,1,val,20.0,0.0
data/processed/audio_10s/val/pd_17-28_Giovanni_M/B1GMIAOSVI44M100220170942_w005_25.0s.wav,data/processed/features_10s/val/pd_17-28_Giovanni_M/B1GMIAOSVI44M100220170942_w005_25.0s.npy,pd_17-28_Giovanni_M,ipvs,syllable_repetition,1,val,25.0,0.0
data/processed/audio_10s/val/pd_17-28_Giovanni_M/B1GMIAOSVI44M100220170942_w006_30.0s.wav,data/processed/features_10s/val/pd_17-28_Giovanni_M/B1GMIAOSVI44M100220170942_w006_30.0s.npy,pd_17-28_Giovanni_M,ipvs,syllable_repetition,1,val,30.0,0.0
data/processed/audio_10s/val/pd_17-28_Giovanni_M/B1GMIAOSVI44M100220170942_w007_35.0s.wav,data/processed/features_10s/val/pd_17-28_Giovanni_M/B1GMIAOSVI44M100220170942_w007_35.0s.npy,pd_17-28_Giovanni_M,ipvs,syllable_repetition,1,val,35.0,0.0
data/processed/audio_10s/val/pd_17-28_Giovanni_M/B1GMIAOSVI44M100220170942_w008_40.0s.wav,data/processed/features_10s/val/pd_17-28_Giovanni_M/B1GMIAOSVI44M100220170942_w008_40.0s.npy,pd_17-28_Giovanni_M,ipvs,syllable_repetition,1,val,40.0,0.0
data/processed/audio_10s/val/pd_17-28_Giovanni_M/B1GMIAOSVI44M100220170942_w009_45.0s.wav,data/processed/features_10s/val/pd_17-28_Giovanni_M/B1GMIAOSVI44M100220170942_w009_45.0s.npy,pd_17-28_Giovanni_M,ipvs,syllable_repetition,1,val,45.0,0.0
data/processed/audio_10s/val/pd_17-28_Giovanni_M/B1GMIAOSVI44M100220170942_w010_50.0s.wav,data/processed/features_10s/val/pd_17-28_Giovanni_M/B1GMIAOSVI44M100220170942_w010_50.0s.npy,pd_17-28_Giovanni_M,ipvs,syllable_repetition,1,val,50.0,0.0
data/processed/audio_10s/val/pd_17-28_Giovanni_M/B1GMIAOSVI44M100220170942_w011_55.0s.wav,data/processed/features_10s/val/pd_17-28_Giovanni_M/B1GMIAOSVI44M100220170942_w011_55.0s.npy,pd_17-28_Giovanni_M,ipvs,syllable_repetition,1,val,55.0,0.0
data/processed/audio_10s/val/pd_17-28_Giovanni_M/B2GMIAOSVI44M100220170944_w000_0.0s.wav,data/processed/features_10s/val/pd_17-28_Giovanni_M/B2GMIAOSVI44M100220170944_w000_0.0s.npy,pd_17-28_Giovanni_M,ipvs,syllable_repetition,1,val,0.0,0.0
data/processed/audio_10s/val/pd_17-28_Giovanni_M/B2GMIAOSVI44M100220170944_w001_5.0s.wav,data/processed/features_10s/val/pd_17-28_Giovanni_M/B2GMIAOSVI44M100220170944_w001_5.0s.npy,pd_17-28_Giovanni_M,ipvs,syllable_repetition,1,val,5.0,0.0
data/processed/audio_10s/val/pd_17-28_Giovanni_M/B2GMIAOSVI44M100220170944_w002_10.0s.wav,data/processed/features_10s/val/pd_17-28_Giovanni_M/B2GMIAOSVI44M100220170944_w002_10.0s.npy,pd_17-28_Giovanni_M,ipvs,syllable_repetition,1,val,10.0,0.0
data/processed/audio_10s/val/pd_17-28_Giovanni_M/B2GMIAOSVI44M100220170944_w003_15.0s.wav,data/processed/features_10s/val/pd_17-28_Giovanni_M/B2GMIAOSVI44M100220170944_w003_15.0s.npy,pd_17-28_Giovanni_M,ipvs,syllable_repetition,1,val,15.0,0.0
data/processed/audio_10s/val/pd_17-28_Giovanni_M/B2GMIAOSVI44M100220170944_w004_20.0s.wav,data/processed/features_10s/val/pd_17-28_Giovanni_M/B2GMIAOSVI44M100220170944_w004_20.0s.npy,pd_17-28_Giovanni_M,ipvs,syllable_repetition,1,val,20.0,0.0
data/processed/audio_10s/val/pd_17-28_Giovanni_M/B2GMIAOSVI44M100220170944_w005_25.0s.wav,data/processed/features_10s/val/pd_17-28_Giovanni_M/B2GMIAOSVI44M100220170944_w005_25.0s.npy,pd_17-28_Giovanni_M,ipvs,syllable_repetition,1,val,25.0,0.0
data/processed/audio_10s/val/pd_17-28_Giovanni_M/B2GMIAOSVI44M100220170944_w006_30.0s.wav,data/processed/features_10s/val/pd_17-28_Giovanni_M/B2GMIAOSVI44M100220170944_w006_30.0s.npy,pd_17-28_Giovanni_M,ipvs,syllable_repetition,1,val,30.0,0.0
data/processed/audio_10s/val/pd_17-28_Giovanni_M/B2GMIAOSVI44M100220170944_w007_35.0s.wav,data/processed/features_10s/val/pd_17-28_Giovanni_M/B2GMIAOSVI44M100220170944_w007_35.0s.npy,pd_17-28_Giovanni_M,ipvs,syllable_repetition,1,val,35.0,0.0
data/processed/audio_10s/val/pd_17-28_Giovanni_M/B2GMIAOSVI44M100220170944_w008_40.0s.wav,data/processed/features_10s/val/pd_17-28_Giovanni_M/B2GMIAOSVI44M100220170944_w008_40.0s.npy,pd_17-28_Giovanni_M,ipvs,syllable_repetition,1,val,40.0,0.0
data/processed/audio_10s/val/pd_17-28_Giovanni_M/B2GMIAOSVI44M100220170944_w009_45.0s.wav,data/processed/features_10s/val/pd_17-28_Giovanni_M/B2GMIAOSVI44M100220170944_w009_45.0s.npy,pd_17-28_Giovanni_M,ipvs,syllable_repetition,1,val,45.0,0.0
data/processed/audio_10s/val/pd_17-28_Giovanni_M/B2GMIAOSVI44M100220170944_w010_50.0s.wav,data/processed/features_10s/val/pd_17-28_Giovanni_M/B2GMIAOSVI44M100220170944_w010_50.0s.npy,pd_17-28_Giovanni_M,ipvs,syllable_repetition,1,val,50.0,0.0
data/processed/audio_10s/val/pd_17-28_Giovanni_M/B2GMIAOSVI44M100220170944_w011_55.0s.wav,data/processed/features_10s/val/pd_17-28_Giovanni_M/B2GMIAOSVI44M100220170944_w011_55.0s.npy,pd_17-28_Giovanni_M,ipvs,syllable_repetition,1,val,55.0,0.0
data/processed/audio_10s/val/pd_17-28_Giovanni_M/FB1GMIAOSVI44M100220170952_w000_0.0s.wav,data/processed/features_10s/val/pd_17-28_Giovanni_M/FB1GMIAOSVI44M100220170952_w000_0.0s.npy,pd_17-28_Giovanni_M,ipvs,syllable_repetition,1,val,0.0,0.0
data/processed/audio_10s/val/pd_17-28_Giovanni_M/FB1GMIAOSVI44M100220170952_w001_5.0s.wav,data/processed/features_10s/val/pd_17-28_Giovanni_M/FB1GMIAOSVI44M100220170952_w001_5.0s.npy,pd_17-28_Giovanni_M,ipvs,syllable_repetition,1,val,5.0,0.0
data/processed/audio_10s/val/pd_17-28_Giovanni_M/FB1GMIAOSVI44M100220170952_w002_10.0s.wav,data/processed/features_10s/val/pd_17-28_Giovanni_M/FB1GMIAOSVI44M100220170952_w002_10.0s.npy,pd_17-28_Giovanni_M,ipvs,syllable_repetition,1,val,10.0,0.0
data/processed/audio_10s/val/pd_17-28_Giovanni_M/FB1GMIAOSVI44M100220170952_w003_15.0s.wav,data/processed/features_10s/val/pd_17-28_Giovanni_M/FB1GMIAOSVI44M100220170952_w003_15.0s.npy,pd_17-28_Giovanni_M,ipvs,syllable_repetition,1,val,15.0,0.0
data/processed/audio_10s/val/pd_17-28_Giovanni_M/FB1GMIAOSVI44M100220170952_w004_20.0s.wav,data/processed/features_10s/val/pd_17-28_Giovanni_M/FB1GMIAOSVI44M100220170952_w004_20.0s.npy,pd_17-28_Giovanni_M,ipvs,syllable_repetition,1,val,20.0,0.0
data/processed/audio_10s/val/pd_17-28_Giovanni_M/PR1GMIAOSVI44M100220170951_w000_0.0s.wav,data/processed/features_10s/val/pd_17-28_Giovanni_M/PR1GMIAOSVI44M100220170951_w000_0.0s.npy,pd_17-28_Giovanni_M,ipvs,reading_passage,1,val,0.0,0.0
data/processed/audio_10s/val/pd_17-28_Giovanni_M/PR1GMIAOSVI44M100220170951_w001_5.0s.wav,data/processed/features_10s/val/pd_17-28_Giovanni_M/PR1GMIAOSVI44M100220170951_w001_5.0s.npy,pd_17-28_Giovanni_M,ipvs,reading_passage,1,val,5.0,0.0
data/processed/audio_10s/val/pd_17-28_Giovanni_M/PR1GMIAOSVI44M100220170951_w002_10.0s.wav,data/processed/features_10s/val/pd_17-28_Giovanni_M/PR1GMIAOSVI44M100220170951_w002_10.0s.npy,pd_17-28_Giovanni_M,ipvs,reading_passage,1,val,10.0,0.0
data/processed/audio_10s/val/pd_17-28_Giovanni_M/PR1GMIAOSVI44M100220170951_w003_15.0s.wav,data/processed/features_10s/val/pd_17-28_Giovanni_M/PR1GMIAOSVI44M100220170951_w003_15.0s.npy,pd_17-28_Giovanni_M,ipvs,reading_passage,1,val,15.0,0.0
data/processed/audio_10s/val/pd_17-28_Giovanni_M/PR1GMIAOSVI44M100220170951_w004_20.0s.wav,data/processed/features_10s/val/pd_17-28_Giovanni_M/PR1GMIAOSVI44M100220170951_w004_20.0s.npy,pd_17-28_Giovanni_M,ipvs,reading_passage,1,val,20.0,0.0
data/processed/audio_10s/val/pd_17-28_Giovanni_M/PR1GMIAOSVI44M100220170951_w005_25.0s.wav,data/processed/features_10s/val/pd_17-28_Giovanni_M/PR1GMIAOSVI44M100220170951_w005_25.0s.npy,pd_17-28_Giovanni_M,ipvs,reading_passage,1,val,25.0,0.0
data/processed/audio_10s/val/pd_17-28_Giovanni_M/PR1GMIAOSVI44M100220170951_w006_30.0s.wav,data/processed/features_10s/val/pd_17-28_Giovanni_M/PR1GMIAOSVI44M100220170951_w006_30.0s.npy,pd_17-28_Giovanni_M,ipvs,reading_passage,1,val,30.0,0.0
data/processed/audio_10s/val/pd_17-28_Giovanni_M/PR1GMIAOSVI44M100220170951_w007_35.0s.wav,data/processed/features_10s/val/pd_17-28_Giovanni_M/PR1GMIAOSVI44M100220170951_w007_35.0s.npy,pd_17-28_Giovanni_M,ipvs,reading_passage,1,val,35.0,0.0
data/processed/audio_10s/val/pd_17-28_Giovanni_M/PR1GMIAOSVI44M100220170951_w008_40.0s.wav,data/processed/features_10s/val/pd_17-28_Giovanni_M/PR1GMIAOSVI44M100220170951_w008_40.0s.npy,pd_17-28_Giovanni_M,ipvs,reading_passage,1,val,40.0,0.0
data/processed/audio_10s/val/pd_17-28_Giovanni_M/VE1GMIAOSVI44M100220170947_w000_0.0s.wav,data/processed/features_10s/val/pd_17-28_Giovanni_M/VE1GMIAOSVI44M100220170947_w000_0.0s.npy,pd_17-28_Giovanni_M,ipvs,vowel_sustain,1,val,0.0,0.1328
data/processed/audio_10s/val/pd_17-28_Giovanni_M/VI1GMIAOSVI44M100220170948_w000_0.0s.wav,data/processed/features_10s/val/pd_17-28_Giovanni_M/VI1GMIAOSVI44M100220170948_w000_0.0s.npy,pd_17-28_Giovanni_M,ipvs,vowel_sustain,1,val,0.0,0.0912
data/processed/audio_10s/val/pd_17-28_Giovanni_M/VO1GMIAOSVI44M100220170948_w000_0.0s.wav,data/processed/features_10s/val/pd_17-28_Giovanni_M/VO1GMIAOSVI44M100220170948_w000_0.0s.npy,pd_17-28_Giovanni_M,ipvs,vowel_sustain,1,val,0.0,0.0592
data/processed/audio_10s/train/pd_17-28_Giovanni_N/B1GNIEOGVL47M100220171213_w000_0.0s.wav,data/processed/features_10s/train/pd_17-28_Giovanni_N/B1GNIEOGVL47M100220171213_w000_0.0s.npy,pd_17-28_Giovanni_N,ipvs,syllable_repetition,1,train,0.0,0.0
data/processed/audio_10s/train/pd_17-28_Giovanni_N/B1GNIEOGVL47M100220171213_w001_5.0s.wav,data/processed/features_10s/train/pd_17-28_Giovanni_N/B1GNIEOGVL47M100220171213_w001_5.0s.npy,pd_17-28_Giovanni_N,ipvs,syllable_repetition,1,train,5.0,0.0
data/processed/audio_10s/train/pd_17-28_Giovanni_N/B1GNIEOGVL47M100220171213_w002_10.0s.wav,data/processed/features_10s/train/pd_17-28_Giovanni_N/B1GNIEOGVL47M100220171213_w002_10.0s.npy,pd_17-28_Giovanni_N,ipvs,syllable_repetition,1,train,10.0,0.0
data/processed/audio_10s/train/pd_17-28_Giovanni_N/B1GNIEOGVL47M100220171213_w003_15.0s.wav,data/processed/features_10s/train/pd_17-28_Giovanni_N/B1GNIEOGVL47M100220171213_w003_15.0s.npy,pd_17-28_Giovanni_N,ipvs,syllable_repetition,1,train,15.0,0.0
data/processed/audio_10s/train/pd_17-28_Giovanni_N/B1GNIEOGVL47M100220171213_w004_20.0s.wav,data/processed/features_10s/train/pd_17-28_Giovanni_N/B1GNIEOGVL47M100220171213_w004_20.0s.npy,pd_17-28_Giovanni_N,ipvs,syllable_repetition,1,train,20.0,0.0
data/processed/audio_10s/train/pd_17-28_Giovanni_N/B1GNIEOGVL47M100220171213_w005_25.0s.wav,data/processed/features_10s/train/pd_17-28_Giovanni_N/B1GNIEOGVL47M100220171213_w005_25.0s.npy,pd_17-28_Giovanni_N,ipvs,syllable_repetition,1,train,25.0,0.0
data/processed/audio_10s/train/pd_17-28_Giovanni_N/B1GNIEOGVL47M100220171213_w006_30.0s.wav,data/processed/features_10s/train/pd_17-28_Giovanni_N/B1GNIEOGVL47M100220171213_w006_30.0s.npy,pd_17-28_Giovanni_N,ipvs,syllable_repetition,1,train,30.0,0.0
data/processed/audio_10s/train/pd_17-28_Giovanni_N/B1GNIEOGVL47M100220171213_w007_35.0s.wav,data/processed/features_10s/train/pd_17-28_Giovanni_N/B1GNIEOGVL47M100220171213_w007_35.0s.npy,pd_17-28_Giovanni_N,ipvs,syllable_repetition,1,train,35.0,0.0
data/processed/audio_10s/train/pd_17-28_Giovanni_N/B1GNIEOGVL47M100220171213_w008_40.0s.wav,data/processed/features_10s/train/pd_17-28_Giovanni_N/B1GNIEOGVL47M100220171213_w008_40.0s.npy,pd_17-28_Giovanni_N,ipvs,syllable_repetition,1,train,40.0,0.0
data/processed/audio_10s/train/pd_17-28_Giovanni_N/B1GNIEOGVL47M100220171213_w009_45.0s.wav,data/processed/features_10s/train/pd_17-28_Giovanni_N/B1GNIEOGVL47M100220171213_w009_45.0s.npy,pd_17-28_Giovanni_N,ipvs,syllable_repetition,1,train,45.0,0.0
data/processed/audio_10s/train/pd_17-28_Giovanni_N/B1GNIEOGVL47M100220171213_w010_50.0s.wav,data/processed/features_10s/train/pd_17-28_Giovanni_N/B1GNIEOGVL47M100220171213_w010_50.0s.npy,pd_17-28_Giovanni_N,ipvs,syllable_repetition,1,train,50.0,0.0
data/processed/audio_10s/train/pd_17-28_Giovanni_N/B1GNIEOGVL47M100220171213_w011_55.0s.wav,data/processed/features_10s/train/pd_17-28_Giovanni_N/B1GNIEOGVL47M100220171213_w011_55.0s.npy,pd_17-28_Giovanni_N,ipvs,syllable_repetition,1,train,55.0,0.0
data/processed/audio_10s/train/pd_17-28_Giovanni_N/B2GNIEOGVL47M100220171214_w000_0.0s.wav,data/processed/features_10s/train/pd_17-28_Giovanni_N/B2GNIEOGVL47M100220171214_w000_0.0s.npy,pd_17-28_Giovanni_N,ipvs,syllable_repetition,1,train,0.0,0.0
data/processed/audio_10s/train/pd_17-28_Giovanni_N/B2GNIEOGVL47M100220171214_w001_5.0s.wav,data/processed/features_10s/train/pd_17-28_Giovanni_N/B2GNIEOGVL47M100220171214_w001_5.0s.npy,pd_17-28_Giovanni_N,ipvs,syllable_repetition,1,train,5.0,0.0
data/processed/audio_10s/train/pd_17-28_Giovanni_N/B2GNIEOGVL47M100220171214_w002_10.0s.wav,data/processed/features_10s/train/pd_17-28_Giovanni_N/B2GNIEOGVL47M100220171214_w002_10.0s.npy,pd_17-28_Giovanni_N,ipvs,syllable_repetition,1,train,10.0,0.0
data/processed/audio_10s/train/pd_17-28_Giovanni_N/B2GNIEOGVL47M100220171214_w003_15.0s.wav,data/processed/features_10s/train/pd_17-28_Giovanni_N/B2GNIEOGVL47M100220171214_w003_15.0s.npy,pd_17-28_Giovanni_N,ipvs,syllable_repetition,1,train,15.0,0.0
data/processed/audio_10s/train/pd_17-28_Giovanni_N/B2GNIEOGVL47M100220171214_w004_20.0s.wav,data/processed/features_10s/train/pd_17-28_Giovanni_N/B2GNIEOGVL47M100220171214_w004_20.0s.npy,pd_17-28_Giovanni_N,ipvs,syllable_repetition,1,train,20.0,0.0
data/processed/audio_10s/train/pd_17-28_Giovanni_N/B2GNIEOGVL47M100220171214_w005_25.0s.wav,data/processed/features_10s/train/pd_17-28_Giovanni_N/B2GNIEOGVL47M100220171214_w005_25.0s.npy,pd_17-28_Giovanni_N,ipvs,syllable_repetition,1,train,25.0,0.0
data/processed/audio_10s/train/pd_17-28_Giovanni_N/B2GNIEOGVL47M100220171214_w006_30.0s.wav,data/processed/features_10s/train/pd_17-28_Giovanni_N/B2GNIEOGVL47M100220171214_w006_30.0s.npy,pd_17-28_Giovanni_N,ipvs,syllable_repetition,1,train,30.0,0.0
data/processed/audio_10s/train/pd_17-28_Giovanni_N/B2GNIEOGVL47M100220171214_w007_35.0s.wav,data/processed/features_10s/train/pd_17-28_Giovanni_N/B2GNIEOGVL47M100220171214_w007_35.0s.npy,pd_17-28_Giovanni_N,ipvs,syllable_repetition,1,train,35.0,0.0
data/processed/audio_10s/train/pd_17-28_Giovanni_N/B2GNIEOGVL47M100220171214_w008_40.0s.wav,data/processed/features_10s/train/pd_17-28_Giovanni_N/B2GNIEOGVL47M100220171214_w008_40.0s.npy,pd_17-28_Giovanni_N,ipvs,syllable_repetition,1,train,40.0,0.0
data/processed/audio_10s/train/pd_17-28_Giovanni_N/B2GNIEOGVL47M100220171214_w009_45.0s.wav,data/processed/features_10s/train/pd_17-28_Giovanni_N/B2GNIEOGVL47M100220171214_w009_45.0s.npy,pd_17-28_Giovanni_N,ipvs,syllable_repetition,1,train,45.0,0.0
data/processed/audio_10s/train/pd_17-28_Giovanni_N/B2GNIEOGVL47M100220171214_w010_50.0s.wav,data/processed/features_10s/train/pd_17-28_Giovanni_N/B2GNIEOGVL47M100220171214_w010_50.0s.npy,pd_17-28_Giovanni_N,ipvs,syllable_repetition,1,train,50.0,0.0
data/processed/audio_10s/train/pd_17-28_Giovanni_N/FB1GNIEOGVL47M100220171227_w000_0.0s.wav,data/processed/features_10s/train/pd_17-28_Giovanni_N/FB1GNIEOGVL47M100220171227_w000_0.0s.npy,pd_17-28_Giovanni_N,ipvs,syllable_repetition,1,train,0.0,0.0
data/processed/audio_10s/train/pd_17-28_Giovanni_N/FB1GNIEOGVL47M100220171227_w001_5.0s.wav,data/processed/features_10s/train/pd_17-28_Giovanni_N/FB1GNIEOGVL47M100220171227_w001_5.0s.npy,pd_17-28_Giovanni_N,ipvs,syllable_repetition,1,train,5.0,0.0
data/processed/audio_10s/train/pd_17-28_Giovanni_N/FB1GNIEOGVL47M100220171227_w002_10.0s.wav,data/processed/features_10s/train/pd_17-28_Giovanni_N/FB1GNIEOGVL47M100220171227_w002_10.0s.npy,pd_17-28_Giovanni_N,ipvs,syllable_repetition,1,train,10.0,0.0
data/processed/audio_10s/train/pd_17-28_Giovanni_N/FB1GNIEOGVL47M100220171227_w003_15.0s.wav,data/processed/features_10s/train/pd_17-28_Giovanni_N/FB1GNIEOGVL47M100220171227_w003_15.0s.npy,pd_17-28_Giovanni_N,ipvs,syllable_repetition,1,train,15.0,0.0
data/processed/audio_10s/train/pd_17-28_Giovanni_N/PR1GNIEOGVL47M100220171226_w000_0.0s.wav,data/processed/features_10s/train/pd_17-28_Giovanni_N/PR1GNIEOGVL47M100220171226_w000_0.0s.npy,pd_17-28_Giovanni_N,ipvs,reading_passage,1,train,0.0,0.0
data/processed/audio_10s/train/pd_17-28_Giovanni_N/PR1GNIEOGVL47M100220171226_w001_5.0s.wav,data/processed/features_10s/train/pd_17-28_Giovanni_N/PR1GNIEOGVL47M100220171226_w001_5.0s.npy,pd_17-28_Giovanni_N,ipvs,reading_passage,1,train,5.0,0.0
data/processed/audio_10s/train/pd_17-28_Giovanni_N/PR1GNIEOGVL47M100220171226_w002_10.0s.wav,data/processed/features_10s/train/pd_17-28_Giovanni_N/PR1GNIEOGVL47M100220171226_w002_10.0s.npy,pd_17-28_Giovanni_N,ipvs,reading_passage,1,train,10.0,0.0
data/processed/audio_10s/train/pd_17-28_Giovanni_N/PR1GNIEOGVL47M100220171226_w003_15.0s.wav,data/processed/features_10s/train/pd_17-28_Giovanni_N/PR1GNIEOGVL47M100220171226_w003_15.0s.npy,pd_17-28_Giovanni_N,ipvs,reading_passage,1,train,15.0,0.0
data/processed/audio_10s/train/pd_17-28_Giovanni_N/PR1GNIEOGVL47M100220171226_w004_20.0s.wav,data/processed/features_10s/train/pd_17-28_Giovanni_N/PR1GNIEOGVL47M100220171226_w004_20.0s.npy,pd_17-28_Giovanni_N,ipvs,reading_passage,1,train,20.0,0.0
data/processed/audio_10s/train/pd_17-28_Giovanni_N/PR1GNIEOGVL47M100220171226_w005_25.0s.wav,data/processed/features_10s/train/pd_17-28_Giovanni_N/PR1GNIEOGVL47M100220171226_w005_25.0s.npy,pd_17-28_Giovanni_N,ipvs,reading_passage,1,train,25.0,0.0
data/processed/audio_10s/train/pd_17-28_Giovanni_N/PR1GNIEOGVL47M100220171226_w006_30.0s.wav,data/processed/features_10s/train/pd_17-28_Giovanni_N/PR1GNIEOGVL47M100220171226_w006_30.0s.npy,pd_17-28_Giovanni_N,ipvs,reading_passage,1,train,30.0,0.0
data/processed/audio_10s/train/pd_17-28_Giovanni_N/PR1GNIEOGVL47M100220171226_w007_35.0s.wav,data/processed/features_10s/train/pd_17-28_Giovanni_N/PR1GNIEOGVL47M100220171226_w007_35.0s.npy,pd_17-28_Giovanni_N,ipvs,reading_passage,1,train,35.0,0.0
data/processed/audio_10s/train/pd_17-28_Giovanni_N/VA1GNIEOGVL47M100220171216_w000_0.0s.wav,data/processed/features_10s/train/pd_17-28_Giovanni_N/VA1GNIEOGVL47M100220171216_w000_0.0s.npy,pd_17-28_Giovanni_N,ipvs,vowel_sustain,1,train,0.0,0.0
data/processed/audio_10s/train/pd_17-28_Giovanni_N/VA1GNIEOGVL47M100220171216_w001_5.0s.wav,data/processed/features_10s/train/pd_17-28_Giovanni_N/VA1GNIEOGVL47M100220171216_w001_5.0s.npy,pd_17-28_Giovanni_N,ipvs,vowel_sustain,1,train,5.0,0.0
data/processed/audio_10s/train/pd_17-28_Giovanni_N/VE1GNIEOGVL47M100220171217_w000_0.0s.wav,data/processed/features_10s/train/pd_17-28_Giovanni_N/VE1GNIEOGVL47M100220171217_w000_0.0s.npy,pd_17-28_Giovanni_N,ipvs,vowel_sustain,1,train,0.0,0.0
data/processed/audio_10s/train/pd_17-28_Giovanni_N/VE1GNIEOGVL47M100220171217_w001_5.0s.wav,data/processed/features_10s/train/pd_17-28_Giovanni_N/VE1GNIEOGVL47M100220171217_w001_5.0s.npy,pd_17-28_Giovanni_N,ipvs,vowel_sustain,1,train,5.0,0.0
data/processed/audio_10s/train/pd_17-28_Giovanni_N/VI1GNIEOGVL47M100220171218_w000_0.0s.wav,data/processed/features_10s/train/pd_17-28_Giovanni_N/VI1GNIEOGVL47M100220171218_w000_0.0s.npy,pd_17-28_Giovanni_N,ipvs,vowel_sustain,1,train,0.0,0.0
data/processed/audio_10s/train/pd_17-28_Giovanni_N/VI1GNIEOGVL47M100220171218_w001_5.0s.wav,data/processed/features_10s/train/pd_17-28_Giovanni_N/VI1GNIEOGVL47M100220171218_w001_5.0s.npy,pd_17-28_Giovanni_N,ipvs,vowel_sustain,1,train,5.0,0.0
data/processed/audio_10s/train/pd_17-28_Giovanni_N/VO1GNIEOGVL47M100220171223_w000_0.0s.wav,data/processed/features_10s/train/pd_17-28_Giovanni_N/VO1GNIEOGVL47M100220171223_w000_0.0s.npy,pd_17-28_Giovanni_N,ipvs,vowel_sustain,1,train,0.0,0.0
data/processed/audio_10s/train/pd_17-28_Giovanni_N/VO1GNIEOGVL47M100220171223_w001_5.0s.wav,data/processed/features_10s/train/pd_17-28_Giovanni_N/VO1GNIEOGVL47M100220171223_w001_5.0s.npy,pd_17-28_Giovanni_N,ipvs,vowel_sustain,1,train,5.0,0.0
data/processed/audio_10s/train/pd_17-28_Giovanni_N/VU1GNIEOGVL47M100220171224_w000_0.0s.wav,data/processed/features_10s/train/pd_17-28_Giovanni_N/VU1GNIEOGVL47M100220171224_w000_0.0s.npy,pd_17-28_Giovanni_N,ipvs,vowel_sustain,1,train,0.0,0.0
data/processed/audio_10s/train/pd_17-28_Giulia_L/B1GLIAUDLO50F100220171257_w000_0.0s.wav,data/processed/features_10s/train/pd_17-28_Giulia_L/B1GLIAUDLO50F100220171257_w000_0.0s.npy,pd_17-28_Giulia_L,ipvs,syllable_repetition,1,train,0.0,0.0
data/processed/audio_10s/train/pd_17-28_Giulia_L/B1GLIAUDLO50F100220171257_w001_5.0s.wav,data/processed/features_10s/train/pd_17-28_Giulia_L/B1GLIAUDLO50F100220171257_w001_5.0s.npy,pd_17-28_Giulia_L,ipvs,syllable_repetition,1,train,5.0,0.0
data/processed/audio_10s/train/pd_17-28_Giulia_L/B1GLIAUDLO50F100220171257_w002_10.0s.wav,data/processed/features_10s/train/pd_17-28_Giulia_L/B1GLIAUDLO50F100220171257_w002_10.0s.npy,pd_17-28_Giulia_L,ipvs,syllable_repetition,1,train,10.0,0.0
data/processed/audio_10s/train/pd_17-28_Giulia_L/B1GLIAUDLO50F100220171257_w003_15.0s.wav,data/processed/features_10s/train/pd_17-28_Giulia_L/B1GLIAUDLO50F100220171257_w003_15.0s.npy,pd_17-28_Giulia_L,ipvs,syllable_repetition,1,train,15.0,0.0
data/processed/audio_10s/train/pd_17-28_Giulia_L/B1GLIAUDLO50F100220171257_w004_20.0s.wav,data/processed/features_10s/train/pd_17-28_Giulia_L/B1GLIAUDLO50F100220171257_w004_20.0s.npy,pd_17-28_Giulia_L,ipvs,syllable_repetition,1,train,20.0,0.0
data/processed/audio_10s/train/pd_17-28_Giulia_L/B1GLIAUDLO50F100220171257_w005_25.0s.wav,data/processed/features_10s/train/pd_17-28_Giulia_L/B1GLIAUDLO50F100220171257_w005_25.0s.npy,pd_17-28_Giulia_L,ipvs,syllable_repetition,1,train,25.0,0.0
data/processed/audio_10s/train/pd_17-28_Giulia_L/B1GLIAUDLO50F100220171257_w006_30.0s.wav,data/processed/features_10s/train/pd_17-28_Giulia_L/B1GLIAUDLO50F100220171257_w006_30.0s.npy,pd_17-28_Giulia_L,ipvs,syllable_repetition,1,train,30.0,0.0
data/processed/audio_10s/train/pd_17-28_Giulia_L/B1GLIAUDLO50F100220171257_w007_35.0s.wav,data/processed/features_10s/train/pd_17-28_Giulia_L/B1GLIAUDLO50F100220171257_w007_35.0s.npy,pd_17-28_Giulia_L,ipvs,syllable_repetition,1,train,35.0,0.0
data/processed/audio_10s/train/pd_17-28_Giulia_L/B1GLIAUDLO50F100220171257_w008_40.0s.wav,data/processed/features_10s/train/pd_17-28_Giulia_L/B1GLIAUDLO50F100220171257_w008_40.0s.npy,pd_17-28_Giulia_L,ipvs,syllable_repetition,1,train,40.0,0.0
data/processed/audio_10s/train/pd_17-28_Giulia_L/B1GLIAUDLO50F100220171257_w009_45.0s.wav,data/processed/features_10s/train/pd_17-28_Giulia_L/B1GLIAUDLO50F100220171257_w009_45.0s.npy,pd_17-28_Giulia_L,ipvs,syllable_repetition,1,train,45.0,0.0
data/processed/audio_10s/train/pd_17-28_Giulia_L/B1GLIAUDLO50F100220171257_w010_50.0s.wav,data/processed/features_10s/train/pd_17-28_Giulia_L/B1GLIAUDLO50F100220171257_w010_50.0s.npy,pd_17-28_Giulia_L,ipvs,syllable_repetition,1,train,50.0,0.0
data/processed/audio_10s/train/pd_17-28_Giulia_L/B1GLIAUDLO50F100220171257_w011_55.0s.wav,data/processed/features_10s/train/pd_17-28_Giulia_L/B1GLIAUDLO50F100220171257_w011_55.0s.npy,pd_17-28_Giulia_L,ipvs,syllable_repetition,1,train,55.0,0.0
data/processed/audio_10s/train/pd_17-28_Giulia_L/B1GLIAUDLO50F100220171257_w012_60.0s.wav,data/processed/features_10s/train/pd_17-28_Giulia_L/B1GLIAUDLO50F100220171257_w012_60.0s.npy,pd_17-28_Giulia_L,ipvs,syllable_repetition,1,train,60.0,0.0
data/processed/audio_10s/train/pd_17-28_Giulia_L/B1GLIAUDLO50F100220171257_w013_65.0s.wav,data/processed/features_10s/train/pd_17-28_Giulia_L/B1GLIAUDLO50F100220171257_w013_65.0s.npy,pd_17-28_Giulia_L,ipvs,syllable_repetition,1,train,65.0,0.0
data/processed/audio_10s/train/pd_17-28_Giulia_L/B1GLIAUDLO50F100220171257_w014_70.0s.wav,data/processed/features_10s/train/pd_17-28_Giulia_L/B1GLIAUDLO50F100220171257_w014_70.0s.npy,pd_17-28_Giulia_L,ipvs,syllable_repetition,1,train,70.0,0.0
data/processed/audio_10s/train/pd_17-28_Giulia_L/B2GLIAUDLO50F100220171259_w000_0.0s.wav,data/processed/features_10s/train/pd_17-28_Giulia_L/B2GLIAUDLO50F100220171259_w000_0.0s.npy,pd_17-28_Giulia_L,ipvs,syllable_repetition,1,train,0.0,0.0
data/processed/audio_10s/train/pd_17-28_Giulia_L/B2GLIAUDLO50F100220171259_w001_5.0s.wav,data/processed/features_10s/train/pd_17-28_Giulia_L/B2GLIAUDLO50F100220171259_w001_5.0s.npy,pd_17-28_Giulia_L,ipvs,syllable_repetition,1,train,5.0,0.0
data/processed/audio_10s/train/pd_17-28_Giulia_L/B2GLIAUDLO50F100220171259_w002_10.0s.wav,data/processed/features_10s/train/pd_17-28_Giulia_L/B2GLIAUDLO50F100220171259_w002_10.0s.npy,pd_17-28_Giulia_L,ipvs,syllable_repetition,1,train,10.0,0.0
data/processed/audio_10s/train/pd_17-28_Giulia_L/B2GLIAUDLO50F100220171259_w003_15.0s.wav,data/processed/features_10s/train/pd_17-28_Giulia_L/B2GLIAUDLO50F100220171259_w003_15.0s.npy,pd_17-28_Giulia_L,ipvs,syllable_repetition,1,train,15.0,0.0
data/processed/audio_10s/train/pd_17-28_Giulia_L/B2GLIAUDLO50F100220171259_w004_20.0s.wav,data/processed/features_10s/train/pd_17-28_Giulia_L/B2GLIAUDLO50F100220171259_w004_20.0s.npy,pd_17-28_Giulia_L,ipvs,syllable_repetition,1,train,20.0,0.0
data/processed/audio_10s/train/pd_17-28_Giulia_L/B2GLIAUDLO50F100220171259_w005_25.0s.wav,data/processed/features_10s/train/pd_17-28_Giulia_L/B2GLIAUDLO50F100220171259_w005_25.0s.npy,pd_17-28_Giulia_L,ipvs,syllable_repetition,1,train,25.0,0.0
data/processed/audio_10s/train/pd_17-28_Giulia_L/B2GLIAUDLO50F100220171259_w006_30.0s.wav,data/processed/features_10s/train/pd_17-28_Giulia_L/B2GLIAUDLO50F100220171259_w006_30.0s.npy,pd_17-28_Giulia_L,ipvs,syllable_repetition,1,train,30.0,0.0
data/processed/audio_10s/train/pd_17-28_Giulia_L/B2GLIAUDLO50F100220171259_w007_35.0s.wav,data/processed/features_10s/train/pd_17-28_Giulia_L/B2GLIAUDLO50F100220171259_w007_35.0s.npy,pd_17-28_Giulia_L,ipvs,syllable_repetition,1,train,35.0,0.0
data/processed/audio_10s/train/pd_17-28_Giulia_L/B2GLIAUDLO50F100220171259_w008_40.0s.wav,data/processed/features_10s/train/pd_17-28_Giulia_L/B2GLIAUDLO50F100220171259_w008_40.0s.npy,pd_17-28_Giulia_L,ipvs,syllable_repetition,1,train,40.0,0.0
data/processed/audio_10s/train/pd_17-28_Giulia_L/B2GLIAUDLO50F100220171259_w009_45.0s.wav,data/processed/features_10s/train/pd_17-28_Giulia_L/B2GLIAUDLO50F100220171259_w009_45.0s.npy,pd_17-28_Giulia_L,ipvs,syllable_repetition,1,train,45.0,0.0
data/processed/audio_10s/train/pd_17-28_Giulia_L/B2GLIAUDLO50F100220171259_w010_50.0s.wav,data/processed/features_10s/train/pd_17-28_Giulia_L/B2GLIAUDLO50F100220171259_w010_50.0s.npy,pd_17-28_Giulia_L,ipvs,syllable_repetition,1,train,50.0,0.0
data/processed/audio_10s/train/pd_17-28_Giulia_L/B2GLIAUDLO50F100220171259_w011_55.0s.wav,data/processed/features_10s/train/pd_17-28_Giulia_L/B2GLIAUDLO50F100220171259_w011_55.0s.npy,pd_17-28_Giulia_L,ipvs,syllable_repetition,1,train,55.0,0.0
data/processed/audio_10s/train/pd_17-28_Giulia_L/B2GLIAUDLO50F100220171259_w012_60.0s.wav,data/processed/features_10s/train/pd_17-28_Giulia_L/B2GLIAUDLO50F100220171259_w012_60.0s.npy,pd_17-28_Giulia_L,ipvs,syllable_repetition,1,train,60.0,0.0
data/processed/audio_10s/train/pd_17-28_Giulia_L/B2GLIAUDLO50F100220171259_w013_65.0s.wav,data/processed/features_10s/train/pd_17-28_Giulia_L/B2GLIAUDLO50F100220171259_w013_65.0s.npy,pd_17-28_Giulia_L,ipvs,syllable_repetition,1,train,65.0,0.0
data/processed/audio_10s/train/pd_17-28_Giulia_L/FB1GLIAUDLO50F100220171308_w000_0.0s.wav,data/processed/features_10s/train/pd_17-28_Giulia_L/FB1GLIAUDLO50F100220171308_w000_0.0s.npy,pd_17-28_Giulia_L,ipvs,syllable_repetition,1,train,0.0,0.0
data/processed/audio_10s/train/pd_17-28_Giulia_L/FB1GLIAUDLO50F100220171308_w001_5.0s.wav,data/processed/features_10s/train/pd_17-28_Giulia_L/FB1GLIAUDLO50F100220171308_w001_5.0s.npy,pd_17-28_Giulia_L,ipvs,syllable_repetition,1,train,5.0,0.0
data/processed/audio_10s/train/pd_17-28_Giulia_L/FB1GLIAUDLO50F100220171308_w002_10.0s.wav,data/processed/features_10s/train/pd_17-28_Giulia_L/FB1GLIAUDLO50F100220171308_w002_10.0s.npy,pd_17-28_Giulia_L,ipvs,syllable_repetition,1,train,10.0,0.0
data/processed/audio_10s/train/pd_17-28_Giulia_L/FB1GLIAUDLO50F100220171308_w003_15.0s.wav,data/processed/features_10s/train/pd_17-28_Giulia_L/FB1GLIAUDLO50F100220171308_w003_15.0s.npy,pd_17-28_Giulia_L,ipvs,syllable_repetition,1,train,15.0,0.0
data/processed/audio_10s/train/pd_17-28_Giulia_L/FB1GLIAUDLO50F100220171308_w004_20.0s.wav,data/processed/features_10s/train/pd_17-28_Giulia_L/FB1GLIAUDLO50F100220171308_w004_20.0s.npy,pd_17-28_Giulia_L,ipvs,syllable_repetition,1,train,20.0,0.0
data/processed/audio_10s/train/pd_17-28_Giulia_L/FB1GLIAUDLO50F100220171308_w005_25.0s.wav,data/processed/features_10s/train/pd_17-28_Giulia_L/FB1GLIAUDLO50F100220171308_w005_25.0s.npy,pd_17-28_Giulia_L,ipvs,syllable_repetition,1,train,25.0,0.0
data/processed/audio_10s/train/pd_17-28_Giulia_L/PR1GLIAUDLO50F100220171307_w000_0.0s.wav,data/processed/features_10s/train/pd_17-28_Giulia_L/PR1GLIAUDLO50F100220171307_w000_0.0s.npy,pd_17-28_Giulia_L,ipvs,reading_passage,1,train,0.0,0.0
data/processed/audio_10s/train/pd_17-28_Giulia_L/PR1GLIAUDLO50F100220171307_w001_5.0s.wav,data/processed/features_10s/train/pd_17-28_Giulia_L/PR1GLIAUDLO50F100220171307_w001_5.0s.npy,pd_17-28_Giulia_L,ipvs,reading_passage,1,train,5.0,0.0
data/processed/audio_10s/train/pd_17-28_Giulia_L/PR1GLIAUDLO50F100220171307_w002_10.0s.wav,data/processed/features_10s/train/pd_17-28_Giulia_L/PR1GLIAUDLO50F100220171307_w002_10.0s.npy,pd_17-28_Giulia_L,ipvs,reading_passage,1,train,10.0,0.0
data/processed/audio_10s/train/pd_17-28_Giulia_L/PR1GLIAUDLO50F100220171307_w003_15.0s.wav,data/processed/features_10s/train/pd_17-28_Giulia_L/PR1GLIAUDLO50F100220171307_w003_15.0s.npy,pd_17-28_Giulia_L,ipvs,reading_passage,1,train,15.0,0.0
data/processed/audio_10s/train/pd_17-28_Giulia_L/PR1GLIAUDLO50F100220171307_w004_20.0s.wav,data/processed/features_10s/train/pd_17-28_Giulia_L/PR1GLIAUDLO50F100220171307_w004_20.0s.npy,pd_17-28_Giulia_L,ipvs,reading_passage,1,train,20.0,0.0
data/processed/audio_10s/train/pd_17-28_Giulia_L/PR1GLIAUDLO50F100220171307_w005_25.0s.wav,data/processed/features_10s/train/pd_17-28_Giulia_L/PR1GLIAUDLO50F100220171307_w005_25.0s.npy,pd_17-28_Giulia_L,ipvs,reading_passage,1,train,25.0,0.0
data/processed/audio_10s/train/pd_17-28_Giulia_L/PR1GLIAUDLO50F100220171307_w006_30.0s.wav,data/processed/features_10s/train/pd_17-28_Giulia_L/PR1GLIAUDLO50F100220171307_w006_30.0s.npy,pd_17-28_Giulia_L,ipvs,reading_passage,1,train,30.0,0.0
data/processed/audio_10s/train/pd_17-28_Giulia_L/PR1GLIAUDLO50F100220171307_w007_35.0s.wav,data/processed/features_10s/train/pd_17-28_Giulia_L/PR1GLIAUDLO50F100220171307_w007_35.0s.npy,pd_17-28_Giulia_L,ipvs,reading_passage,1,train,35.0,0.0
data/processed/audio_10s/train/pd_17-28_Giulia_L/PR1GLIAUDLO50F100220171307_w008_40.0s.wav,data/processed/features_10s/train/pd_17-28_Giulia_L/PR1GLIAUDLO50F100220171307_w008_40.0s.npy,pd_17-28_Giulia_L,ipvs,reading_passage,1,train,40.0,0.0
data/processed/audio_10s/train/pd_17-28_Giulia_L/PR1GLIAUDLO50F100220171307_w009_45.0s.wav,data/processed/features_10s/train/pd_17-28_Giulia_L/PR1GLIAUDLO50F100220171307_w009_45.0s.npy,pd_17-28_Giulia_L,ipvs,reading_passage,1,train,45.0,0.0
data/processed/audio_10s/train/pd_17-28_Giulia_L/PR1GLIAUDLO50F100220171307_w010_50.0s.wav,data/processed/features_10s/train/pd_17-28_Giulia_L/PR1GLIAUDLO50F100220171307_w010_50.0s.npy,pd_17-28_Giulia_L,ipvs,reading_passage,1,train,50.0,0.0
data/processed/audio_10s/train/pd_17-28_Giulia_L/PR1GLIAUDLO50F100220171307_w011_55.0s.wav,data/processed/features_10s/train/pd_17-28_Giulia_L/PR1GLIAUDLO50F100220171307_w011_55.0s.npy,pd_17-28_Giulia_L,ipvs,reading_passage,1,train,55.0,0.0
data/processed/audio_10s/train/pd_17-28_Giulia_L/PR1GLIAUDLO50F100220171307_w012_60.0s.wav,data/processed/features_10s/train/pd_17-28_Giulia_L/PR1GLIAUDLO50F100220171307_w012_60.0s.npy,pd_17-28_Giulia_L,ipvs,reading_passage,1,train,60.0,0.0
data/processed/audio_10s/train/pd_17-28_Giulia_L/VA1GLIAUDLO50F100220171301_w000_0.0s.wav,data/processed/features_10s/train/pd_17-28_Giulia_L/VA1GLIAUDLO50F100220171301_w000_0.0s.npy,pd_17-28_Giulia_L,ipvs,vowel_sustain,1,train,0.0,0.0
data/processed/audio_10s/train/pd_17-28_Giulia_L/VA1GLIAUDLO50F100220171301_w001_5.0s.wav,data/processed/features_10s/train/pd_17-28_Giulia_L/VA1GLIAUDLO50F100220171301_w001_5.0s.npy,pd_17-28_Giulia_L,ipvs,vowel_sustain,1,train,5.0,0.0
data/processed/audio_10s/train/pd_17-28_Giulia_L/VE1GLIAUDLO50F100220171302_w000_0.0s.wav,data/processed/features_10s/train/pd_17-28_Giulia_L/VE1GLIAUDLO50F100220171302_w000_0.0s.npy,pd_17-28_Giulia_L,ipvs,vowel_sustain,1,train,0.0,0.0
data/processed/audio_10s/train/pd_17-28_Giulia_L/VE1GLIAUDLO50F100220171302_w001_5.0s.wav,data/processed/features_10s/train/pd_17-28_Giulia_L/VE1GLIAUDLO50F100220171302_w001_5.0s.npy,pd_17-28_Giulia_L,ipvs,vowel_sustain,1,train,5.0,0.0
data/processed/audio_10s/train/pd_17-28_Giulia_L/VI1GLIAUDLO50F100220171303_w000_0.0s.wav,data/processed/features_10s/train/pd_17-28_Giulia_L/VI1GLIAUDLO50F100220171303_w000_0.0s.npy,pd_17-28_Giulia_L,ipvs,vowel_sustain,1,train,0.0,0.0
data/processed/audio_10s/train/pd_17-28_Giulia_L/VI1GLIAUDLO50F100220171303_w001_5.0s.wav,data/processed/features_10s/train/pd_17-28_Giulia_L/VI1GLIAUDLO50F100220171303_w001_5.0s.npy,pd_17-28_Giulia_L,ipvs,vowel_sustain,1,train,5.0,0.0
data/processed/audio_10s/train/pd_17-28_Giulia_L/VI1GLIAUDLO50F100220171303_w002_10.0s.wav,data/processed/features_10s/train/pd_17-28_Giulia_L/VI1GLIAUDLO50F100220171303_w002_10.0s.npy,pd_17-28_Giulia_L,ipvs,vowel_sustain,1,train,10.0,0.0
data/processed/audio_10s/train/pd_17-28_Giulia_L/VO1GLIAUDLO50F100220171304_w000_0.0s.wav,data/processed/features_10s/train/pd_17-28_Giulia_L/VO1GLIAUDLO50F100220171304_w000_0.0s.npy,pd_17-28_Giulia_L,ipvs,vowel_sustain,1,train,0.0,0.0
data/processed/audio_10s/train/pd_17-28_Giulia_L/VO1GLIAUDLO50F100220171304_w001_5.0s.wav,data/processed/features_10s/train/pd_17-28_Giulia_L/VO1GLIAUDLO50F100220171304_w001_5.0s.npy,pd_17-28_Giulia_L,ipvs,vowel_sustain,1,train,5.0,0.0
data/processed/audio_10s/train/pd_17-28_Giulia_L/VO1GLIAUDLO50F100220171304_w002_10.0s.wav,data/processed/features_10s/train/pd_17-28_Giulia_L/VO1GLIAUDLO50F100220171304_w002_10.0s.npy,pd_17-28_Giulia_L,ipvs,vowel_sustain,1,train,10.0,0.0
data/processed/audio_10s/train/pd_17-28_Giulia_L/VU1GLIAUDLO50F100220171305_w000_0.0s.wav,data/processed/features_10s/train/pd_17-28_Giulia_L/VU1GLIAUDLO50F100220171305_w000_0.0s.npy,pd_17-28_Giulia_L,ipvs,vowel_sustain,1,train,0.0,0.0
data/processed/audio_10s/train/pd_17-28_Giulia_L/VU1GLIAUDLO50F100220171305_w001_5.0s.wav,data/processed/features_10s/train/pd_17-28_Giulia_L/VU1GLIAUDLO50F100220171305_w001_5.0s.npy,pd_17-28_Giulia_L,ipvs,vowel_sustain,1,train,5.0,0.0
data/processed/audio_10s/train/pd_17-28_Giulia_L/VU1GLIAUDLO50F100220171305_w002_10.0s.wav,data/processed/features_10s/train/pd_17-28_Giulia_L/VU1GLIAUDLO50F100220171305_w002_10.0s.npy,pd_17-28_Giulia_L,ipvs,vowel_sustain,1,train,10.0,0.0
data/processed/audio_10s/train/pd_17-28_Giulia_P/B1GPIUUGLL63F100220171020_w000_0.0s.wav,data/processed/features_10s/train/pd_17-28_Giulia_P/B1GPIUUGLL63F100220171020_w000_0.0s.npy,pd_17-28_Giulia_P,ipvs,syllable_repetition,1,train,0.0,0.0
data/processed/audio_10s/train/pd_17-28_Giulia_P/B1GPIUUGLL63F100220171020_w001_5.0s.wav,data/processed/features_10s/train/pd_17-28_Giulia_P/B1GPIUUGLL63F100220171020_w001_5.0s.npy,pd_17-28_Giulia_P,ipvs,syllable_repetition,1,train,5.0,0.0
data/processed/audio_10s/train/pd_17-28_Giulia_P/B1GPIUUGLL63F100220171020_w002_10.0s.wav,data/processed/features_10s/train/pd_17-28_Giulia_P/B1GPIUUGLL63F100220171020_w002_10.0s.npy,pd_17-28_Giulia_P,ipvs,syllable_repetition,1,train,10.0,0.0
data/processed/audio_10s/train/pd_17-28_Giulia_P/B1GPIUUGLL63F100220171020_w003_15.0s.wav,data/processed/features_10s/train/pd_17-28_Giulia_P/B1GPIUUGLL63F100220171020_w003_15.0s.npy,pd_17-28_Giulia_P,ipvs,syllable_repetition,1,train,15.0,0.0
data/processed/audio_10s/train/pd_17-28_Giulia_P/B1GPIUUGLL63F100220171020_w004_20.0s.wav,data/processed/features_10s/train/pd_17-28_Giulia_P/B1GPIUUGLL63F100220171020_w004_20.0s.npy,pd_17-28_Giulia_P,ipvs,syllable_repetition,1,train,20.0,0.0
data/processed/audio_10s/train/pd_17-28_Giulia_P/B1GPIUUGLL63F100220171020_w005_25.0s.wav,data/processed/features_10s/train/pd_17-28_Giulia_P/B1GPIUUGLL63F100220171020_w005_25.0s.npy,pd_17-28_Giulia_P,ipvs,syllable_repetition,1,train,25.0,0.0
data/processed/audio_10s/train/pd_17-28_Giulia_P/B1GPIUUGLL63F100220171020_w006_30.0s.wav,data/processed/features_10s/train/pd_17-28_Giulia_P/B1GPIUUGLL63F100220171020_w006_30.0s.npy,pd_17-28_Giulia_P,ipvs,syllable_repetition,1,train,30.0,0.0
data/processed/audio_10s/train/pd_17-28_Giulia_P/B1GPIUUGLL63F100220171020_w007_35.0s.wav,data/processed/features_10s/train/pd_17-28_Giulia_P/B1GPIUUGLL63F100220171020_w007_35.0s.npy,pd_17-28_Giulia_P,ipvs,syllable_repetition,1,train,35.0,0.0
data/processed/audio_10s/train/pd_17-28_Giulia_P/B1GPIUUGLL63F100220171020_w008_40.0s.wav,data/processed/features_10s/train/pd_17-28_Giulia_P/B1GPIUUGLL63F100220171020_w008_40.0s.npy,pd_17-28_Giulia_P,ipvs,syllable_repetition,1,train,40.0,0.0
data/processed/audio_10s/train/pd_17-28_Giulia_P/B2GPIUUGLL63F100220171021_w000_0.0s.wav,data/processed/features_10s/train/pd_17-28_Giulia_P/B2GPIUUGLL63F100220171021_w000_0.0s.npy,pd_17-28_Giulia_P,ipvs,syllable_repetition,1,train,0.0,0.0
data/processed/audio_10s/train/pd_17-28_Giulia_P/B2GPIUUGLL63F100220171021_w001_5.0s.wav,data/processed/features_10s/train/pd_17-28_Giulia_P/B2GPIUUGLL63F100220171021_w001_5.0s.npy,pd_17-28_Giulia_P,ipvs,syllable_repetition,1,train,5.0,0.0
data/processed/audio_10s/train/pd_17-28_Giulia_P/B2GPIUUGLL63F100220171021_w002_10.0s.wav,data/processed/features_10s/train/pd_17-28_Giulia_P/B2GPIUUGLL63F100220171021_w002_10.0s.npy,pd_17-28_Giulia_P,ipvs,syllable_repetition,1,train,10.0,0.0
data/processed/audio_10s/train/pd_17-28_Giulia_P/B2GPIUUGLL63F100220171021_w003_15.0s.wav,data/processed/features_10s/train/pd_17-28_Giulia_P/B2GPIUUGLL63F100220171021_w003_15.0s.npy,pd_17-28_Giulia_P,ipvs,syllable_repetition,1,train,15.0,0.0
data/processed/audio_10s/train/pd_17-28_Giulia_P/B2GPIUUGLL63F100220171021_w004_20.0s.wav,data/processed/features_10s/train/pd_17-28_Giulia_P/B2GPIUUGLL63F100220171021_w004_20.0s.npy,pd_17-28_Giulia_P,ipvs,syllable_repetition,1,train,20.0,0.0
data/processed/audio_10s/train/pd_17-28_Giulia_P/B2GPIUUGLL63F100220171021_w005_25.0s.wav,data/processed/features_10s/train/pd_17-28_Giulia_P/B2GPIUUGLL63F100220171021_w005_25.0s.npy,pd_17-28_Giulia_P,ipvs,syllable_repetition,1,train,25.0,0.0
data/processed/audio_10s/train/pd_17-28_Giulia_P/B2GPIUUGLL63F100220171021_w006_30.0s.wav,data/processed/features_10s/train/pd_17-28_Giulia_P/B2GPIUUGLL63F100220171021_w006_30.0s.npy,pd_17-28_Giulia_P,ipvs,syllable_repetition,1,train,30.0,0.0
data/processed/audio_10s/train/pd_17-28_Giulia_P/B2GPIUUGLL63F100220171021_w007_35.0s.wav,data/processed/features_10s/train/pd_17-28_Giulia_P/B2GPIUUGLL63F100220171021_w007_35.0s.npy,pd_17-28_Giulia_P,ipvs,syllable_repetition,1,train,35.0,0.0
data/processed/audio_10s/train/pd_17-28_Giulia_P/B2GPIUUGLL63F100220171021_w008_40.0s.wav,data/processed/features_10s/train/pd_17-28_Giulia_P/B2GPIUUGLL63F100220171021_w008_40.0s.npy,pd_17-28_Giulia_P,ipvs,syllable_repetition,1,train,40.0,0.0
data/processed/audio_10s/train/pd_17-28_Giulia_P/FB1GPIUUGLL63F100220171030_w000_0.0s.wav,data/processed/features_10s/train/pd_17-28_Giulia_P/FB1GPIUUGLL63F100220171030_w000_0.0s.npy,pd_17-28_Giulia_P,ipvs,syllable_repetition,1,train,0.0,0.0
data/processed/audio_10s/train/pd_17-28_Giulia_P/FB1GPIUUGLL63F100220171030_w001_5.0s.wav,data/processed/features_10s/train/pd_17-28_Giulia_P/FB1GPIUUGLL63F100220171030_w001_5.0s.npy,pd_17-28_Giulia_P,ipvs,syllable_repetition,1,train,5.0,0.0
data/processed/audio_10s/train/pd_17-28_Giulia_P/FB1GPIUUGLL63F100220171030_w002_10.0s.wav,data/processed/features_10s/train/pd_17-28_Giulia_P/FB1GPIUUGLL63F100220171030_w002_10.0s.npy,pd_17-28_Giulia_P,ipvs,syllable_repetition,1,train,10.0,0.0
data/processed/audio_10s/train/pd_17-28_Giulia_P/FB1GPIUUGLL63F100220171030_w003_15.0s.wav,data/processed/features_10s/train/pd_17-28_Giulia_P/FB1GPIUUGLL63F100220171030_w003_15.0s.npy,pd_17-28_Giulia_P,ipvs,syllable_repetition,1,train,15.0,0.0
data/processed/audio_10s/train/pd_17-28_Giulia_P/PR1GPIUUGLL63F100220171029_w000_0.0s.wav,data/processed/features_10s/train/pd_17-28_Giulia_P/PR1GPIUUGLL63F100220171029_w000_0.0s.npy,pd_17-28_Giulia_P,ipvs,reading_passage,1,train,0.0,0.0
data/processed/audio_10s/train/pd_17-28_Giulia_P/PR1GPIUUGLL63F100220171029_w001_5.0s.wav,data/processed/features_10s/train/pd_17-28_Giulia_P/PR1GPIUUGLL63F100220171029_w001_5.0s.npy,pd_17-28_Giulia_P,ipvs,reading_passage,1,train,5.0,0.0
data/processed/audio_10s/train/pd_17-28_Giulia_P/PR1GPIUUGLL63F100220171029_w002_10.0s.wav,data/processed/features_10s/train/pd_17-28_Giulia_P/PR1GPIUUGLL63F100220171029_w002_10.0s.npy,pd_17-28_Giulia_P,ipvs,reading_passage,1,train,10.0,0.0
data/processed/audio_10s/train/pd_17-28_Giulia_P/PR1GPIUUGLL63F100220171029_w003_15.0s.wav,data/processed/features_10s/train/pd_17-28_Giulia_P/PR1GPIUUGLL63F100220171029_w003_15.0s.npy,pd_17-28_Giulia_P,ipvs,reading_passage,1,train,15.0,0.0
data/processed/audio_10s/train/pd_17-28_Giulia_P/PR1GPIUUGLL63F100220171029_w004_20.0s.wav,data/processed/features_10s/train/pd_17-28_Giulia_P/PR1GPIUUGLL63F100220171029_w004_20.0s.npy,pd_17-28_Giulia_P,ipvs,reading_passage,1,train,20.0,0.0
data/processed/audio_10s/train/pd_17-28_Giulia_P/PR1GPIUUGLL63F100220171029_w005_25.0s.wav,data/processed/features_10s/train/pd_17-28_Giulia_P/PR1GPIUUGLL63F100220171029_w005_25.0s.npy,pd_17-28_Giulia_P,ipvs,reading_passage,1,train,25.0,0.0
data/processed/audio_10s/train/pd_17-28_Giulia_P/PR1GPIUUGLL63F100220171029_w006_30.0s.wav,data/processed/features_10s/train/pd_17-28_Giulia_P/PR1GPIUUGLL63F100220171029_w006_30.0s.npy,pd_17-28_Giulia_P,ipvs,reading_passage,1,train,30.0,0.0
data/processed/audio_10s/train/pd_17-28_Giulia_P/PR1GPIUUGLL63F100220171029_w007_35.0s.wav,data/processed/features_10s/train/pd_17-28_Giulia_P/PR1GPIUUGLL63F100220171029_w007_35.0s.npy,pd_17-28_Giulia_P,ipvs,reading_passage,1,train,35.0,0.0
data/processed/audio_10s/train/pd_17-28_Giulia_P/PR1GPIUUGLL63F100220171029_w008_40.0s.wav,data/processed/features_10s/train/pd_17-28_Giulia_P/PR1GPIUUGLL63F100220171029_w008_40.0s.npy,pd_17-28_Giulia_P,ipvs,reading_passage,1,train,40.0,0.0
data/processed/audio_10s/train/pd_17-28_Giulia_P/VA1GPIUUGLL63F100220171023_w000_0.0s.wav,data/processed/features_10s/train/pd_17-28_Giulia_P/VA1GPIUUGLL63F100220171023_w000_0.0s.npy,pd_17-28_Giulia_P,ipvs,vowel_sustain,1,train,0.0,0.0
data/processed/audio_10s/train/pd_17-28_Giulia_P/VE1GPIUUGLL63F100220171024_w000_0.0s.wav,data/processed/features_10s/train/pd_17-28_Giulia_P/VE1GPIUUGLL63F100220171024_w000_0.0s.npy,pd_17-28_Giulia_P,ipvs,vowel_sustain,1,train,0.0,0.0
data/processed/audio_10s/train/pd_17-28_Giulia_P/VE1GPIUUGLL63F100220171024_w001_5.0s.wav,data/processed/features_10s/train/pd_17-28_Giulia_P/VE1GPIUUGLL63F100220171024_w001_5.0s.npy,pd_17-28_Giulia_P,ipvs,vowel_sustain,1,train,5.0,0.0
data/processed/audio_10s/train/pd_17-28_Giulia_P/VE1GPIUUGLL63F100220171024_w002_10.0s.wav,data/processed/features_10s/train/pd_17-28_Giulia_P/VE1GPIUUGLL63F100220171024_w002_10.0s.npy,pd_17-28_Giulia_P,ipvs,vowel_sustain,1,train,10.0,0.0
data/processed/audio_10s/train/pd_17-28_Giulia_P/VE1GPIUUGLL63F100220171024_w003_15.0s.wav,data/processed/features_10s/train/pd_17-28_Giulia_P/VE1GPIUUGLL63F100220171024_w003_15.0s.npy,pd_17-28_Giulia_P,ipvs,vowel_sustain,1,train,15.0,0.0
data/processed/audio_10s/train/pd_17-28_Giulia_P/VI1GPIUUGLL63F100220171025_w000_0.0s.wav,data/processed/features_10s/train/pd_17-28_Giulia_P/VI1GPIUUGLL63F100220171025_w000_0.0s.npy,pd_17-28_Giulia_P,ipvs,vowel_sustain,1,train,0.0,0.0
data/processed/audio_10s/train/pd_17-28_Giulia_P/VI1GPIUUGLL63F100220171025_w001_5.0s.wav,data/processed/features_10s/train/pd_17-28_Giulia_P/VI1GPIUUGLL63F100220171025_w001_5.0s.npy,pd_17-28_Giulia_P,ipvs,vowel_sustain,1,train,5.0,0.0
data/processed/audio_10s/train/pd_17-28_Giulia_P/VI1GPIUUGLL63F100220171025_w002_10.0s.wav,data/processed/features_10s/train/pd_17-28_Giulia_P/VI1GPIUUGLL63F100220171025_w002_10.0s.npy,pd_17-28_Giulia_P,ipvs,vowel_sustain,1,train,10.0,0.0
data/processed/audio_10s/train/pd_17-28_Giulia_P/VI1GPIUUGLL63F100220171025_w003_15.0s.wav,data/processed/features_10s/train/pd_17-28_Giulia_P/VI1GPIUUGLL63F100220171025_w003_15.0s.npy,pd_17-28_Giulia_P,ipvs,vowel_sustain,1,train,15.0,0.0
data/processed/audio_10s/train/pd_17-28_Giulia_P/VO1GPIUUGLL63F100220171026_w000_0.0s.wav,data/processed/features_10s/train/pd_17-28_Giulia_P/VO1GPIUUGLL63F100220171026_w000_0.0s.npy,pd_17-28_Giulia_P,ipvs,vowel_sustain,1,train,0.0,0.0
data/processed/audio_10s/train/pd_17-28_Giulia_P/VU1GPIUUGLL63F100220171027_w000_0.0s.wav,data/processed/features_10s/train/pd_17-28_Giulia_P/VU1GPIUUGLL63F100220171027_w000_0.0s.npy,pd_17-28_Giulia_P,ipvs,vowel_sustain,1,train,0.0,0.0
data/processed/audio_10s/train/pd_17-28_Giulia_P/VU1GPIUUGLL63F100220171027_w001_5.0s.wav,data/processed/features_10s/train/pd_17-28_Giulia_P/VU1GPIUUGLL63F100220171027_w001_5.0s.npy,pd_17-28_Giulia_P,ipvs,vowel_sustain,1,train,5.0,0.0
data/processed/audio_10s/val/pd_17-28_Giustina_M/B1GMIAUSST39F100220171156_w000_0.0s.wav,data/processed/features_10s/val/pd_17-28_Giustina_M/B1GMIAUSST39F100220171156_w000_0.0s.npy,pd_17-28_Giustina_M,ipvs,syllable_repetition,1,val,0.0,0.0
data/processed/audio_10s/val/pd_17-28_Giustina_M/B1GMIAUSST39F100220171156_w001_5.0s.wav,data/processed/features_10s/val/pd_17-28_Giustina_M/B1GMIAUSST39F100220171156_w001_5.0s.npy,pd_17-28_Giustina_M,ipvs,syllable_repetition,1,val,5.0,0.0
data/processed/audio_10s/val/pd_17-28_Giustina_M/B1GMIAUSST39F100220171156_w002_10.0s.wav,data/processed/features_10s/val/pd_17-28_Giustina_M/B1GMIAUSST39F100220171156_w002_10.0s.npy,pd_17-28_Giustina_M,ipvs,syllable_repetition,1,val,10.0,0.0
data/processed/audio_10s/val/pd_17-28_Giustina_M/B1GMIAUSST39F100220171156_w003_15.0s.wav,data/processed/features_10s/val/pd_17-28_Giustina_M/B1GMIAUSST39F100220171156_w003_15.0s.npy,pd_17-28_Giustina_M,ipvs,syllable_repetition,1,val,15.0,0.0
data/processed/audio_10s/val/pd_17-28_Giustina_M/B1GMIAUSST39F100220171156_w004_20.0s.wav,data/processed/features_10s/val/pd_17-28_Giustina_M/B1GMIAUSST39F100220171156_w004_20.0s.npy,pd_17-28_Giustina_M,ipvs,syllable_repetition,1,val,20.0,0.0
data/processed/audio_10s/val/pd_17-28_Giustina_M/B1GMIAUSST39F100220171156_w005_25.0s.wav,data/processed/features_10s/val/pd_17-28_Giustina_M/B1GMIAUSST39F100220171156_w005_25.0s.npy,pd_17-28_Giustina_M,ipvs,syllable_repetition,1,val,25.0,0.0
data/processed/audio_10s/val/pd_17-28_Giustina_M/B1GMIAUSST39F100220171156_w006_30.0s.wav,data/processed/features_10s/val/pd_17-28_Giustina_M/B1GMIAUSST39F100220171156_w006_30.0s.npy,pd_17-28_Giustina_M,ipvs,syllable_repetition,1,val,30.0,0.0
data/processed/audio_10s/val/pd_17-28_Giustina_M/B1GMIAUSST39F100220171156_w007_35.0s.wav,data/processed/features_10s/val/pd_17-28_Giustina_M/B1GMIAUSST39F100220171156_w007_35.0s.npy,pd_17-28_Giustina_M,ipvs,syllable_repetition,1,val,35.0,0.0
data/processed/audio_10s/val/pd_17-28_Giustina_M/B1GMIAUSST39F100220171156_w008_40.0s.wav,data/processed/features_10s/val/pd_17-28_Giustina_M/B1GMIAUSST39F100220171156_w008_40.0s.npy,pd_17-28_Giustina_M,ipvs,syllable_repetition,1,val,40.0,0.0
data/processed/audio_10s/val/pd_17-28_Giustina_M/B1GMIAUSST39F100220171156_w009_45.0s.wav,data/processed/features_10s/val/pd_17-28_Giustina_M/B1GMIAUSST39F100220171156_w009_45.0s.npy,pd_17-28_Giustina_M,ipvs,syllable_repetition,1,val,45.0,0.0
data/processed/audio_10s/val/pd_17-28_Giustina_M/B1GMIAUSST39F100220171156_w010_50.0s.wav,data/processed/features_10s/val/pd_17-28_Giustina_M/B1GMIAUSST39F100220171156_w010_50.0s.npy,pd_17-28_Giustina_M,ipvs,syllable_repetition,1,val,50.0,0.0
data/processed/audio_10s/val/pd_17-28_Giustina_M/B1GMIAUSST39F100220171156_w011_55.0s.wav,data/processed/features_10s/val/pd_17-28_Giustina_M/B1GMIAUSST39F100220171156_w011_55.0s.npy,pd_17-28_Giustina_M,ipvs,syllable_repetition,1,val,55.0,0.0
data/processed/audio_10s/val/pd_17-28_Giustina_M/B1GMIAUSST39F100220171156_w012_60.0s.wav,data/processed/features_10s/val/pd_17-28_Giustina_M/B1GMIAUSST39F100220171156_w012_60.0s.npy,pd_17-28_Giustina_M,ipvs,syllable_repetition,1,val,60.0,0.0
data/processed/audio_10s/val/pd_17-28_Giustina_M/B1GMIAUSST39F100220171156_w013_65.0s.wav,data/processed/features_10s/val/pd_17-28_Giustina_M/B1GMIAUSST39F100220171156_w013_65.0s.npy,pd_17-28_Giustina_M,ipvs,syllable_repetition,1,val,65.0,0.0
data/processed/audio_10s/val/pd_17-28_Giustina_M/B1GMIAUSST39F100220171156_w014_70.0s.wav,data/processed/features_10s/val/pd_17-28_Giustina_M/B1GMIAUSST39F100220171156_w014_70.0s.npy,pd_17-28_Giustina_M,ipvs,syllable_repetition,1,val,70.0,0.0
data/processed/audio_10s/val/pd_17-28_Giustina_M/B1GMIAUSST39F100220171156_w015_75.0s.wav,data/processed/features_10s/val/pd_17-28_Giustina_M/B1GMIAUSST39F100220171156_w015_75.0s.npy,pd_17-28_Giustina_M,ipvs,syllable_repetition,1,val,75.0,0.0
data/processed/audio_10s/val/pd_17-28_Giustina_M/B1GMIAUSST39F100220171156_w016_80.0s.wav,data/processed/features_10s/val/pd_17-28_Giustina_M/B1GMIAUSST39F100220171156_w016_80.0s.npy,pd_17-28_Giustina_M,ipvs,syllable_repetition,1,val,80.0,0.0
data/processed/audio_10s/val/pd_17-28_Giustina_M/B1GMIAUSST39F100220171156_w017_85.0s.wav,data/processed/features_10s/val/pd_17-28_Giustina_M/B1GMIAUSST39F100220171156_w017_85.0s.npy,pd_17-28_Giustina_M,ipvs,syllable_repetition,1,val,85.0,0.0
data/processed/audio_10s/val/pd_17-28_Giustina_M/B1GMIAUSST39F100220171156_w018_90.0s.wav,data/processed/features_10s/val/pd_17-28_Giustina_M/B1GMIAUSST39F100220171156_w018_90.0s.npy,pd_17-28_Giustina_M,ipvs,syllable_repetition,1,val,90.0,0.0
data/processed/audio_10s/val/pd_17-28_Giustina_M/B1GMIAUSST39F100220171156_w019_95.0s.wav,data/processed/features_10s/val/pd_17-28_Giustina_M/B1GMIAUSST39F100220171156_w019_95.0s.npy,pd_17-28_Giustina_M,ipvs,syllable_repetition,1,val,95.0,0.0
data/processed/audio_10s/val/pd_17-28_Giustina_M/B1GMIAUSST39F100220171156_w020_100.0s.wav,data/processed/features_10s/val/pd_17-28_Giustina_M/B1GMIAUSST39F100220171156_w020_100.0s.npy,pd_17-28_Giustina_M,ipvs,syllable_repetition,1,val,100.0,0.0
data/processed/audio_10s/val/pd_17-28_Giustina_M/B1GMIAUSST39F100220171156_w021_105.0s.wav,data/processed/features_10s/val/pd_17-28_Giustina_M/B1GMIAUSST39F100220171156_w021_105.0s.npy,pd_17-28_Giustina_M,ipvs,syllable_repetition,1,val,105.0,0.0
data/processed/audio_10s/val/pd_17-28_Giustina_M/B1GMIAUSST39F100220171156_w022_110.0s.wav,data/processed/features_10s/val/pd_17-28_Giustina_M/B1GMIAUSST39F100220171156_w022_110.0s.npy,pd_17-28_Giustina_M,ipvs,syllable_repetition,1,val,110.0,0.0
data/processed/audio_10s/val/pd_17-28_Giustina_M/B1GMIAUSST39F100220171156_w023_115.0s.wav,data/processed/features_10s/val/pd_17-28_Giustina_M/B1GMIAUSST39F100220171156_w023_115.0s.npy,pd_17-28_Giustina_M,ipvs,syllable_repetition,1,val,115.0,0.0
data/processed/audio_10s/val/pd_17-28_Giustina_M/B1GMIAUSST39F100220171156_w024_120.0s.wav,data/processed/features_10s/val/pd_17-28_Giustina_M/B1GMIAUSST39F100220171156_w024_120.0s.npy,pd_17-28_Giustina_M,ipvs,syllable_repetition,1,val,120.0,0.0
data/processed/audio_10s/val/pd_17-28_Giustina_M/B1GMIAUSST39F100220171156_w025_125.0s.wav,data/processed/features_10s/val/pd_17-28_Giustina_M/B1GMIAUSST39F100220171156_w025_125.0s.npy,pd_17-28_Giustina_M,ipvs,syllable_repetition,1,val,125.0,0.0
data/processed/audio_10s/val/pd_17-28_Giustina_M/B1GMIAUSST39F100220171156_w026_130.0s.wav,data/processed/features_10s/val/pd_17-28_Giustina_M/B1GMIAUSST39F100220171156_w026_130.0s.npy,pd_17-28_Giustina_M,ipvs,syllable_repetition,1,val,130.0,0.0
data/processed/audio_10s/val/pd_17-28_Giustina_M/B1GMIAUSST39F100220171156_w027_135.0s.wav,data/processed/features_10s/val/pd_17-28_Giustina_M/B1GMIAUSST39F100220171156_w027_135.0s.npy,pd_17-28_Giustina_M,ipvs,syllable_repetition,1,val,135.0,0.0
data/processed/audio_10s/val/pd_17-28_Giustina_M/B1GMIAUSST39F100220171156_w028_140.0s.wav,data/processed/features_10s/val/pd_17-28_Giustina_M/B1GMIAUSST39F100220171156_w028_140.0s.npy,pd_17-28_Giustina_M,ipvs,syllable_repetition,1,val,140.0,0.0
data/processed/audio_10s/val/pd_17-28_Giustina_M/B1GMIAUSST39F100220171156_w029_145.0s.wav,data/processed/features_10s/val/pd_17-28_Giustina_M/B1GMIAUSST39F100220171156_w029_145.0s.npy,pd_17-28_Giustina_M,ipvs,syllable_repetition,1,val,145.0,0.0
data/processed/audio_10s/val/pd_17-28_Giustina_M/B1GMIAUSST39F100220171156_w030_150.0s.wav,data/processed/features_10s/val/pd_17-28_Giustina_M/B1GMIAUSST39F100220171156_w030_150.0s.npy,pd_17-28_Giustina_M,ipvs,syllable_repetition,1,val,150.0,0.0
data/processed/audio_10s/val/pd_17-28_Giustina_M/B1GMIAUSST39F100220171156_w031_155.0s.wav,data/processed/features_10s/val/pd_17-28_Giustina_M/B1GMIAUSST39F100220171156_w031_155.0s.npy,pd_17-28_Giustina_M,ipvs,syllable_repetition,1,val,155.0,0.0
data/processed/audio_10s/val/pd_17-28_Giustina_M/B1GMIAUSST39F100220171156_w032_160.0s.wav,data/processed/features_10s/val/pd_17-28_Giustina_M/B1GMIAUSST39F100220171156_w032_160.0s.npy,pd_17-28_Giustina_M,ipvs,syllable_repetition,1,val,160.0,0.0
data/processed/audio_10s/val/pd_17-28_Giustina_M/FB1GMIAUSST39F100220171206_w000_0.0s.wav,data/processed/features_10s/val/pd_17-28_Giustina_M/FB1GMIAUSST39F100220171206_w000_0.0s.npy,pd_17-28_Giustina_M,ipvs,syllable_repetition,1,val,0.0,0.0
data/processed/audio_10s/val/pd_17-28_Giustina_M/FB1GMIAUSST39F100220171206_w001_5.0s.wav,data/processed/features_10s/val/pd_17-28_Giustina_M/FB1GMIAUSST39F100220171206_w001_5.0s.npy,pd_17-28_Giustina_M,ipvs,syllable_repetition,1,val,5.0,0.0
data/processed/audio_10s/val/pd_17-28_Giustina_M/FB1GMIAUSST39F100220171206_w002_10.0s.wav,data/processed/features_10s/val/pd_17-28_Giustina_M/FB1GMIAUSST39F100220171206_w002_10.0s.npy,pd_17-28_Giustina_M,ipvs,syllable_repetition,1,val,10.0,0.0
data/processed/audio_10s/val/pd_17-28_Giustina_M/FB1GMIAUSST39F100220171206_w003_15.0s.wav,data/processed/features_10s/val/pd_17-28_Giustina_M/FB1GMIAUSST39F100220171206_w003_15.0s.npy,pd_17-28_Giustina_M,ipvs,syllable_repetition,1,val,15.0,0.0
data/processed/audio_10s/val/pd_17-28_Giustina_M/FB1GMIAUSST39F100220171206_w004_20.0s.wav,data/processed/features_10s/val/pd_17-28_Giustina_M/FB1GMIAUSST39F100220171206_w004_20.0s.npy,pd_17-28_Giustina_M,ipvs,syllable_repetition,1,val,20.0,0.0
data/processed/audio_10s/val/pd_17-28_Giustina_M/FB1GMIAUSST39F100220171206_w005_25.0s.wav,data/processed/features_10s/val/pd_17-28_Giustina_M/FB1GMIAUSST39F100220171206_w005_25.0s.npy,pd_17-28_Giustina_M,ipvs,syllable_repetition,1,val,25.0,0.0
data/processed/audio_10s/val/pd_17-28_Giustina_M/FB1GMIAUSST39F100220171206_w006_30.0s.wav,data/processed/features_10s/val/pd_17-28_Giustina_M/FB1GMIAUSST39F100220171206_w006_30.0s.npy,pd_17-28_Giustina_M,ipvs,syllable_repetition,1,val,30.0,0.0
data/processed/audio_10s/val/pd_17-28_Giustina_M/FB1GMIAUSST39F100220171206_w007_35.0s.wav,data/processed/features_10s/val/pd_17-28_Giustina_M/FB1GMIAUSST39F100220171206_w007_35.0s.npy,pd_17-28_Giustina_M,ipvs,syllable_repetition,1,val,35.0,0.0
data/processed/audio_10s/val/pd_17-28_Giustina_M/FB1GMIAUSST39F100220171206_w008_40.0s.wav,data/processed/features_10s/val/pd_17-28_Giustina_M/FB1GMIAUSST39F100220171206_w008_40.0s.npy,pd_17-28_Giustina_M,ipvs,syllable_repetition,1,val,40.0,0.0
data/processed/audio_10s/val/pd_17-28_Giustina_M/FB1GMIAUSST39F100220171206_w009_45.0s.wav,data/processed/features_10s/val/pd_17-28_Giustina_M/FB1GMIAUSST39F100220171206_w009_45.0s.npy,pd_17-28_Giustina_M,ipvs,syllable_repetition,1,val,45.0,0.0
data/processed/audio_10s/val/pd_17-28_Giustina_M/FB1GMIAUSST39F100220171206_w010_50.0s.wav,data/processed/features_10s/val/pd_17-28_Giustina_M/FB1GMIAUSST39F100220171206_w010_50.0s.npy,pd_17-28_Giustina_M,ipvs,syllable_repetition,1,val,50.0,0.0
data/processed/audio_10s/val/pd_17-28_Giustina_M/FB1GMIAUSST39F100220171206_w011_55.0s.wav,data/processed/features_10s/val/pd_17-28_Giustina_M/FB1GMIAUSST39F100220171206_w011_55.0s.npy,pd_17-28_Giustina_M,ipvs,syllable_repetition,1,val,55.0,0.0
data/processed/audio_10s/val/pd_17-28_Giustina_M/PR1GMIAUSST39F100220171204_w000_0.0s.wav,data/processed/features_10s/val/pd_17-28_Giustina_M/PR1GMIAUSST39F100220171204_w000_0.0s.npy,pd_17-28_Giustina_M,ipvs,reading_passage,1,val,0.0,0.0
data/processed/audio_10s/val/pd_17-28_Giustina_M/PR1GMIAUSST39F100220171204_w001_5.0s.wav,data/processed/features_10s/val/pd_17-28_Giustina_M/PR1GMIAUSST39F100220171204_w001_5.0s.npy,pd_17-28_Giustina_M,ipvs,reading_passage,1,val,5.0,0.0
data/processed/audio_10s/val/pd_17-28_Giustina_M/PR1GMIAUSST39F100220171204_w002_10.0s.wav,data/processed/features_10s/val/pd_17-28_Giustina_M/PR1GMIAUSST39F100220171204_w002_10.0s.npy,pd_17-28_Giustina_M,ipvs,reading_passage,1,val,10.0,0.0
data/processed/audio_10s/val/pd_17-28_Giustina_M/PR1GMIAUSST39F100220171204_w003_15.0s.wav,data/processed/features_10s/val/pd_17-28_Giustina_M/PR1GMIAUSST39F100220171204_w003_15.0s.npy,pd_17-28_Giustina_M,ipvs,reading_passage,1,val,15.0,0.0
data/processed/audio_10s/val/pd_17-28_Giustina_M/PR1GMIAUSST39F100220171204_w004_20.0s.wav,data/processed/features_10s/val/pd_17-28_Giustina_M/PR1GMIAUSST39F100220171204_w004_20.0s.npy,pd_17-28_Giustina_M,ipvs,reading_passage,1,val,20.0,0.0
data/processed/audio_10s/val/pd_17-28_Giustina_M/PR1GMIAUSST39F100220171204_w005_25.0s.wav,data/processed/features_10s/val/pd_17-28_Giustina_M/PR1GMIAUSST39F100220171204_w005_25.0s.npy,pd_17-28_Giustina_M,ipvs,reading_passage,1,val,25.0,0.0
data/processed/audio_10s/val/pd_17-28_Giustina_M/PR1GMIAUSST39F100220171204_w006_30.0s.wav,data/processed/features_10s/val/pd_17-28_Giustina_M/PR1GMIAUSST39F100220171204_w006_30.0s.npy,pd_17-28_Giustina_M,ipvs,reading_passage,1,val,30.0,0.0
data/processed/audio_10s/val/pd_17-28_Giustina_M/PR1GMIAUSST39F100220171204_w007_35.0s.wav,data/processed/features_10s/val/pd_17-28_Giustina_M/PR1GMIAUSST39F100220171204_w007_35.0s.npy,pd_17-28_Giustina_M,ipvs,reading_passage,1,val,35.0,0.0
data/processed/audio_10s/val/pd_17-28_Giustina_M/PR1GMIAUSST39F100220171204_w008_40.0s.wav,data/processed/features_10s/val/pd_17-28_Giustina_M/PR1GMIAUSST39F100220171204_w008_40.0s.npy,pd_17-28_Giustina_M,ipvs,reading_passage,1,val,40.0,0.0
data/processed/audio_10s/val/pd_17-28_Giustina_M/PR1GMIAUSST39F100220171204_w009_45.0s.wav,data/processed/features_10s/val/pd_17-28_Giustina_M/PR1GMIAUSST39F100220171204_w009_45.0s.npy,pd_17-28_Giustina_M,ipvs,reading_passage,1,val,45.0,0.0
data/processed/audio_10s/val/pd_17-28_Giustina_M/PR1GMIAUSST39F100220171204_w010_50.0s.wav,data/processed/features_10s/val/pd_17-28_Giustina_M/PR1GMIAUSST39F100220171204_w010_50.0s.npy,pd_17-28_Giustina_M,ipvs,reading_passage,1,val,50.0,0.0
data/processed/audio_10s/val/pd_17-28_Giustina_M/PR1GMIAUSST39F100220171204_w011_55.0s.wav,data/processed/features_10s/val/pd_17-28_Giustina_M/PR1GMIAUSST39F100220171204_w011_55.0s.npy,pd_17-28_Giustina_M,ipvs,reading_passage,1,val,55.0,0.0
data/processed/audio_10s/val/pd_17-28_Giustina_M/PR1GMIAUSST39F100220171204_w012_60.0s.wav,data/processed/features_10s/val/pd_17-28_Giustina_M/PR1GMIAUSST39F100220171204_w012_60.0s.npy,pd_17-28_Giustina_M,ipvs,reading_passage,1,val,60.0,0.0
data/processed/audio_10s/val/pd_17-28_Giustina_M/PR1GMIAUSST39F100220171204_w013_65.0s.wav,data/processed/features_10s/val/pd_17-28_Giustina_M/PR1GMIAUSST39F100220171204_w013_65.0s.npy,pd_17-28_Giustina_M,ipvs,reading_passage,1,val,65.0,0.0
data/processed/audio_10s/val/pd_17-28_Giustina_M/PR1GMIAUSST39F100220171204_w014_70.0s.wav,data/processed/features_10s/val/pd_17-28_Giustina_M/PR1GMIAUSST39F100220171204_w014_70.0s.npy,pd_17-28_Giustina_M,ipvs,reading_passage,1,val,70.0,0.0
data/processed/audio_10s/val/pd_17-28_Giustina_M/PR1GMIAUSST39F100220171204_w015_75.0s.wav,data/processed/features_10s/val/pd_17-28_Giustina_M/PR1GMIAUSST39F100220171204_w015_75.0s.npy,pd_17-28_Giustina_M,ipvs,reading_passage,1,val,75.0,0.0
data/processed/audio_10s/val/pd_17-28_Giustina_M/PR1GMIAUSST39F100220171204_w016_80.0s.wav,data/processed/features_10s/val/pd_17-28_Giustina_M/PR1GMIAUSST39F100220171204_w016_80.0s.npy,pd_17-28_Giustina_M,ipvs,reading_passage,1,val,80.0,0.0
data/processed/audio_10s/val/pd_17-28_Giustina_M/PR1GMIAUSST39F100220171204_w017_85.0s.wav,data/processed/features_10s/val/pd_17-28_Giustina_M/PR1GMIAUSST39F100220171204_w017_85.0s.npy,pd_17-28_Giustina_M,ipvs,reading_passage,1,val,85.0,0.0
data/processed/audio_10s/val/pd_17-28_Giustina_M/PR1GMIAUSST39F100220171204_w018_90.0s.wav,data/processed/features_10s/val/pd_17-28_Giustina_M/PR1GMIAUSST39F100220171204_w018_90.0s.npy,pd_17-28_Giustina_M,ipvs,reading_passage,1,val,90.0,0.0
data/processed/audio_10s/val/pd_17-28_Giustina_M/PR1GMIAUSST39F100220171204_w019_95.0s.wav,data/processed/features_10s/val/pd_17-28_Giustina_M/PR1GMIAUSST39F100220171204_w019_95.0s.npy,pd_17-28_Giustina_M,ipvs,reading_passage,1,val,95.0,0.0
data/processed/audio_10s/train/pd_17-28_Mario_B/B1MBAUROIN45M100220171003_w000_0.0s.wav,data/processed/features_10s/train/pd_17-28_Mario_B/B1MBAUROIN45M100220171003_w000_0.0s.npy,pd_17-28_Mario_B,ipvs,syllable_repetition,1,train,0.0,0.0
data/processed/audio_10s/train/pd_17-28_Mario_B/B1MBAUROIN45M100220171003_w001_5.0s.wav,data/processed/features_10s/train/pd_17-28_Mario_B/B1MBAUROIN45M100220171003_w001_5.0s.npy,pd_17-28_Mario_B,ipvs,syllable_repetition,1,train,5.0,0.0
data/processed/audio_10s/train/pd_17-28_Mario_B/B1MBAUROIN45M100220171003_w002_10.0s.wav,data/processed/features_10s/train/pd_17-28_Mario_B/B1MBAUROIN45M100220171003_w002_10.0s.npy,pd_17-28_Mario_B,ipvs,syllable_repetition,1,train,10.0,0.0
data/processed/audio_10s/train/pd_17-28_Mario_B/B1MBAUROIN45M100220171003_w003_15.0s.wav,data/processed/features_10s/train/pd_17-28_Mario_B/B1MBAUROIN45M100220171003_w003_15.0s.npy,pd_17-28_Mario_B,ipvs,syllable_repetition,1,train,15.0,0.0
data/processed/audio_10s/train/pd_17-28_Mario_B/B1MBAUROIN45M100220171003_w004_20.0s.wav,data/processed/features_10s/train/pd_17-28_Mario_B/B1MBAUROIN45M100220171003_w004_20.0s.npy,pd_17-28_Mario_B,ipvs,syllable_repetition,1,train,20.0,0.0
data/processed/audio_10s/train/pd_17-28_Mario_B/B1MBAUROIN45M100220171003_w005_25.0s.wav,data/processed/features_10s/train/pd_17-28_Mario_B/B1MBAUROIN45M100220171003_w005_25.0s.npy,pd_17-28_Mario_B,ipvs,syllable_repetition,1,train,25.0,0.0
data/processed/audio_10s/train/pd_17-28_Mario_B/B1MBAUROIN45M100220171003_w006_30.0s.wav,data/processed/features_10s/train/pd_17-28_Mario_B/B1MBAUROIN45M100220171003_w006_30.0s.npy,pd_17-28_Mario_B,ipvs,syllable_repetition,1,train,30.0,0.0
data/processed/audio_10s/train/pd_17-28_Mario_B/B1MBAUROIN45M100220171003_w007_35.0s.wav,data/processed/features_10s/train/pd_17-28_Mario_B/B1MBAUROIN45M100220171003_w007_35.0s.npy,pd_17-28_Mario_B,ipvs,syllable_repetition,1,train,35.0,0.0
data/processed/audio_10s/train/pd_17-28_Mario_B/B1MBAUROIN45M100220171003_w008_40.0s.wav,data/processed/features_10s/train/pd_17-28_Mario_B/B1MBAUROIN45M100220171003_w008_40.0s.npy,pd_17-28_Mario_B,ipvs,syllable_repetition,1,train,40.0,0.0
data/processed/audio_10s/train/pd_17-28_Mario_B/B1MBAUROIN45M100220171003_w009_45.0s.wav,data/processed/features_10s/train/pd_17-28_Mario_B/B1MBAUROIN45M100220171003_w009_45.0s.npy,pd_17-28_Mario_B,ipvs,syllable_repetition,1,train,45.0,0.0
data/processed/audio_10s/train/pd_17-28_Mario_B/B1MBAUROIN45M100220171003_w010_50.0s.wav,data/processed/features_10s/train/pd_17-28_Mario_B/B1MBAUROIN45M100220171003_w010_50.0s.npy,pd_17-28_Mario_B,ipvs,syllable_repetition,1,train,50.0,0.0
data/processed/audio_10s/train/pd_17-28_Mario_B/B1MBAUROIN45M100220171003_w011_55.0s.wav,data/processed/features_10s/train/pd_17-28_Mario_B/B1MBAUROIN45M100220171003_w011_55.0s.npy,pd_17-28_Mario_B,ipvs,syllable_repetition,1,train,55.0,0.0
data/processed/audio_10s/train/pd_17-28_Mario_B/B1MBAUROIN45M100220171003_w012_60.0s.wav,data/processed/features_10s/train/pd_17-28_Mario_B/B1MBAUROIN45M100220171003_w012_60.0s.npy,pd_17-28_Mario_B,ipvs,syllable_repetition,1,train,60.0,0.0
data/processed/audio_10s/train/pd_17-28_Mario_B/B1MBAUROIN45M100220171003_w013_65.0s.wav,data/processed/features_10s/train/pd_17-28_Mario_B/B1MBAUROIN45M100220171003_w013_65.0s.npy,pd_17-28_Mario_B,ipvs,syllable_repetition,1,train,65.0,0.0
data/processed/audio_10s/train/pd_17-28_Mario_B/B1MBAUROIN45M100220171003_w014_70.0s.wav,data/processed/features_10s/train/pd_17-28_Mario_B/B1MBAUROIN45M100220171003_w014_70.0s.npy,pd_17-28_Mario_B,ipvs,syllable_repetition,1,train,70.0,0.0
data/processed/audio_10s/train/pd_17-28_Mario_B/B1MBAUROIN45M100220171003_w015_75.0s.wav,data/processed/features_10s/train/pd_17-28_Mario_B/B1MBAUROIN45M100220171003_w015_75.0s.npy,pd_17-28_Mario_B,ipvs,syllable_repetition,1,train,75.0,0.0
data/processed/audio_10s/train/pd_17-28_Mario_B/B1MBAUROIN45M100220171003_w016_80.0s.wav,data/processed/features_10s/train/pd_17-28_Mario_B/B1MBAUROIN45M100220171003_w016_80.0s.npy,pd_17-28_Mario_B,ipvs,syllable_repetition,1,train,80.0,0.0
data/processed/audio_10s/train/pd_17-28_Mario_B/B1MBAUROIN45M100220171003_w017_85.0s.wav,data/processed/features_10s/train/pd_17-28_Mario_B/B1MBAUROIN45M100220171003_w017_85.0s.npy,pd_17-28_Mario_B,ipvs,syllable_repetition,1,train,85.0,0.0
data/processed/audio_10s/train/pd_17-28_Mario_B/B1MBAUROIN45M100220171003_w018_90.0s.wav,data/processed/features_10s/train/pd_17-28_Mario_B/B1MBAUROIN45M100220171003_w018_90.0s.npy,pd_17-28_Mario_B,ipvs,syllable_repetition,1,train,90.0,0.0
data/processed/audio_10s/train/pd_17-28_Mario_B/B1MBAUROIN45M100220171003_w019_95.0s.wav,data/processed/features_10s/train/pd_17-28_Mario_B/B1MBAUROIN45M100220171003_w019_95.0s.npy,pd_17-28_Mario_B,ipvs,syllable_repetition,1,train,95.0,0.0
data/processed/audio_10s/train/pd_17-28_Mario_B/B1MBAUROIN45M100220171003_w020_100.0s.wav,data/processed/features_10s/train/pd_17-28_Mario_B/B1MBAUROIN45M100220171003_w020_100.0s.npy,pd_17-28_Mario_B,ipvs,syllable_repetition,1,train,100.0,0.0
data/processed/audio_10s/train/pd_17-28_Mario_B/B1MBAUROIN45M100220171003_w021_105.0s.wav,data/processed/features_10s/train/pd_17-28_Mario_B/B1MBAUROIN45M100220171003_w021_105.0s.npy,pd_17-28_Mario_B,ipvs,syllable_repetition,1,train,105.0,0.0
data/processed/audio_10s/train/pd_17-28_Mario_B/B2MBAUROIN45M100220171006_w000_0.0s.wav,data/processed/features_10s/train/pd_17-28_Mario_B/B2MBAUROIN45M100220171006_w000_0.0s.npy,pd_17-28_Mario_B,ipvs,syllable_repetition,1,train,0.0,0.0
data/processed/audio_10s/train/pd_17-28_Mario_B/B2MBAUROIN45M100220171006_w001_5.0s.wav,data/processed/features_10s/train/pd_17-28_Mario_B/B2MBAUROIN45M100220171006_w001_5.0s.npy,pd_17-28_Mario_B,ipvs,syllable_repetition,1,train,5.0,0.0
data/processed/audio_10s/train/pd_17-28_Mario_B/B2MBAUROIN45M100220171006_w002_10.0s.wav,data/processed/features_10s/train/pd_17-28_Mario_B/B2MBAUROIN45M100220171006_w002_10.0s.npy,pd_17-28_Mario_B,ipvs,syllable_repetition,1,train,10.0,0.0
data/processed/audio_10s/train/pd_17-28_Mario_B/B2MBAUROIN45M100220171006_w003_15.0s.wav,data/processed/features_10s/train/pd_17-28_Mario_B/B2MBAUROIN45M100220171006_w003_15.0s.npy,pd_17-28_Mario_B,ipvs,syllable_repetition,1,train,15.0,0.0
data/processed/audio_10s/train/pd_17-28_Mario_B/B2MBAUROIN45M100220171006_w004_20.0s.wav,data/processed/features_10s/train/pd_17-28_Mario_B/B2MBAUROIN45M100220171006_w004_20.0s.npy,pd_17-28_Mario_B,ipvs,syllable_repetition,1,train,20.0,0.0
data/processed/audio_10s/train/pd_17-28_Mario_B/B2MBAUROIN45M100220171006_w005_25.0s.wav,data/processed/features_10s/train/pd_17-28_Mario_B/B2MBAUROIN45M100220171006_w005_25.0s.npy,pd_17-28_Mario_B,ipvs,syllable_repetition,1,train,25.0,0.0
data/processed/audio_10s/train/pd_17-28_Mario_B/B2MBAUROIN45M100220171006_w006_30.0s.wav,data/processed/features_10s/train/pd_17-28_Mario_B/B2MBAUROIN45M100220171006_w006_30.0s.npy,pd_17-28_Mario_B,ipvs,syllable_repetition,1,train,30.0,0.0
data/processed/audio_10s/train/pd_17-28_Mario_B/B2MBAUROIN45M100220171006_w007_35.0s.wav,data/processed/features_10s/train/pd_17-28_Mario_B/B2MBAUROIN45M100220171006_w007_35.0s.npy,pd_17-28_Mario_B,ipvs,syllable_repetition,1,train,35.0,0.0
data/processed/audio_10s/train/pd_17-28_Mario_B/B2MBAUROIN45M100220171006_w008_40.0s.wav,data/processed/features_10s/train/pd_17-28_Mario_B/B2MBAUROIN45M100220171006_w008_40.0s.npy,pd_17-28_Mario_B,ipvs,syllable_repetition,1,train,40.0,0.0
data/processed/audio_10s/train/pd_17-28_Mario_B/B2MBAUROIN45M100220171006_w009_45.0s.wav,data/processed/features_10s/train/pd_17-28_Mario_B/B2MBAUROIN45M100220171006_w009_45.0s.npy,pd_17-28_Mario_B,ipvs,syllable_repetition,1,train,45.0,0.0
data/processed/audio_10s/train/pd_17-28_Mario_B/B2MBAUROIN45M100220171006_w010_50.0s.wav,data/processed/features_10s/train/pd_17-28_Mario_B/B2MBAUROIN45M100220171006_w010_50.0s.npy,pd_17-28_Mario_B,ipvs,syllable_repetition,1,train,50.0,0.0
data/processed/audio_10s/train/pd_17-28_Mario_B/B2MBAUROIN45M100220171006_w011_55.0s.wav,data/processed/features_10s/train/pd_17-28_Mario_B/B2MBAUROIN45M100220171006_w011_55.0s.npy,pd_17-28_Mario_B,ipvs,syllable_repetition,1,train,55.0,0.0
data/processed/audio_10s/train/pd_17-28_Mario_B/B2MBAUROIN45M100220171006_w012_60.0s.wav,data/processed/features_10s/train/pd_17-28_Mario_B/B2MBAUROIN45M100220171006_w012_60.0s.npy,pd_17-28_Mario_B,ipvs,syllable_repetition,1,train,60.0,0.0
data/processed/audio_10s/train/pd_17-28_Mario_B/B2MBAUROIN45M100220171006_w013_65.0s.wav,data/processed/features_10s/train/pd_17-28_Mario_B/B2MBAUROIN45M100220171006_w013_65.0s.npy,pd_17-28_Mario_B,ipvs,syllable_repetition,1,train,65.0,0.0
data/processed/audio_10s/train/pd_17-28_Mario_B/B2MBAUROIN45M100220171006_w014_70.0s.wav,data/processed/features_10s/train/pd_17-28_Mario_B/B2MBAUROIN45M100220171006_w014_70.0s.npy,pd_17-28_Mario_B,ipvs,syllable_repetition,1,train,70.0,0.0
data/processed/audio_10s/train/pd_17-28_Mario_B/B2MBAUROIN45M100220171006_w015_75.0s.wav,data/processed/features_10s/train/pd_17-28_Mario_B/B2MBAUROIN45M100220171006_w015_75.0s.npy,pd_17-28_Mario_B,ipvs,syllable_repetition,1,train,75.0,0.0
data/processed/audio_10s/train/pd_17-28_Mario_B/B2MBAUROIN45M100220171006_w016_80.0s.wav,data/processed/features_10s/train/pd_17-28_Mario_B/B2MBAUROIN45M100220171006_w016_80.0s.npy,pd_17-28_Mario_B,ipvs,syllable_repetition,1,train,80.0,0.0
data/processed/audio_10s/train/pd_17-28_Mario_B/B2MBAUROIN45M100220171006_w017_85.0s.wav,data/processed/features_10s/train/pd_17-28_Mario_B/B2MBAUROIN45M100220171006_w017_85.0s.npy,pd_17-28_Mario_B,ipvs,syllable_repetition,1,train,85.0,0.0
data/processed/audio_10s/train/pd_17-28_Mario_B/FB1MBAUROIN45M100220171015_w000_0.0s.wav,data/processed/features_10s/train/pd_17-28_Mario_B/FB1MBAUROIN45M100220171015_w000_0.0s.npy,pd_17-28_Mario_B,ipvs,syllable_repetition,1,train,0.0,0.0
data/processed/audio_10s/train/pd_17-28_Mario_B/FB1MBAUROIN45M100220171015_w001_5.0s.wav,data/processed/features_10s/train/pd_17-28_Mario_B/FB1MBAUROIN45M100220171015_w001_5.0s.npy,pd_17-28_Mario_B,ipvs,syllable_repetition,1,train,5.0,0.0
data/processed/audio_10s/train/pd_17-28_Mario_B/FB1MBAUROIN45M100220171015_w002_10.0s.wav,data/processed/features_10s/train/pd_17-28_Mario_B/FB1MBAUROIN45M100220171015_w002_10.0s.npy,pd_17-28_Mario_B,ipvs,syllable_repetition,1,train,10.0,0.0
data/processed/audio_10s/train/pd_17-28_Mario_B/FB1MBAUROIN45M100220171015_w003_15.0s.wav,data/processed/features_10s/train/pd_17-28_Mario_B/FB1MBAUROIN45M100220171015_w003_15.0s.npy,pd_17-28_Mario_B,ipvs,syllable_repetition,1,train,15.0,0.0
data/processed/audio_10s/train/pd_17-28_Mario_B/FB1MBAUROIN45M100220171015_w004_20.0s.wav,data/processed/features_10s/train/pd_17-28_Mario_B/FB1MBAUROIN45M100220171015_w004_20.0s.npy,pd_17-28_Mario_B,ipvs,syllable_repetition,1,train,20.0,0.0
data/processed/audio_10s/train/pd_17-28_Mario_B/FB1MBAUROIN45M100220171015_w005_25.0s.wav,data/processed/features_10s/train/pd_17-28_Mario_B/FB1MBAUROIN45M100220171015_w005_25.0s.npy,pd_17-28_Mario_B,ipvs,syllable_repetition,1,train,25.0,0.0
data/processed/audio_10s/train/pd_17-28_Mario_B/FB1MBAUROIN45M100220171015_w006_30.0s.wav,data/processed/features_10s/train/pd_17-28_Mario_B/FB1MBAUROIN45M100220171015_w006_30.0s.npy,pd_17-28_Mario_B,ipvs,syllable_repetition,1,train,30.0,0.0
data/processed/audio_10s/train/pd_17-28_Mario_B/PR1MBAUROIN45M100220171014_w000_0.0s.wav,data/processed/features_10s/train/pd_17-28_Mario_B/PR1MBAUROIN45M100220171014_w000_0.0s.npy,pd_17-28_Mario_B,ipvs,reading_passage,1,train,0.0,0.0
data/processed/audio_10s/train/pd_17-28_Mario_B/PR1MBAUROIN45M100220171014_w001_5.0s.wav,data/processed/features_10s/train/pd_17-28_Mario_B/PR1MBAUROIN45M100220171014_w001_5.0s.npy,pd_17-28_Mario_B,ipvs,reading_passage,1,train,5.0,0.0
data/processed/audio_10s/train/pd_17-28_Mario_B/PR1MBAUROIN45M100220171014_w002_10.0s.wav,data/processed/features_10s/train/pd_17-28_Mario_B/PR1MBAUROIN45M100220171014_w002_10.0s.npy,pd_17-28_Mario_B,ipvs,reading_passage,1,train,10.0,0.0
data/processed/audio_10s/train/pd_17-28_Mario_B/PR1MBAUROIN45M100220171014_w003_15.0s.wav,data/processed/features_10s/train/pd_17-28_Mario_B/PR1MBAUROIN45M100220171014_w003_15.0s.npy,pd_17-28_Mario_B,ipvs,reading_passage,1,train,15.0,0.0
data/processed/audio_10s/train/pd_17-28_Mario_B/PR1MBAUROIN45M100220171014_w004_20.0s.wav,data/processed/features_10s/train/pd_17-28_Mario_B/PR1MBAUROIN45M100220171014_w004_20.0s.npy,pd_17-28_Mario_B,ipvs,reading_passage,1,train,20.0,0.0
data/processed/audio_10s/train/pd_17-28_Mario_B/PR1MBAUROIN45M100220171014_w005_25.0s.wav,data/processed/features_10s/train/pd_17-28_Mario_B/PR1MBAUROIN45M100220171014_w005_25.0s.npy,pd_17-28_Mario_B,ipvs,reading_passage,1,train,25.0,0.0
data/processed/audio_10s/train/pd_17-28_Mario_B/PR1MBAUROIN45M100220171014_w006_30.0s.wav,data/processed/features_10s/train/pd_17-28_Mario_B/PR1MBAUROIN45M100220171014_w006_30.0s.npy,pd_17-28_Mario_B,ipvs,reading_passage,1,train,30.0,0.0
data/processed/audio_10s/train/pd_17-28_Mario_B/PR1MBAUROIN45M100220171014_w007_35.0s.wav,data/processed/features_10s/train/pd_17-28_Mario_B/PR1MBAUROIN45M100220171014_w007_35.0s.npy,pd_17-28_Mario_B,ipvs,reading_passage,1,train,35.0,0.0
data/processed/audio_10s/train/pd_17-28_Mario_B/PR1MBAUROIN45M100220171014_w008_40.0s.wav,data/processed/features_10s/train/pd_17-28_Mario_B/PR1MBAUROIN45M100220171014_w008_40.0s.npy,pd_17-28_Mario_B,ipvs,reading_passage,1,train,40.0,0.0
data/processed/audio_10s/train/pd_17-28_Mario_B/PR1MBAUROIN45M100220171014_w009_45.0s.wav,data/processed/features_10s/train/pd_17-28_Mario_B/PR1MBAUROIN45M100220171014_w009_45.0s.npy,pd_17-28_Mario_B,ipvs,reading_passage,1,train,45.0,0.0
data/processed/audio_10s/train/pd_17-28_Mario_B/PR1MBAUROIN45M100220171014_w010_50.0s.wav,data/processed/features_10s/train/pd_17-28_Mario_B/PR1MBAUROIN45M100220171014_w010_50.0s.npy,pd_17-28_Mario_B,ipvs,reading_passage,1,train,50.0,0.0
data/processed/audio_10s/train/pd_17-28_Mario_B/PR1MBAUROIN45M100220171014_w011_55.0s.wav,data/processed/features_10s/train/pd_17-28_Mario_B/PR1MBAUROIN45M100220171014_w011_55.0s.npy,pd_17-28_Mario_B,ipvs,reading_passage,1,train,55.0,0.0
data/processed/audio_10s/train/pd_17-28_Mario_B/PR1MBAUROIN45M100220171014_w012_60.0s.wav,data/processed/features_10s/train/pd_17-28_Mario_B/PR1MBAUROIN45M100220171014_w012_60.0s.npy,pd_17-28_Mario_B,ipvs,reading_passage,1,train,60.0,0.0
data/processed/audio_10s/train/pd_17-28_Mario_B/PR1MBAUROIN45M100220171014_w013_65.0s.wav,data/processed/features_10s/train/pd_17-28_Mario_B/PR1MBAUROIN45M100220171014_w013_65.0s.npy,pd_17-28_Mario_B,ipvs,reading_passage,1,train,65.0,0.0
data/processed/audio_10s/train/pd_17-28_Mario_B/PR1MBAUROIN45M100220171014_w014_70.0s.wav,data/processed/features_10s/train/pd_17-28_Mario_B/PR1MBAUROIN45M100220171014_w014_70.0s.npy,pd_17-28_Mario_B,ipvs,reading_passage,1,train,70.0,0.0
data/processed/audio_10s/train/pd_17-28_Mario_B/PR1MBAUROIN45M100220171014_w015_75.0s.wav,data/processed/features_10s/train/pd_17-28_Mario_B/PR1MBAUROIN45M100220171014_w015_75.0s.npy,pd_17-28_Mario_B,ipvs,reading_passage,1,train,75.0,0.0
data/processed/audio_10s/train/pd_17-28_Mario_B/VA1MBAUROIN45M100220171007_w000_0.0s.wav,data/processed/features_10s/train/pd_17-28_Mario_B/VA1MBAUROIN45M100220171007_w000_0.0s.npy,pd_17-28_Mario_B,ipvs,vowel_sustain,1,train,0.0,0.0
data/processed/audio_10s/train/pd_17-28_Mario_B/VE1MBAUROIN45M100220171009_w000_0.0s.wav,data/processed/features_10s/train/pd_17-28_Mario_B/VE1MBAUROIN45M100220171009_w000_0.0s.npy,pd_17-28_Mario_B,ipvs,vowel_sustain,1,train,0.0,0.0496
data/processed/audio_10s/train/pd_17-28_Mario_B/VI1MBAUROIN45M100220171009_w000_0.0s.wav,data/processed/features_10s/train/pd_17-28_Mario_B/VI1MBAUROIN45M100220171009_w000_0.0s.npy,pd_17-28_Mario_B,ipvs,vowel_sustain,1,train,0.0,0.0
data/processed/audio_10s/train/pd_17-28_Mario_B/VO1MBAUROIN45M100220171010_w000_0.0s.wav,data/processed/features_10s/train/pd_17-28_Mario_B/VO1MBAUROIN45M100220171010_w000_0.0s.npy,pd_17-28_Mario_B,ipvs,vowel_sustain,1,train,0.0,0.0
data/processed/audio_10s/train/pd_17-28_Mario_B/VU1MBAUROIN45M100220171011_w000_0.0s.wav,data/processed/features_10s/train/pd_17-28_Mario_B/VU1MBAUROIN45M100220171011_w000_0.0s.npy,pd_17-28_Mario_B,ipvs,vowel_sustain,1,train,0.0,0.0976
data/processed/audio_10s/train/pd_17-28_Nicola_M/B1NMIICNOO52M100220171134_w000_0.0s.wav,data/processed/features_10s/train/pd_17-28_Nicola_M/B1NMIICNOO52M100220171134_w000_0.0s.npy,pd_17-28_Nicola_M,ipvs,syllable_repetition,1,train,0.0,0.0
data/processed/audio_10s/train/pd_17-28_Nicola_M/B1NMIICNOO52M100220171134_w001_5.0s.wav,data/processed/features_10s/train/pd_17-28_Nicola_M/B1NMIICNOO52M100220171134_w001_5.0s.npy,pd_17-28_Nicola_M,ipvs,syllable_repetition,1,train,5.0,0.0
data/processed/audio_10s/train/pd_17-28_Nicola_M/B1NMIICNOO52M100220171134_w002_10.0s.wav,data/processed/features_10s/train/pd_17-28_Nicola_M/B1NMIICNOO52M100220171134_w002_10.0s.npy,pd_17-28_Nicola_M,ipvs,syllable_repetition,1,train,10.0,0.0
data/processed/audio_10s/train/pd_17-28_Nicola_M/B1NMIICNOO52M100220171134_w003_15.0s.wav,data/processed/features_10s/train/pd_17-28_Nicola_M/B1NMIICNOO52M100220171134_w003_15.0s.npy,pd_17-28_Nicola_M,ipvs,syllable_repetition,1,train,15.0,0.0
data/processed/audio_10s/train/pd_17-28_Nicola_M/B1NMIICNOO52M100220171134_w004_20.0s.wav,data/processed/features_10s/train/pd_17-28_Nicola_M/B1NMIICNOO52M100220171134_w004_20.0s.npy,pd_17-28_Nicola_M,ipvs,syllable_repetition,1,train,20.0,0.0
data/processed/audio_10s/train/pd_17-28_Nicola_M/B1NMIICNOO52M100220171134_w005_25.0s.wav,data/processed/features_10s/train/pd_17-28_Nicola_M/B1NMIICNOO52M100220171134_w005_25.0s.npy,pd_17-28_Nicola_M,ipvs,syllable_repetition,1,train,25.0,0.0
data/processed/audio_10s/train/pd_17-28_Nicola_M/B1NMIICNOO52M100220171134_w006_30.0s.wav,data/processed/features_10s/train/pd_17-28_Nicola_M/B1NMIICNOO52M100220171134_w006_30.0s.npy,pd_17-28_Nicola_M,ipvs,syllable_repetition,1,train,30.0,0.0
data/processed/audio_10s/train/pd_17-28_Nicola_M/B1NMIICNOO52M100220171134_w007_35.0s.wav,data/processed/features_10s/train/pd_17-28_Nicola_M/B1NMIICNOO52M100220171134_w007_35.0s.npy,pd_17-28_Nicola_M,ipvs,syllable_repetition,1,train,35.0,0.0
data/processed/audio_10s/train/pd_17-28_Nicola_M/B1NMIICNOO52M100220171134_w008_40.0s.wav,data/processed/features_10s/train/pd_17-28_Nicola_M/B1NMIICNOO52M100220171134_w008_40.0s.npy,pd_17-28_Nicola_M,ipvs,syllable_repetition,1,train,40.0,0.0
data/processed/audio_10s/train/pd_17-28_Nicola_M/B1NMIICNOO52M100220171134_w009_45.0s.wav,data/processed/features_10s/train/pd_17-28_Nicola_M/B1NMIICNOO52M100220171134_w009_45.0s.npy,pd_17-28_Nicola_M,ipvs,syllable_repetition,1,train,45.0,0.0
data/processed/audio_10s/train/pd_17-28_Nicola_M/B1NMIICNOO52M100220171134_w010_50.0s.wav,data/processed/features_10s/train/pd_17-28_Nicola_M/B1NMIICNOO52M100220171134_w010_50.0s.npy,pd_17-28_Nicola_M,ipvs,syllable_repetition,1,train,50.0,0.0
data/processed/audio_10s/train/pd_17-28_Nicola_M/B1NMIICNOO52M100220171134_w011_55.0s.wav,data/processed/features_10s/train/pd_17-28_Nicola_M/B1NMIICNOO52M100220171134_w011_55.0s.npy,pd_17-28_Nicola_M,ipvs,syllable_repetition,1,train,55.0,0.0
data/processed/audio_10s/train/pd_17-28_Nicola_M/B1NMIICNOO52M100220171134_w012_60.0s.wav,data/processed/features_10s/train/pd_17-28_Nicola_M/B1NMIICNOO52M100220171134_w012_60.0s.npy,pd_17-28_Nicola_M,ipvs,syllable_repetition,1,train,60.0,0.0
data/processed/audio_10s/train/pd_17-28_Nicola_M/B1NMIICNOO52M100220171134_w013_65.0s.wav,data/processed/features_10s/train/pd_17-28_Nicola_M/B1NMIICNOO52M100220171134_w013_65.0s.npy,pd_17-28_Nicola_M,ipvs,syllable_repetition,1,train,65.0,0.0
data/processed/audio_10s/train/pd_17-28_Nicola_M/B1NMIICNOO52M100220171134_w014_70.0s.wav,data/processed/features_10s/train/pd_17-28_Nicola_M/B1NMIICNOO52M100220171134_w014_70.0s.npy,pd_17-28_Nicola_M,ipvs,syllable_repetition,1,train,70.0,0.0
data/processed/audio_10s/train/pd_17-28_Nicola_M/B1NMIICNOO52M100220171134_w015_75.0s.wav,data/processed/features_10s/train/pd_17-28_Nicola_M/B1NMIICNOO52M100220171134_w015_75.0s.npy,pd_17-28_Nicola_M,ipvs,syllable_repetition,1,train,75.0,0.0
data/processed/audio_10s/train/pd_17-28_Nicola_M/B1NMIICNOO52M100220171134_w016_80.0s.wav,data/processed/features_10s/train/pd_17-28_Nicola_M/B1NMIICNOO52M100220171134_w016_80.0s.npy,pd_17-28_Nicola_M,ipvs,syllable_repetition,1,train,80.0,0.0
data/processed/audio_10s/train/pd_17-28_Nicola_M/B1NMIICNOO52M100220171134_w017_85.0s.wav,data/processed/features_10s/train/pd_17-28_Nicola_M/B1NMIICNOO52M100220171134_w017_85.0s.npy,pd_17-28_Nicola_M,ipvs,syllable_repetition,1,train,85.0,0.0
data/processed/audio_10s/train/pd_17-28_Nicola_M/B1NMIICNOO52M100220171134_w018_90.0s.wav,data/processed/features_10s/train/pd_17-28_Nicola_M/B1NMIICNOO52M100220171134_w018_90.0s.npy,pd_17-28_Nicola_M,ipvs,syllable_repetition,1,train,90.0,0.0
data/processed/audio_10s/train/pd_17-28_Nicola_M/B1NMIICNOO52M100220171134_w019_95.0s.wav,data/processed/features_10s/train/pd_17-28_Nicola_M/B1NMIICNOO52M100220171134_w019_95.0s.npy,pd_17-28_Nicola_M,ipvs,syllable_repetition,1,train,95.0,0.0
data/processed/audio_10s/train/pd_17-28_Nicola_M/B1NMIICNOO52M100220171134_w020_100.0s.wav,data/processed/features_10s/train/pd_17-28_Nicola_M/B1NMIICNOO52M100220171134_w020_100.0s.npy,pd_17-28_Nicola_M,ipvs,syllable_repetition,1,train,100.0,0.0
data/processed/audio_10s/train/pd_17-28_Nicola_M/B1NMIICNOO52M100220171134_w021_105.0s.wav,data/processed/features_10s/train/pd_17-28_Nicola_M/B1NMIICNOO52M100220171134_w021_105.0s.npy,pd_17-28_Nicola_M,ipvs,syllable_repetition,1,train,105.0,0.0
data/processed/audio_10s/train/pd_17-28_Nicola_M/B1NMIICNOO52M100220171134_w022_110.0s.wav,data/processed/features_10s/train/pd_17-28_Nicola_M/B1NMIICNOO52M100220171134_w022_110.0s.npy,pd_17-28_Nicola_M,ipvs,syllable_repetition,1,train,110.0,0.0
data/processed/audio_10s/train/pd_17-28_Nicola_M/B1NMIICNOO52M100220171134_w023_115.0s.wav,data/processed/features_10s/train/pd_17-28_Nicola_M/B1NMIICNOO52M100220171134_w023_115.0s.npy,pd_17-28_Nicola_M,ipvs,syllable_repetition,1,train,115.0,0.0
data/processed/audio_10s/train/pd_17-28_Nicola_M/B1NMIICNOO52M100220171134_w024_120.0s.wav,data/processed/features_10s/train/pd_17-28_Nicola_M/B1NMIICNOO52M100220171134_w024_120.0s.npy,pd_17-28_Nicola_M,ipvs,syllable_repetition,1,train,120.0,0.0
data/processed/audio_10s/train/pd_17-28_Nicola_M/B1NMIICNOO52M100220171134_w025_125.0s.wav,data/processed/features_10s/train/pd_17-28_Nicola_M/B1NMIICNOO52M100220171134_w025_125.0s.npy,pd_17-28_Nicola_M,ipvs,syllable_repetition,1,train,125.0,0.0
data/processed/audio_10s/train/pd_17-28_Nicola_M/B1NMIICNOO52M100220171134_w026_130.0s.wav,data/processed/features_10s/train/pd_17-28_Nicola_M/B1NMIICNOO52M100220171134_w026_130.0s.npy,pd_17-28_Nicola_M,ipvs,syllable_repetition,1,train,130.0,0.0
data/processed/audio_10s/train/pd_17-28_Nicola_M/B1NMIICNOO52M100220171134_w027_135.0s.wav,data/processed/features_10s/train/pd_17-28_Nicola_M/B1NMIICNOO52M100220171134_w027_135.0s.npy,pd_17-28_Nicola_M,ipvs,syllable_repetition,1,train,135.0,0.0
data/processed/audio_10s/train/pd_17-28_Nicola_M/B1NMIICNOO52M100220171134_w028_140.0s.wav,data/processed/features_10s/train/pd_17-28_Nicola_M/B1NMIICNOO52M100220171134_w028_140.0s.npy,pd_17-28_Nicola_M,ipvs,syllable_repetition,1,train,140.0,0.0
data/processed/audio_10s/train/pd_17-28_Nicola_M/B1NMIICNOO52M100220171134_w029_145.0s.wav,data/processed/features_10s/train/pd_17-28_Nicola_M/B1NMIICNOO52M100220171134_w029_145.0s.npy,pd_17-28_Nicola_M,ipvs,syllable_repetition,1,train,145.0,0.0
data/processed/audio_10s/train/pd_17-28_Nicola_M/B1NMIICNOO52M100220171134_w030_150.0s.wav,data/processed/features_10s/train/pd_17-28_Nicola_M/B1NMIICNOO52M100220171134_w030_150.0s.npy,pd_17-28_Nicola_M,ipvs,syllable_repetition,1,train,150.0,0.0
data/processed/audio_10s/train/pd_17-28_Nicola_M/B1NMIICNOO52M100220171134_w031_155.0s.wav,data/processed/features_10s/train/pd_17-28_Nicola_M/B1NMIICNOO52M100220171134_w031_155.0s.npy,pd_17-28_Nicola_M,ipvs,syllable_repetition,1,train,155.0,0.0
data/processed/audio_10s/train/pd_17-28_Nicola_M/B1NMIICNOO52M100220171134_w032_160.0s.wav,data/processed/features_10s/train/pd_17-28_Nicola_M/B1NMIICNOO52M100220171134_w032_160.0s.npy,pd_17-28_Nicola_M,ipvs,syllable_repetition,1,train,160.0,0.0
data/processed/audio_10s/train/pd_17-28_Nicola_M/PR1NMIICNOO52M100220171146_w000_0.0s.wav,data/processed/features_10s/train/pd_17-28_Nicola_M/PR1NMIICNOO52M100220171146_w000_0.0s.npy,pd_17-28_Nicola_M,ipvs,reading_passage,1,train,0.0,0.0
data/processed/audio_10s/train/pd_17-28_Nicola_M/PR1NMIICNOO52M100220171146_w001_5.0s.wav,data/processed/features_10s/train/pd_17-28_Nicola_M/PR1NMIICNOO52M100220171146_w001_5.0s.npy,pd_17-28_Nicola_M,ipvs,reading_passage,1,train,5.0,0.0
data/processed/audio_10s/train/pd_17-28_Nicola_M/PR1NMIICNOO52M100220171146_w002_10.0s.wav,data/processed/features_10s/train/pd_17-28_Nicola_M/PR1NMIICNOO52M100220171146_w002_10.0s.npy,pd_17-28_Nicola_M,ipvs,reading_passage,1,train,10.0,0.0
data/processed/audio_10s/train/pd_17-28_Nicola_M/PR1NMIICNOO52M100220171146_w003_15.0s.wav,data/processed/features_10s/train/pd_17-28_Nicola_M/PR1NMIICNOO52M100220171146_w003_15.0s.npy,pd_17-28_Nicola_M,ipvs,reading_passage,1,train,15.0,0.0
data/processed/audio_10s/train/pd_17-28_Nicola_M/PR1NMIICNOO52M100220171146_w004_20.0s.wav,data/processed/features_10s/train/pd_17-28_Nicola_M/PR1NMIICNOO52M100220171146_w004_20.0s.npy,pd_17-28_Nicola_M,ipvs,reading_passage,1,train,20.0,0.0
data/processed/audio_10s/train/pd_17-28_Nicola_M/PR1NMIICNOO52M100220171146_w005_25.0s.wav,data/processed/features_10s/train/pd_17-28_Nicola_M/PR1NMIICNOO52M100220171146_w005_25.0s.npy,pd_17-28_Nicola_M,ipvs,reading_passage,1,train,25.0,0.0
data/processed/audio_10s/train/pd_17-28_Nicola_M/PR1NMIICNOO52M100220171146_w006_30.0s.wav,data/processed/features_10s/train/pd_17-28_Nicola_M/PR1NMIICNOO52M100220171146_w006_30.0s.npy,pd_17-28_Nicola_M,ipvs,reading_passage,1,train,30.0,0.0
data/processed/audio_10s/train/pd_17-28_Nicola_M/PR1NMIICNOO52M100220171146_w007_35.0s.wav,data/processed/features_10s/train/pd_17-28_Nicola_M/PR1NMIICNOO52M100220171146_w007_35.0s.npy,pd_17-28_Nicola_M,ipvs,reading_passage,1,train,35.0,0.0
data/processed/audio_10s/train/pd_17-28_Nicola_M/PR1NMIICNOO52M100220171146_w008_40.0s.wav,data/processed/features_10s/train/pd_17-28_Nicola_M/PR1NMIICNOO52M100220171146_w008_40.0s.npy,pd_17-28_Nicola_M,ipvs,reading_passage,1,train,40.0,0.0
data/processed/audio_10s/train/pd_17-28_Nicola_M/PR1NMIICNOO52M100220171146_w009_45.0s.wav,data/processed/features_10s/train/pd_17-28_Nicola_M/PR1NMIICNOO52M100220171146_w009_45.0s.npy,pd_17-28_Nicola_M,ipvs,reading_passage,1,train,45.0,0.0
data/processed/audio_10s/train/pd_17-28_Nicola_M/PR1NMIICNOO52M100220171146_w010_50.0s.wav,data/processed/features_10s/train/pd_17-28_Nicola_M/PR1NMIICNOO52M100220171146_w010_50.0s.npy,pd_17-28_Nicola_M,ipvs,reading_passage,1,train,50.0,0.0
data/processed/audio_10s/train/pd_17-28_Nicola_M/PR1NMIICNOO52M100220171146_w011_55.0s.wav,data/processed/features_10s/train/pd_17-28_Nicola_M/PR1NMIICNOO52M100220171146_w011_55.0s.npy,pd_17-28_Nicola_M,ipvs,reading_passage,1,train,55.0,0.0
data/processed/audio_10s/train/pd_17-28_Nicola_M/PR1NMIICNOO52M100220171146_w012_60.0s.wav,data/processed/features_10s/train/pd_17-28_Nicola_M/PR1NMIICNOO52M100220171146_w012_60.0s.npy,pd_17-28_Nicola_M,ipvs,reading_passage,1,train,60.0,0.0
data/processed/audio_10s/train/pd_17-28_Nicola_M/PR1NMIICNOO52M100220171146_w013_65.0s.wav,data/processed/features_10s/train/pd_17-28_Nicola_M/PR1NMIICNOO52M100220171146_w013_65.0s.npy,pd_17-28_Nicola_M,ipvs,reading_passage,1,train,65.0,0.0
data/processed/audio_10s/train/pd_17-28_Nicola_M/PR1NMIICNOO52M100220171146_w014_70.0s.wav,data/processed/features_10s/train/pd_17-28_Nicola_M/PR1NMIICNOO52M100220171146_w014_70.0s.npy,pd_17-28_Nicola_M,ipvs,reading_passage,1,train,70.0,0.0
data/processed/audio_10s/train/pd_17-28_Nicola_M/PR1NMIICNOO52M100220171146_w015_75.0s.wav,data/processed/features_10s/train/pd_17-28_Nicola_M/PR1NMIICNOO52M100220171146_w015_75.0s.npy,pd_17-28_Nicola_M,ipvs,reading_passage,1,train,75.0,0.0
data/processed/audio_10s/train/pd_17-28_Nicola_M/PR1NMIICNOO52M100220171146_w016_80.0s.wav,data/processed/features_10s/train/pd_17-28_Nicola_M/PR1NMIICNOO52M100220171146_w016_80.0s.npy,pd_17-28_Nicola_M,ipvs,reading_passage,1,train,80.0,0.0
data/processed/audio_10s/train/pd_17-28_Nicola_M/PR1NMIICNOO52M100220171146_w017_85.0s.wav,data/processed/features_10s/train/pd_17-28_Nicola_M/PR1NMIICNOO52M100220171146_w017_85.0s.npy,pd_17-28_Nicola_M,ipvs,reading_passage,1,train,85.0,0.0
data/processed/audio_10s/train/pd_17-28_Nicola_M/PR1NMIICNOO52M100220171146_w018_90.0s.wav,data/processed/features_10s/train/pd_17-28_Nicola_M/PR1NMIICNOO52M100220171146_w018_90.0s.npy,pd_17-28_Nicola_M,ipvs,reading_passage,1,train,90.0,0.0
data/processed/audio_10s/train/pd_17-28_Nicola_M/PR1NMIICNOO52M100220171146_w019_95.0s.wav,data/processed/features_10s/train/pd_17-28_Nicola_M/PR1NMIICNOO52M100220171146_w019_95.0s.npy,pd_17-28_Nicola_M,ipvs,reading_passage,1,train,95.0,0.0
data/processed/audio_10s/train/pd_17-28_Nicola_M/PR1NMIICNOO52M100220171146_w020_100.0s.wav,data/processed/features_10s/train/pd_17-28_Nicola_M/PR1NMIICNOO52M100220171146_w020_100.0s.npy,pd_17-28_Nicola_M,ipvs,reading_passage,1,train,100.0,0.0
data/processed/audio_10s/train/pd_17-28_Nicola_M/PR1NMIICNOO52M100220171146_w021_105.0s.wav,data/processed/features_10s/train/pd_17-28_Nicola_M/PR1NMIICNOO52M100220171146_w021_105.0s.npy,pd_17-28_Nicola_M,ipvs,reading_passage,1,train,105.0,0.0
data/processed/audio_10s/train/pd_17-28_Nicola_M/PR1NMIICNOO52M100220171146_w022_110.0s.wav,data/processed/features_10s/train/pd_17-28_Nicola_M/PR1NMIICNOO52M100220171146_w022_110.0s.npy,pd_17-28_Nicola_M,ipvs,reading_passage,1,train,110.0,0.0
data/processed/audio_10s/train/pd_17-28_Nicola_M/PR1NMIICNOO52M100220171146_w023_115.0s.wav,data/processed/features_10s/train/pd_17-28_Nicola_M/PR1NMIICNOO52M100220171146_w023_115.0s.npy,pd_17-28_Nicola_M,ipvs,reading_passage,1,train,115.0,0.0
data/processed/audio_10s/train/pd_17-28_Nicola_M/PR1NMIICNOO52M100220171146_w024_120.0s.wav,data/processed/features_10s/train/pd_17-28_Nicola_M/PR1NMIICNOO52M100220171146_w024_120.0s.npy,pd_17-28_Nicola_M,ipvs,reading_passage,1,train,120.0,0.0
data/processed/audio_10s/train/pd_17-28_Nicola_M/PR1NMIICNOO52M100220171146_w025_125.0s.wav,data/processed/features_10s/train/pd_17-28_Nicola_M/PR1NMIICNOO52M100220171146_w025_125.0s.npy,pd_17-28_Nicola_M,ipvs,reading_passage,1,train,125.0,0.0
data/processed/audio_10s/train/pd_17-28_Nicola_M/PR1NMIICNOO52M100220171146_w026_130.0s.wav,data/processed/features_10s/train/pd_17-28_Nicola_M/PR1NMIICNOO52M100220171146_w026_130.0s.npy,pd_17-28_Nicola_M,ipvs,reading_passage,1,train,130.0,0.0
data/processed/audio_10s/train/pd_17-28_Nicola_M/PR1NMIICNOO52M100220171146_w027_135.0s.wav,data/processed/features_10s/train/pd_17-28_Nicola_M/PR1NMIICNOO52M100220171146_w027_135.0s.npy,pd_17-28_Nicola_M,ipvs,reading_passage,1,train,135.0,0.0
data/processed/audio_10s/train/pd_17-28_Nicola_M/PR1NMIICNOO52M100220171146_w028_140.0s.wav,data/processed/features_10s/train/pd_17-28_Nicola_M/PR1NMIICNOO52M100220171146_w028_140.0s.npy,pd_17-28_Nicola_M,ipvs,reading_passage,1,train,140.0,0.0
data/processed/audio_10s/train/pd_17-28_Nicola_M/VU1NMIICNOO52M100220171141_w000_0.0s.wav,data/processed/features_10s/train/pd_17-28_Nicola_M/VU1NMIICNOO52M100220171141_w000_0.0s.npy,pd_17-28_Nicola_M,ipvs,vowel_sustain,1,train,0.0,0.1648
data/processed/audio_10s/val/pd_17-28_Nicolò_C/B1NCIICAOC52M100220171237_w000_0.0s.wav,data/processed/features_10s/val/pd_17-28_Nicolò_C/B1NCIICAOC52M100220171237_w000_0.0s.npy,pd_17-28_Nicolò_C,ipvs,syllable_repetition,1,val,0.0,0.0
data/processed/audio_10s/val/pd_17-28_Nicolò_C/B1NCIICAOC52M100220171237_w001_5.0s.wav,data/processed/features_10s/val/pd_17-28_Nicolò_C/B1NCIICAOC52M100220171237_w001_5.0s.npy,pd_17-28_Nicolò_C,ipvs,syllable_repetition,1,val,5.0,0.0
data/processed/audio_10s/val/pd_17-28_Nicolò_C/B1NCIICAOC52M100220171237_w002_10.0s.wav,data/processed/features_10s/val/pd_17-28_Nicolò_C/B1NCIICAOC52M100220171237_w002_10.0s.npy,pd_17-28_Nicolò_C,ipvs,syllable_repetition,1,val,10.0,0.0
data/processed/audio_10s/val/pd_17-28_Nicolò_C/B1NCIICAOC52M100220171237_w003_15.0s.wav,data/processed/features_10s/val/pd_17-28_Nicolò_C/B1NCIICAOC52M100220171237_w003_15.0s.npy,pd_17-28_Nicolò_C,ipvs,syllable_repetition,1,val,15.0,0.0
data/processed/audio_10s/val/pd_17-28_Nicolò_C/B1NCIICAOC52M100220171237_w004_20.0s.wav,data/processed/features_10s/val/pd_17-28_Nicolò_C/B1NCIICAOC52M100220171237_w004_20.0s.npy,pd_17-28_Nicolò_C,ipvs,syllable_repetition,1,val,20.0,0.0
data/processed/audio_10s/val/pd_17-28_Nicolò_C/B1NCIICAOC52M100220171237_w005_25.0s.wav,data/processed/features_10s/val/pd_17-28_Nicolò_C/B1NCIICAOC52M100220171237_w005_25.0s.npy,pd_17-28_Nicolò_C,ipvs,syllable_repetition,1,val,25.0,0.0
data/processed/audio_10s/val/pd_17-28_Nicolò_C/B1NCIICAOC52M100220171237_w006_30.0s.wav,data/processed/features_10s/val/pd_17-28_Nicolò_C/B1NCIICAOC52M100220171237_w006_30.0s.npy,pd_17-28_Nicolò_C,ipvs,syllable_repetition,1,val,30.0,0.0
data/processed/audio_10s/val/pd_17-28_Nicolò_C/B1NCIICAOC52M100220171237_w007_35.0s.wav,data/processed/features_10s/val/pd_17-28_Nicolò_C/B1NCIICAOC52M100220171237_w007_35.0s.npy,pd_17-28_Nicolò_C,ipvs,syllable_repetition,1,val,35.0,0.0
data/processed/audio_10s/val/pd_17-28_Nicolò_C/B1NCIICAOC52M100220171237_w008_40.0s.wav,data/processed/features_10s/val/pd_17-28_Nicolò_C/B1NCIICAOC52M100220171237_w008_40.0s.npy,pd_17-28_Nicolò_C,ipvs,syllable_repetition,1,val,40.0,0.0
data/processed/audio_10s/val/pd_17-28_Nicolò_C/B1NCIICAOC52M100220171237_w009_45.0s.wav,data/processed/features_10s/val/pd_17-28_Nicolò_C/B1NCIICAOC52M100220171237_w009_45.0s.npy,pd_17-28_Nicolò_C,ipvs,syllable_repetition,1,val,45.0,0.0
data/processed/audio_10s/val/pd_17-28_Nicolò_C/B1NCIICAOC52M100220171237_w010_50.0s.wav,data/processed/features_10s/val/pd_17-28_Nicolò_C/B1NCIICAOC52M100220171237_w010_50.0s.npy,pd_17-28_Nicolò_C,ipvs,syllable_repetition,1,val,50.0,0.0
data/processed/audio_10s/val/pd_17-28_Nicolò_C/B1NCIICAOC52M100220171237_w011_55.0s.wav,data/processed/features_10s/val/pd_17-28_Nicolò_C/B1NCIICAOC52M100220171237_w011_55.0s.npy,pd_17-28_Nicolò_C,ipvs,syllable_repetition,1,val,55.0,0.0
data/processed/audio_10s/val/pd_17-28_Nicolò_C/B1NCIICAOC52M100220171237_w012_60.0s.wav,data/processed/features_10s/val/pd_17-28_Nicolò_C/B1NCIICAOC52M100220171237_w012_60.0s.npy,pd_17-28_Nicolò_C,ipvs,syllable_repetition,1,val,60.0,0.0
data/processed/audio_10s/val/pd_17-28_Nicolò_C/B1NCIICAOC52M100220171237_w013_65.0s.wav,data/processed/features_10s/val/pd_17-28_Nicolò_C/B1NCIICAOC52M100220171237_w013_65.0s.npy,pd_17-28_Nicolò_C,ipvs,syllable_repetition,1,val,65.0,0.0
data/processed/audio_10s/val/pd_17-28_Nicolò_C/B1NCIICAOC52M100220171237_w014_70.0s.wav,data/processed/features_10s/val/pd_17-28_Nicolò_C/B1NCIICAOC52M100220171237_w014_70.0s.npy,pd_17-28_Nicolò_C,ipvs,syllable_repetition,1,val,70.0,0.0
data/processed/audio_10s/val/pd_17-28_Nicolò_C/B1NCIICAOC52M100220171237_w015_75.0s.wav,data/processed/features_10s/val/pd_17-28_Nicolò_C/B1NCIICAOC52M100220171237_w015_75.0s.npy,pd_17-28_Nicolò_C,ipvs,syllable_repetition,1,val,75.0,0.0
data/processed/audio_10s/val/pd_17-28_Nicolò_C/B1NCIICAOC52M100220171237_w016_80.0s.wav,data/processed/features_10s/val/pd_17-28_Nicolò_C/B1NCIICAOC52M100220171237_w016_80.0s.npy,pd_17-28_Nicolò_C,ipvs,syllable_repetition,1,val,80.0,0.0
data/processed/audio_10s/val/pd_17-28_Nicolò_C/B1NCIICAOC52M100220171237_w017_85.0s.wav,data/processed/features_10s/val/pd_17-28_Nicolò_C/B1NCIICAOC52M100220171237_w017_85.0s.npy,pd_17-28_Nicolò_C,ipvs,syllable_repetition,1,val,85.0,0.0
data/processed/audio_10s/val/pd_17-28_Nicolò_C/B1NCIICAOC52M100220171237_w018_90.0s.wav,data/processed/features_10s/val/pd_17-28_Nicolò_C/B1NCIICAOC52M100220171237_w018_90.0s.npy,pd_17-28_Nicolò_C,ipvs,syllable_repetition,1,val,90.0,0.0
data/processed/audio_10s/val/pd_17-28_Nicolò_C/B1NCIICAOC52M100220171237_w019_95.0s.wav,data/processed/features_10s/val/pd_17-28_Nicolò_C/B1NCIICAOC52M100220171237_w019_95.0s.npy,pd_17-28_Nicolò_C,ipvs,syllable_repetition,1,val,95.0,0.0
data/processed/audio_10s/val/pd_17-28_Nicolò_C/B1NCIICAOC52M100220171237_w020_100.0s.wav,data/processed/features_10s/val/pd_17-28_Nicolò_C/B1NCIICAOC52M100220171237_w020_100.0s.npy,pd_17-28_Nicolò_C,ipvs,syllable_repetition,1,val,100.0,0.0
data/processed/audio_10s/val/pd_17-28_Nicolò_C/B1NCIICAOC52M100220171237_w021_105.0s.wav,data/processed/features_10s/val/pd_17-28_Nicolò_C/B1NCIICAOC52M100220171237_w021_105.0s.npy,pd_17-28_Nicolò_C,ipvs,syllable_repetition,1,val,105.0,0.0
data/processed/audio_10s/val/pd_17-28_Nicolò_C/B1NCIICAOC52M100220171237_w022_110.0s.wav,data/processed/features_10s/val/pd_17-28_Nicolò_C/B1NCIICAOC52M100220171237_w022_110.0s.npy,pd_17-28_Nicolò_C,ipvs,syllable_repetition,1,val,110.0,0.0
data/processed/audio_10s/val/pd_17-28_Nicolò_C/B1NCIICAOC52M100220171237_w023_115.0s.wav,data/processed/features_10s/val/pd_17-28_Nicolò_C/B1NCIICAOC52M100220171237_w023_115.0s.npy,pd_17-28_Nicolò_C,ipvs,syllable_repetition,1,val,115.0,0.0
data/processed/audio_10s/val/pd_17-28_Nicolò_C/B1NCIICAOC52M100220171237_w024_120.0s.wav,data/processed/features_10s/val/pd_17-28_Nicolò_C/B1NCIICAOC52M100220171237_w024_120.0s.npy,pd_17-28_Nicolò_C,ipvs,syllable_repetition,1,val,120.0,0.0
data/processed/audio_10s/val/pd_17-28_Nicolò_C/B1NCIICAOC52M100220171237_w025_125.0s.wav,data/processed/features_10s/val/pd_17-28_Nicolò_C/B1NCIICAOC52M100220171237_w025_125.0s.npy,pd_17-28_Nicolò_C,ipvs,syllable_repetition,1,val,125.0,0.0
data/processed/audio_10s/val/pd_17-28_Nicolò_C/B1NCIICAOC52M100220171237_w026_130.0s.wav,data/processed/features_10s/val/pd_17-28_Nicolò_C/B1NCIICAOC52M100220171237_w026_130.0s.npy,pd_17-28_Nicolò_C,ipvs,syllable_repetition,1,val,130.0,0.0
data/processed/audio_10s/val/pd_17-28_Nicolò_C/B1NCIICAOC52M100220171237_w027_135.0s.wav,data/processed/features_10s/val/pd_17-28_Nicolò_C/B1NCIICAOC52M100220171237_w027_135.0s.npy,pd_17-28_Nicolò_C,ipvs,syllable_repetition,1,val,135.0,0.0
data/processed/audio_10s/val/pd_17-28_Nicolò_C/B1NCIICAOC52M100220171237_w028_140.0s.wav,data/processed/features_10s/val/pd_17-28_Nicolò_C/B1NCIICAOC52M100220171237_w028_140.0s.npy,pd_17-28_Nicolò_C,ipvs,syllable_repetition,1,val,140.0,0.0
data/processed/audio_10s/val/pd_17-28_Nicolò_C/B1NCIICAOC52M100220171237_w029_145.0s.wav,data/processed/features_10s/val/pd_17-28_Nicolò_C/B1NCIICAOC52M100220171237_w029_145.0s.npy,pd_17-28_Nicolò_C,ipvs,syllable_repetition,1,val,145.0,0.0
data/processed/audio_10s/val/pd_17-28_Nicolò_C/B1NCIICAOC52M100220171237_w030_150.0s.wav,data/processed/features_10s/val/pd_17-28_Nicolò_C/B1NCIICAOC52M100220171237_w030_150.0s.npy,pd_17-28_Nicolò_C,ipvs,syllable_repetition,1,val,150.0,0.0
data/processed/audio_10s/val/pd_17-28_Nicolò_C/B1NCIICAOC52M100220171237_w031_155.0s.wav,data/processed/features_10s/val/pd_17-28_Nicolò_C/B1NCIICAOC52M100220171237_w031_155.0s.npy,pd_17-28_Nicolò_C,ipvs,syllable_repetition,1,val,155.0,0.0
data/processed/audio_10s/val/pd_17-28_Nicolò_C/B1NCIICAOC52M100220171237_w032_160.0s.wav,data/processed/features_10s/val/pd_17-28_Nicolò_C/B1NCIICAOC52M100220171237_w032_160.0s.npy,pd_17-28_Nicolò_C,ipvs,syllable_repetition,1,val,160.0,0.0
data/processed/audio_10s/val/pd_17-28_Nicolò_C/B1NCIICAOC52M100220171237_w033_165.0s.wav,data/processed/features_10s/val/pd_17-28_Nicolò_C/B1NCIICAOC52M100220171237_w033_165.0s.npy,pd_17-28_Nicolò_C,ipvs,syllable_repetition,1,val,165.0,0.0
data/processed/audio_10s/val/pd_17-28_Nicolò_C/B1NCIICAOC52M100220171237_w034_170.0s.wav,data/processed/features_10s/val/pd_17-28_Nicolò_C/B1NCIICAOC52M100220171237_w034_170.0s.npy,pd_17-28_Nicolò_C,ipvs,syllable_repetition,1,val,170.0,0.0
data/processed/audio_10s/val/pd_17-28_Nicolò_C/B1NCIICAOC52M100220171237_w035_175.0s.wav,data/processed/features_10s/val/pd_17-28_Nicolò_C/B1NCIICAOC52M100220171237_w035_175.0s.npy,pd_17-28_Nicolò_C,ipvs,syllable_repetition,1,val,175.0,0.0
data/processed/audio_10s/val/pd_17-28_Nicolò_C/B1NCIICAOC52M100220171237_w036_180.0s.wav,data/processed/features_10s/val/pd_17-28_Nicolò_C/B1NCIICAOC52M100220171237_w036_180.0s.npy,pd_17-28_Nicolò_C,ipvs,syllable_repetition,1,val,180.0,0.0
data/processed/audio_10s/val/pd_17-28_Nicolò_C/B1NCIICAOC52M100220171237_w037_185.0s.wav,data/processed/features_10s/val/pd_17-28_Nicolò_C/B1NCIICAOC52M100220171237_w037_185.0s.npy,pd_17-28_Nicolò_C,ipvs,syllable_repetition,1,val,185.0,0.0
data/processed/audio_10s/val/pd_17-28_Nicolò_C/B1NCIICAOC52M100220171237_w038_190.0s.wav,data/processed/features_10s/val/pd_17-28_Nicolò_C/B1NCIICAOC52M100220171237_w038_190.0s.npy,pd_17-28_Nicolò_C,ipvs,syllable_repetition,1,val,190.0,0.0
data/processed/audio_10s/val/pd_17-28_Nicolò_C/B1NCIICAOC52M100220171237_w039_195.0s.wav,data/processed/features_10s/val/pd_17-28_Nicolò_C/B1NCIICAOC52M100220171237_w039_195.0s.npy,pd_17-28_Nicolò_C,ipvs,syllable_repetition,1,val,195.0,0.0
data/processed/audio_10s/val/pd_17-28_Nicolò_C/B1NCIICAOC52M100220171237_w040_200.0s.wav,data/processed/features_10s/val/pd_17-28_Nicolò_C/B1NCIICAOC52M100220171237_w040_200.0s.npy,pd_17-28_Nicolò_C,ipvs,syllable_repetition,1,val,200.0,0.0
data/processed/audio_10s/val/pd_17-28_Nicolò_C/B1NCIICAOC52M100220171237_w041_205.0s.wav,data/processed/features_10s/val/pd_17-28_Nicolò_C/B1NCIICAOC52M100220171237_w041_205.0s.npy,pd_17-28_Nicolò_C,ipvs,syllable_repetition,1,val,205.0,0.0
data/processed/audio_10s/val/pd_17-28_Nicolò_C/B1NCIICAOC52M100220171237_w042_210.0s.wav,data/processed/features_10s/val/pd_17-28_Nicolò_C/B1NCIICAOC52M100220171237_w042_210.0s.npy,pd_17-28_Nicolò_C,ipvs,syllable_repetition,1,val,210.0,0.0
data/processed/audio_10s/val/pd_17-28_Nicolò_C/B1NCIICAOC52M100220171237_w043_215.0s.wav,data/processed/features_10s/val/pd_17-28_Nicolò_C/B1NCIICAOC52M100220171237_w043_215.0s.npy,pd_17-28_Nicolò_C,ipvs,syllable_repetition,1,val,215.0,0.0
data/processed/audio_10s/val/pd_17-28_Nicolò_C/B1NCIICAOC52M100220171237_w044_220.0s.wav,data/processed/features_10s/val/pd_17-28_Nicolò_C/B1NCIICAOC52M100220171237_w044_220.0s.npy,pd_17-28_Nicolò_C,ipvs,syllable_repetition,1,val,220.0,0.0
data/processed/audio_10s/val/pd_17-28_Nicolò_C/B1NCIICAOC52M100220171237_w045_225.0s.wav,data/processed/features_10s/val/pd_17-28_Nicolò_C/B1NCIICAOC52M100220171237_w045_225.0s.npy,pd_17-28_Nicolò_C,ipvs,syllable_repetition,1,val,225.0,0.0
data/processed/audio_10s/val/pd_17-28_Nicolò_C/B1NCIICAOC52M100220171237_w046_230.0s.wav,data/processed/features_10s/val/pd_17-28_Nicolò_C/B1NCIICAOC52M100220171237_w046_230.0s.npy,pd_17-28_Nicolò_C,ipvs,syllable_repetition,1,val,230.0,0.0
data/processed/audio_10s/val/pd_17-28_Nicolò_C/B1NCIICAOC52M100220171237_w047_235.0s.wav,data/processed/features_10s/val/pd_17-28_Nicolò_C/B1NCIICAOC52M100220171237_w047_235.0s.npy,pd_17-28_Nicolò_C,ipvs,syllable_repetition,1,val,235.0,0.0
data/processed/audio_10s/val/pd_17-28_Nicolò_C/PR1NCIICAOC52M100220171249_w000_0.0s.wav,data/processed/features_10s/val/pd_17-28_Nicolò_C/PR1NCIICAOC52M100220171249_w000_0.0s.npy,pd_17-28_Nicolò_C,ipvs,reading_passage,1,val,0.0,0.0
data/processed/audio_10s/val/pd_17-28_Nicolò_C/PR1NCIICAOC52M100220171249_w001_5.0s.wav,data/processed/features_10s/val/pd_17-28_Nicolò_C/PR1NCIICAOC52M100220171249_w001_5.0s.npy,pd_17-28_Nicolò_C,ipvs,reading_passage,1,val,5.0,0.0
data/processed/audio_10s/val/pd_17-28_Nicolò_C/PR1NCIICAOC52M100220171249_w002_10.0s.wav,data/processed/features_10s/val/pd_17-28_Nicolò_C/PR1NCIICAOC52M100220171249_w002_10.0s.npy,pd_17-28_Nicolò_C,ipvs,reading_passage,1,val,10.0,0.0
data/processed/audio_10s/val/pd_17-28_Nicolò_C/PR1NCIICAOC52M100220171249_w003_15.0s.wav,data/processed/features_10s/val/pd_17-28_Nicolò_C/PR1NCIICAOC52M100220171249_w003_15.0s.npy,pd_17-28_Nicolò_C,ipvs,reading_passage,1,val,15.0,0.0
data/processed/audio_10s/val/pd_17-28_Nicolò_C/PR1NCIICAOC52M100220171249_w004_20.0s.wav,data/processed/features_10s/val/pd_17-28_Nicolò_C/PR1NCIICAOC52M100220171249_w004_20.0s.npy,pd_17-28_Nicolò_C,ipvs,reading_passage,1,val,20.0,0.0
data/processed/audio_10s/val/pd_17-28_Nicolò_C/PR1NCIICAOC52M100220171249_w005_25.0s.wav,data/processed/features_10s/val/pd_17-28_Nicolò_C/PR1NCIICAOC52M100220171249_w005_25.0s.npy,pd_17-28_Nicolò_C,ipvs,reading_passage,1,val,25.0,0.0
data/processed/audio_10s/val/pd_17-28_Nicolò_C/PR1NCIICAOC52M100220171249_w006_30.0s.wav,data/processed/features_10s/val/pd_17-28_Nicolò_C/PR1NCIICAOC52M100220171249_w006_30.0s.npy,pd_17-28_Nicolò_C,ipvs,reading_passage,1,val,30.0,0.0
data/processed/audio_10s/val/pd_17-28_Nicolò_C/PR1NCIICAOC52M100220171249_w007_35.0s.wav,data/processed/features_10s/val/pd_17-28_Nicolò_C/PR1NCIICAOC52M100220171249_w007_35.0s.npy,pd_17-28_Nicolò_C,ipvs,reading_passage,1,val,35.0,0.0
data/processed/audio_10s/val/pd_17-28_Nicolò_C/PR1NCIICAOC52M100220171249_w008_40.0s.wav,data/processed/features_10s/val/pd_17-28_Nicolò_C/PR1NCIICAOC52M100220171249_w008_40.0s.npy,pd_17-28_Nicolò_C,ipvs,reading_passage,1,val,40.0,0.0
data/processed/audio_10s/val/pd_17-28_Nicolò_C/PR1NCIICAOC52M100220171249_w009_45.0s.wav,data/processed/features_10s/val/pd_17-28_Nicolò_C/PR1NCIICAOC52M100220171249_w009_45.0s.npy,pd_17-28_Nicolò_C,ipvs,reading_passage,1,val,45.0,0.0
data/processed/audio_10s/val/pd_17-28_Nicolò_C/PR1NCIICAOC52M100220171249_w010_50.0s.wav,data/processed/features_10s/val/pd_17-28_Nicolò_C/PR1NCIICAOC52M100220171249_w010_50.0s.npy,pd_17-28_Nicolò_C,ipvs,reading_passage,1,val,50.0,0.0
data/processed/audio_10s/val/pd_17-28_Nicolò_C/PR1NCIICAOC52M100220171249_w011_55.0s.wav,data/processed/features_10s/val/pd_17-28_Nicolò_C/PR1NCIICAOC52M100220171249_w011_55.0s.npy,pd_17-28_Nicolò_C,ipvs,reading_passage,1,val,55.0,0.0
data/processed/audio_10s/val/pd_17-28_Nicolò_C/PR1NCIICAOC52M100220171249_w012_60.0s.wav,data/processed/features_10s/val/pd_17-28_Nicolò_C/PR1NCIICAOC52M100220171249_w012_60.0s.npy,pd_17-28_Nicolò_C,ipvs,reading_passage,1,val,60.0,0.0
data/processed/audio_10s/val/pd_17-28_Nicolò_C/PR1NCIICAOC52M100220171249_w013_65.0s.wav,data/processed/features_10s/val/pd_17-28_Nicolò_C/PR1NCIICAOC52M100220171249_w013_65.0s.npy,pd_17-28_Nicolò_C,ipvs,reading_passage,1,val,65.0,0.0
data/processed/audio_10s/val/pd_17-28_Nicolò_C/PR1NCIICAOC52M100220171249_w014_70.0s.wav,data/processed/features_10s/val/pd_17-28_Nicolò_C/PR1NCIICAOC52M100220171249_w014_70.0s.npy,pd_17-28_Nicolò_C,ipvs,reading_passage,1,val,70.0,0.0
data/processed/audio_10s/val/pd_17-28_Nicolò_C/PR1NCIICAOC52M100220171249_w015_75.0s.wav,data/processed/features_10s/val/pd_17-28_Nicolò_C/PR1NCIICAOC52M100220171249_w015_75.0s.npy,pd_17-28_Nicolò_C,ipvs,reading_passage,1,val,75.0,0.0
data/processed/audio_10s/val/pd_17-28_Nicolò_C/PR1NCIICAOC52M100220171249_w016_80.0s.wav,data/processed/features_10s/val/pd_17-28_Nicolò_C/PR1NCIICAOC52M100220171249_w016_80.0s.npy,pd_17-28_Nicolò_C,ipvs,reading_passage,1,val,80.0,0.0
data/processed/audio_10s/val/pd_17-28_Nicolò_C/PR1NCIICAOC52M100220171249_w017_85.0s.wav,data/processed/features_10s/val/pd_17-28_Nicolò_C/PR1NCIICAOC52M100220171249_w017_85.0s.npy,pd_17-28_Nicolò_C,ipvs,reading_passage,1,val,85.0,0.0
data/processed/audio_10s/val/pd_17-28_Nicolò_C/PR1NCIICAOC52M100220171249_w018_90.0s.wav,data/processed/features_10s/val/pd_17-28_Nicolò_C/PR1NCIICAOC52M100220171249_w018_90.0s.npy,pd_17-28_Nicolò_C,ipvs,reading_passage,1,val,90.0,0.0
data/processed/audio_10s/val/pd_17-28_Nicolò_C/PR1NCIICAOC52M100220171249_w019_95.0s.wav,data/processed/features_10s/val/pd_17-28_Nicolò_C/PR1NCIICAOC52M100220171249_w019_95.0s.npy,pd_17-28_Nicolò_C,ipvs,reading_passage,1,val,95.0,0.0
data/processed/audio_10s/val/pd_17-28_Nicolò_C/PR1NCIICAOC52M100220171249_w020_100.0s.wav,data/processed/features_10s/val/pd_17-28_Nicolò_C/PR1NCIICAOC52M100220171249_w020_100.0s.npy,pd_17-28_Nicolò_C,ipvs,reading_passage,1,val,100.0,0.0
data/processed/audio_10s/val/pd_17-28_Nicolò_C/PR1NCIICAOC52M100220171249_w021_105.0s.wav,data/processed/features_10s/val/pd_17-28_Nicolò_C/PR1NCIICAOC52M100220171249_w021_105.0s.npy,pd_17-28_Nicolò_C,ipvs,reading_passage,1,val,105.0,0.0
data/processed/audio_10s/val/pd_17-28_Nicolò_C/PR1NCIICAOC52M100220171249_w022_110.0s.wav,data/processed/features_10s/val/pd_17-28_Nicolò_C/PR1NCIICAOC52M100220171249_w022_110.0s.npy,pd_17-28_Nicolò_C,ipvs,reading_passage,1,val,110.0,0.0
data/processed/audio_10s/val/pd_17-28_Nicolò_C/PR1NCIICAOC52M100220171249_w023_115.0s.wav,data/processed/features_10s/val/pd_17-28_Nicolò_C/PR1NCIICAOC52M100220171249_w023_115.0s.npy,pd_17-28_Nicolò_C,ipvs,reading_passage,1,val,115.0,0.0
data/processed/audio_10s/val/pd_17-28_Nicolò_C/PR1NCIICAOC52M100220171249_w024_120.0s.wav,data/processed/features_10s/val/pd_17-28_Nicolò_C/PR1NCIICAOC52M100220171249_w024_120.0s.npy,pd_17-28_Nicolò_C,ipvs,reading_passage,1,val,120.0,0.0
data/processed/audio_10s/val/pd_17-28_Nicolò_C/PR1NCIICAOC52M100220171249_w025_125.0s.wav,data/processed/features_10s/val/pd_17-28_Nicolò_C/PR1NCIICAOC52M100220171249_w025_125.0s.npy,pd_17-28_Nicolò_C,ipvs,reading_passage,1,val,125.0,0.0
data/processed/audio_10s/val/pd_17-28_Nicolò_C/PR1NCIICAOC52M100220171249_w026_130.0s.wav,data/processed/features_10s/val/pd_17-28_Nicolò_C/PR1NCIICAOC52M100220171249_w026_130.0s.npy,pd_17-28_Nicolò_C,ipvs,reading_passage,1,val,130.0,0.0
data/processed/audio_10s/val/pd_17-28_Nicolò_C/PR1NCIICAOC52M100220171249_w027_135.0s.wav,data/processed/features_10s/val/pd_17-28_Nicolò_C/PR1NCIICAOC52M100220171249_w027_135.0s.npy,pd_17-28_Nicolò_C,ipvs,reading_passage,1,val,135.0,0.0
data/processed/audio_10s/val/pd_17-28_Nicolò_C/PR1NCIICAOC52M100220171249_w028_140.0s.wav,data/processed/features_10s/val/pd_17-28_Nicolò_C/PR1NCIICAOC52M100220171249_w028_140.0s.npy,pd_17-28_Nicolò_C,ipvs,reading_passage,1,val,140.0,0.0
data/processed/audio_10s/val/pd_17-28_Nicolò_C/PR1NCIICAOC52M100220171249_w029_145.0s.wav,data/processed/features_10s/val/pd_17-28_Nicolò_C/PR1NCIICAOC52M100220171249_w029_145.0s.npy,pd_17-28_Nicolò_C,ipvs,reading_passage,1,val,145.0,0.0
data/processed/audio_10s/val/pd_17-28_Nicolò_C/PR1NCIICAOC52M100220171249_w030_150.0s.wav,data/processed/features_10s/val/pd_17-28_Nicolò_C/PR1NCIICAOC52M100220171249_w030_150.0s.npy,pd_17-28_Nicolò_C,ipvs,reading_passage,1,val,150.0,0.0
data/processed/audio_10s/val/pd_17-28_Nicolò_C/PR1NCIICAOC52M100220171249_w031_155.0s.wav,data/processed/features_10s/val/pd_17-28_Nicolò_C/PR1NCIICAOC52M100220171249_w031_155.0s.npy,pd_17-28_Nicolò_C,ipvs,reading_passage,1,val,155.0,0.0
data/processed/audio_10s/val/pd_17-28_Nicolò_C/PR1NCIICAOC52M100220171249_w032_160.0s.wav,data/processed/features_10s/val/pd_17-28_Nicolò_C/PR1NCIICAOC52M100220171249_w032_160.0s.npy,pd_17-28_Nicolò_C,ipvs,reading_passage,1,val,160.0,0.0
data/processed/audio_10s/val/pd_17-28_Nicolò_C/PR1NCIICAOC52M100220171249_w033_165.0s.wav,data/processed/features_10s/val/pd_17-28_Nicolò_C/PR1NCIICAOC52M100220171249_w033_165.0s.npy,pd_17-28_Nicolò_C,ipvs,reading_passage,1,val,165.0,0.0
data/processed/audio_10s/val/pd_17-28_Nicolò_C/PR1NCIICAOC52M100220171249_w034_170.0s.wav,data/processed/features_10s/val/pd_17-28_Nicolò_C/PR1NCIICAOC52M100220171249_w034_170.0s.npy,pd_17-28_Nicolò_C,ipvs,reading_passage,1,val,170.0,0.0
data/processed/audio_10s/val/pd_17-28_Nicolò_C/PR1NCIICAOC52M100220171249_w035_175.0s.wav,data/processed/features_10s/val/pd_17-28_Nicolò_C/PR1NCIICAOC52M100220171249_w035_175.0s.npy,pd_17-28_Nicolò_C,ipvs,reading_passage,1,val,175.0,0.0
data/processed/audio_10s/val/pd_17-28_Nicolò_C/PR1NCIICAOC52M100220171249_w036_180.0s.wav,data/processed/features_10s/val/pd_17-28_Nicolò_C/PR1NCIICAOC52M100220171249_w036_180.0s.npy,pd_17-28_Nicolò_C,ipvs,reading_passage,1,val,180.0,0.0
data/processed/audio_10s/val/pd_17-28_Nicolò_C/PR1NCIICAOC52M100220171249_w037_185.0s.wav,data/processed/features_10s/val/pd_17-28_Nicolò_C/PR1NCIICAOC52M100220171249_w037_185.0s.npy,pd_17-28_Nicolò_C,ipvs,reading_passage,1,val,185.0,0.0
data/processed/audio_10s/val/pd_17-28_Nicolò_C/PR1NCIICAOC52M100220171249_w038_190.0s.wav,data/processed/features_10s/val/pd_17-28_Nicolò_C/PR1NCIICAOC52M100220171249_w038_190.0s.npy,pd_17-28_Nicolò_C,ipvs,reading_passage,1,val,190.0,0.0
data/processed/audio_10s/val/pd_17-28_Nicolò_C/PR1NCIICAOC52M100220171249_w039_195.0s.wav,data/processed/features_10s/val/pd_17-28_Nicolò_C/PR1NCIICAOC52M100220171249_w039_195.0s.npy,pd_17-28_Nicolò_C,ipvs,reading_passage,1,val,195.0,0.0
data/processed/audio_10s/val/pd_17-28_Nicolò_C/PR1NCIICAOC52M100220171249_w040_200.0s.wav,data/processed/features_10s/val/pd_17-28_Nicolò_C/PR1NCIICAOC52M100220171249_w040_200.0s.npy,pd_17-28_Nicolò_C,ipvs,reading_passage,1,val,200.0,0.0
data/processed/audio_10s/val/pd_17-28_Nicolò_C/PR1NCIICAOC52M100220171249_w041_205.0s.wav,data/processed/features_10s/val/pd_17-28_Nicolò_C/PR1NCIICAOC52M100220171249_w041_205.0s.npy,pd_17-28_Nicolò_C,ipvs,reading_passage,1,val,205.0,0.0
data/processed/audio_10s/val/pd_17-28_Nicolò_C/PR1NCIICAOC52M100220171249_w042_210.0s.wav,data/processed/features_10s/val/pd_17-28_Nicolò_C/PR1NCIICAOC52M100220171249_w042_210.0s.npy,pd_17-28_Nicolò_C,ipvs,reading_passage,1,val,210.0,0.0
data/processed/audio_10s/val/pd_17-28_Nicolò_C/PR1NCIICAOC52M100220171249_w043_215.0s.wav,data/processed/features_10s/val/pd_17-28_Nicolò_C/PR1NCIICAOC52M100220171249_w043_215.0s.npy,pd_17-28_Nicolò_C,ipvs,reading_passage,1,val,215.0,0.0
data/processed/audio_10s/val/pd_17-28_Nicolò_C/PR1NCIICAOC52M100220171249_w044_220.0s.wav,data/processed/features_10s/val/pd_17-28_Nicolò_C/PR1NCIICAOC52M100220171249_w044_220.0s.npy,pd_17-28_Nicolò_C,ipvs,reading_passage,1,val,220.0,0.0
data/processed/audio_10s/val/pd_17-28_Nicolò_C/VA1NCIICAOC52M100220171239_w000_0.0s.wav,data/processed/features_10s/val/pd_17-28_Nicolò_C/VA1NCIICAOC52M100220171239_w000_0.0s.npy,pd_17-28_Nicolò_C,ipvs,vowel_sustain,1,val,0.0,0.0624
data/processed/audio_10s/val/pd_17-28_Nicolò_C/VI1NCIICAOC52M100220171241_w000_0.0s.wav,data/processed/features_10s/val/pd_17-28_Nicolò_C/VI1NCIICAOC52M100220171241_w000_0.0s.npy,pd_17-28_Nicolò_C,ipvs,vowel_sustain,1,val,0.0,0.0
data/processed/audio_10s/val/pd_17-28_Nicolò_C/VO1NCIICAOC52M100220171242_w000_0.0s.wav,data/processed/features_10s/val/pd_17-28_Nicolò_C/VO1NCIICAOC52M100220171242_w000_0.0s.npy,pd_17-28_Nicolò_C,ipvs,vowel_sustain,1,val,0.0,0.0
data/processed/audio_10s/val/pd_17-28_Nicolò_C/VU1NCIICAOC52M100220171243_w000_0.0s.wav,data/processed/features_10s/val/pd_17-28_Nicolò_C/VU1NCIICAOC52M100220171243_w000_0.0s.npy,pd_17-28_Nicolò_C,ipvs,vowel_sustain,1,val,0.0,0.0
data/processed/audio_10s/train/pd_17-28_Vito_L/B1VLIAT OP47M100220171314_w000_0.0s.wav,data/processed/features_10s/train/pd_17-28_Vito_L/B1VLIAT OP47M100220171314_w000_0.0s.npy,pd_17-28_Vito_L,ipvs,syllable_repetition,1,train,0.0,0.0
data/processed/audio_10s/train/pd_17-28_Vito_L/B1VLIAT OP47M100220171314_w001_5.0s.wav,data/processed/features_10s/train/pd_17-28_Vito_L/B1VLIAT OP47M100220171314_w001_5.0s.npy,pd_17-28_Vito_L,ipvs,syllable_repetition,1,train,5.0,0.0
data/processed/audio_10s/train/pd_17-28_Vito_L/B1VLIAT OP47M100220171314_w002_10.0s.wav,data/processed/features_10s/train/pd_17-28_Vito_L/B1VLIAT OP47M100220171314_w002_10.0s.npy,pd_17-28_Vito_L,ipvs,syllable_repetition,1,train,10.0,0.0
data/processed/audio_10s/train/pd_17-28_Vito_L/B1VLIAT OP47M100220171314_w003_15.0s.wav,data/processed/features_10s/train/pd_17-28_Vito_L/B1VLIAT OP47M100220171314_w003_15.0s.npy,pd_17-28_Vito_L,ipvs,syllable_repetition,1,train,15.0,0.0
data/processed/audio_10s/train/pd_17-28_Vito_L/B1VLIAT OP47M100220171314_w004_20.0s.wav,data/processed/features_10s/train/pd_17-28_Vito_L/B1VLIAT OP47M100220171314_w004_20.0s.npy,pd_17-28_Vito_L,ipvs,syllable_repetition,1,train,20.0,0.0
data/processed/audio_10s/train/pd_17-28_Vito_L/B1VLIAT OP47M100220171314_w005_25.0s.wav,data/processed/features_10s/train/pd_17-28_Vito_L/B1VLIAT OP47M100220171314_w005_25.0s.npy,pd_17-28_Vito_L,ipvs,syllable_repetition,1,train,25.0,0.0
data/processed/audio_10s/train/pd_17-28_Vito_L/B1VLIAT OP47M100220171314_w006_30.0s.wav,data/processed/features_10s/train/pd_17-28_Vito_L/B1VLIAT OP47M100220171314_w006_30.0s.npy,pd_17-28_Vito_L,ipvs,syllable_repetition,1,train,30.0,0.0
data/processed/audio_10s/train/pd_17-28_Vito_L/B1VLIAT OP47M100220171314_w007_35.0s.wav,data/processed/features_10s/train/pd_17-28_Vito_L/B1VLIAT OP47M100220171314_w007_35.0s.npy,pd_17-28_Vito_L,ipvs,syllable_repetition,1,train,35.0,0.0
data/processed/audio_10s/train/pd_17-28_Vito_L/B1VLIAT OP47M100220171314_w008_40.0s.wav,data/processed/features_10s/train/pd_17-28_Vito_L/B1VLIAT OP47M100220171314_w008_40.0s.npy,pd_17-28_Vito_L,ipvs,syllable_repetition,1,train,40.0,0.0
data/processed/audio_10s/train/pd_17-28_Vito_L/B1VLIAT OP47M100220171314_w009_45.0s.wav,data/processed/features_10s/train/pd_17-28_Vito_L/B1VLIAT OP47M100220171314_w009_45.0s.npy,pd_17-28_Vito_L,ipvs,syllable_repetition,1,train,45.0,0.0
data/processed/audio_10s/train/pd_17-28_Vito_L/B1VLIAT OP47M100220171314_w010_50.0s.wav,data/processed/features_10s/train/pd_17-28_Vito_L/B1VLIAT OP47M100220171314_w010_50.0s.npy,pd_17-28_Vito_L,ipvs,syllable_repetition,1,train,50.0,0.0
data/processed/audio_10s/train/pd_17-28_Vito_L/B1VLIAT OP47M100220171314_w011_55.0s.wav,data/processed/features_10s/train/pd_17-28_Vito_L/B1VLIAT OP47M100220171314_w011_55.0s.npy,pd_17-28_Vito_L,ipvs,syllable_repetition,1,train,55.0,0.0
data/processed/audio_10s/train/pd_17-28_Vito_L/B1VLIAT OP47M100220171314_w012_60.0s.wav,data/processed/features_10s/train/pd_17-28_Vito_L/B1VLIAT OP47M100220171314_w012_60.0s.npy,pd_17-28_Vito_L,ipvs,syllable_repetition,1,train,60.0,0.0
data/processed/audio_10s/train/pd_17-28_Vito_L/B1VLIAT OP47M100220171314_w013_65.0s.wav,data/processed/features_10s/train/pd_17-28_Vito_L/B1VLIAT OP47M100220171314_w013_65.0s.npy,pd_17-28_Vito_L,ipvs,syllable_repetition,1,train,65.0,0.0
data/processed/audio_10s/train/pd_17-28_Vito_L/B1VLIAT OP47M100220171314_w014_70.0s.wav,data/processed/features_10s/train/pd_17-28_Vito_L/B1VLIAT OP47M100220171314_w014_70.0s.npy,pd_17-28_Vito_L,ipvs,syllable_repetition,1,train,70.0,0.0
data/processed/audio_10s/train/pd_17-28_Vito_L/B1VLIAT OP47M100220171314_w015_75.0s.wav,data/processed/features_10s/train/pd_17-28_Vito_L/B1VLIAT OP47M100220171314_w015_75.0s.npy,pd_17-28_Vito_L,ipvs,syllable_repetition,1,train,75.0,0.0
data/processed/audio_10s/train/pd_17-28_Vito_L/B1VLIAT OP47M100220171314_w016_80.0s.wav,data/processed/features_10s/train/pd_17-28_Vito_L/B1VLIAT OP47M100220171314_w016_80.0s.npy,pd_17-28_Vito_L,ipvs,syllable_repetition,1,train,80.0,0.0
data/processed/audio_10s/train/pd_17-28_Vito_L/B1VLIAT OP47M100220171314_w017_85.0s.wav,data/processed/features_10s/train/pd_17-28_Vito_L/B1VLIAT OP47M100220171314_w017_85.0s.npy,pd_17-28_Vito_L,ipvs,syllable_repetition,1,train,85.0,0.0
data/processed/audio_10s/train/pd_17-28_Vito_L/B1VLIAT OP47M100220171314_w018_90.0s.wav,data/processed/features_10s/train/pd_17-28_Vito_L/B1VLIAT OP47M100220171314_w018_90.0s.npy,pd_17-28_Vito_L,ipvs,syllable_repetition,1,train,90.0,0.0
data/processed/audio_10s/train/pd_17-28_Vito_L/B1VLIAT OP47M100220171314_w019_95.0s.wav,data/processed/features_10s/train/pd_17-28_Vito_L/B1VLIAT OP47M100220171314_w019_95.0s.npy,pd_17-28_Vito_L,ipvs,syllable_repetition,1,train,95.0,0.0
data/processed/audio_10s/train/pd_17-28_Vito_L/B1VLIAT OP47M100220171314_w020_100.0s.wav,data/processed/features_10s/train/pd_17-28_Vito_L/B1VLIAT OP47M100220171314_w020_100.0s.npy,pd_17-28_Vito_L,ipvs,syllable_repetition,1,train,100.0,0.0
data/processed/audio_10s/train/pd_17-28_Vito_L/B2VLIAT OP47M100220171316_w000_0.0s.wav,data/processed/features_10s/train/pd_17-28_Vito_L/B2VLIAT OP47M100220171316_w000_0.0s.npy,pd_17-28_Vito_L,ipvs,syllable_repetition,1,train,0.0,0.0
data/processed/audio_10s/train/pd_17-28_Vito_L/B2VLIAT OP47M100220171316_w001_5.0s.wav,data/processed/features_10s/train/pd_17-28_Vito_L/B2VLIAT OP47M100220171316_w001_5.0s.npy,pd_17-28_Vito_L,ipvs,syllable_repetition,1,train,5.0,0.0
data/processed/audio_10s/train/pd_17-28_Vito_L/B2VLIAT OP47M100220171316_w002_10.0s.wav,data/processed/features_10s/train/pd_17-28_Vito_L/B2VLIAT OP47M100220171316_w002_10.0s.npy,pd_17-28_Vito_L,ipvs,syllable_repetition,1,train,10.0,0.0
data/processed/audio_10s/train/pd_17-28_Vito_L/B2VLIAT OP47M100220171316_w003_15.0s.wav,data/processed/features_10s/train/pd_17-28_Vito_L/B2VLIAT OP47M100220171316_w003_15.0s.npy,pd_17-28_Vito_L,ipvs,syllable_repetition,1,train,15.0,0.0
data/processed/audio_10s/train/pd_17-28_Vito_L/B2VLIAT OP47M100220171316_w004_20.0s.wav,data/processed/features_10s/train/pd_17-28_Vito_L/B2VLIAT OP47M100220171316_w004_20.0s.npy,pd_17-28_Vito_L,ipvs,syllable_repetition,1,train,20.0,0.0
data/processed/audio_10s/train/pd_17-28_Vito_L/B2VLIAT OP47M100220171316_w005_25.0s.wav,data/processed/features_10s/train/pd_17-28_Vito_L/B2VLIAT OP47M100220171316_w005_25.0s.npy,pd_17-28_Vito_L,ipvs,syllable_repetition,1,train,25.0,0.0
data/processed/audio_10s/train/pd_17-28_Vito_L/B2VLIAT OP47M100220171316_w006_30.0s.wav,data/processed/features_10s/train/pd_17-28_Vito_L/B2VLIAT OP47M100220171316_w006_30.0s.npy,pd_17-28_Vito_L,ipvs,syllable_repetition,1,train,30.0,0.0
data/processed/audio_10s/train/pd_17-28_Vito_L/B2VLIAT OP47M100220171316_w007_35.0s.wav,data/processed/features_10s/train/pd_17-28_Vito_L/B2VLIAT OP47M100220171316_w007_35.0s.npy,pd_17-28_Vito_L,ipvs,syllable_repetition,1,train,35.0,0.0
data/processed/audio_10s/train/pd_17-28_Vito_L/B2VLIAT OP47M100220171316_w008_40.0s.wav,data/processed/features_10s/train/pd_17-28_Vito_L/B2VLIAT OP47M100220171316_w008_40.0s.npy,pd_17-28_Vito_L,ipvs,syllable_repetition,1,train,40.0,0.0
data/processed/audio_10s/train/pd_17-28_Vito_L/B2VLIAT OP47M100220171316_w009_45.0s.wav,data/processed/features_10s/train/pd_17-28_Vito_L/B2VLIAT OP47M100220171316_w009_45.0s.npy,pd_17-28_Vito_L,ipvs,syllable_repetition,1,train,45.0,0.0
data/processed/audio_10s/train/pd_17-28_Vito_L/B2VLIAT OP47M100220171316_w010_50.0s.wav,data/processed/features_10s/train/pd_17-28_Vito_L/B2VLIAT OP47M100220171316_w010_50.0s.npy,pd_17-28_Vito_L,ipvs,syllable_repetition,1,train,50.0,0.0
data/processed/audio_10s/train/pd_17-28_Vito_L/B2VLIAT OP47M100220171316_w011_55.0s.wav,data/processed/features_10s/train/pd_17-28_Vito_L/B2VLIAT OP47M100220171316_w011_55.0s.npy,pd_17-28_Vito_L,ipvs,syllable_repetition,1,train,55.0,0.0
data/processed/audio_10s/train/pd_17-28_Vito_L/B2VLIAT OP47M100220171316_w012_60.0s.wav,data/processed/features_10s/train/pd_17-28_Vito_L/B2VLIAT OP47M100220171316_w012_60.0s.npy,pd_17-28_Vito_L,ipvs,syllable_repetition,1,train,60.0,0.0
data/processed/audio_10s/train/pd_17-28_Vito_L/B2VLIAT OP47M100220171316_w013_65.0s.wav,data/processed/features_10s/train/pd_17-28_Vito_L/B2VLIAT OP47M100220171316_w013_65.0s.npy,pd_17-28_Vito_L,ipvs,syllable_repetition,1,train,65.0,0.0
data/processed/audio_10s/train/pd_17-28_Vito_L/B2VLIAT OP47M100220171316_w014_70.0s.wav,data/processed/features_10s/train/pd_17-28_Vito_L/B2VLIAT OP47M100220171316_w014_70.0s.npy,pd_17-28_Vito_L,ipvs,syllable_repetition,1,train,70.0,0.0
data/processed/audio_10s/train/pd_17-28_Vito_L/B2VLIAT OP47M100220171316_w015_75.0s.wav,data/processed/features_10s/train/pd_17-28_Vito_L/B2VLIAT OP47M100220171316_w015_75.0s.npy,pd_17-28_Vito_L,ipvs,syllable_repetition,1,train,75.0,0.0
data/processed/audio_10s/train/pd_17-28_Vito_L/B2VLIAT OP47M100220171316_w016_80.0s.wav,data/processed/features_10s/train/pd_17-28_Vito_L/B2VLIAT OP47M100220171316_w016_80.0s.npy,pd_17-28_Vito_L,ipvs,syllable_repetition,1,train,80.0,0.0
data/processed/audio_10s/train/pd_17-28_Vito_L/B2VLIAT OP47M100220171316_w017_85.0s.wav,data/processed/features_10s/train/pd_17-28_Vito_L/B2VLIAT OP47M100220171316_w017_85.0s.npy,pd_17-28_Vito_L,ipvs,syllable_repetition,1,train,85.0,0.0
data/processed/audio_10s/train/pd_17-28_Vito_L/B2VLIAT OP47M100220171316_w018_90.0s.wav,data/processed/features_10s/train/pd_17-28_Vito_L/B2VLIAT OP47M100220171316_w018_90.0s.npy,pd_17-28_Vito_L,ipvs,syllable_repetition,1,train,90.0,0.0
data/processed/audio_10s/train/pd_17-28_Vito_L/B2VLIAT OP47M100220171316_w019_95.0s.wav,data/processed/features_10s/train/pd_17-28_Vito_L/B2VLIAT OP47M100220171316_w019_95.0s.npy,pd_17-28_Vito_L,ipvs,syllable_repetition,1,train,95.0,0.0
data/processed/audio_10s/train/pd_17-28_Vito_L/FB1VLIAT OP47M100220171324_w000_0.0s.wav,data/processed/features_10s/train/pd_17-28_Vito_L/FB1VLIAT OP47M100220171324_w000_0.0s.npy,pd_17-28_Vito_L,ipvs,syllable_repetition,1,train,0.0,0.0
data/processed/audio_10s/train/pd_17-28_Vito_L/FB1VLIAT OP47M100220171324_w001_5.0s.wav,data/processed/features_10s/train/pd_17-28_Vito_L/FB1VLIAT OP47M100220171324_w001_5.0s.npy,pd_17-28_Vito_L,ipvs,syllable_repetition,1,train,5.0,0.0
data/processed/audio_10s/train/pd_17-28_Vito_L/FB1VLIAT OP47M100220171324_w002_10.0s.wav,data/processed/features_10s/train/pd_17-28_Vito_L/FB1VLIAT OP47M100220171324_w002_10.0s.npy,pd_17-28_Vito_L,ipvs,syllable_repetition,1,train,10.0,0.0
data/processed/audio_10s/train/pd_17-28_Vito_L/FB1VLIAT OP47M100220171324_w003_15.0s.wav,data/processed/features_10s/train/pd_17-28_Vito_L/FB1VLIAT OP47M100220171324_w003_15.0s.npy,pd_17-28_Vito_L,ipvs,syllable_repetition,1,train,15.0,0.0
data/processed/audio_10s/train/pd_17-28_Vito_L/FB1VLIAT OP47M100220171324_w004_20.0s.wav,data/processed/features_10s/train/pd_17-28_Vito_L/FB1VLIAT OP47M100220171324_w004_20.0s.npy,pd_17-28_Vito_L,ipvs,syllable_repetition,1,train,20.0,0.0
data/processed/audio_10s/train/pd_17-28_Vito_L/FB1VLIAT OP47M100220171324_w005_25.0s.wav,data/processed/features_10s/train/pd_17-28_Vito_L/FB1VLIAT OP47M100220171324_w005_25.0s.npy,pd_17-28_Vito_L,ipvs,syllable_repetition,1,train,25.0,0.0
data/processed/audio_10s/train/pd_17-28_Vito_L/PR1VLIAT OP47M100220171323_w000_0.0s.wav,data/processed/features_10s/train/pd_17-28_Vito_L/PR1VLIAT OP47M100220171323_w000_0.0s.npy,pd_17-28_Vito_L,ipvs,reading_passage,1,train,0.0,0.0
data/processed/audio_10s/train/pd_17-28_Vito_L/PR1VLIAT OP47M100220171323_w001_5.0s.wav,data/processed/features_10s/train/pd_17-28_Vito_L/PR1VLIAT OP47M100220171323_w001_5.0s.npy,pd_17-28_Vito_L,ipvs,reading_passage,1,train,5.0,0.0
data/processed/audio_10s/train/pd_17-28_Vito_L/PR1VLIAT OP47M100220171323_w002_10.0s.wav,data/processed/features_10s/train/pd_17-28_Vito_L/PR1VLIAT OP47M100220171323_w002_10.0s.npy,pd_17-28_Vito_L,ipvs,reading_passage,1,train,10.0,0.0
data/processed/audio_10s/train/pd_17-28_Vito_L/PR1VLIAT OP47M100220171323_w003_15.0s.wav,data/processed/features_10s/train/pd_17-28_Vito_L/PR1VLIAT OP47M100220171323_w003_15.0s.npy,pd_17-28_Vito_L,ipvs,reading_passage,1,train,15.0,0.0
data/processed/audio_10s/train/pd_17-28_Vito_L/PR1VLIAT OP47M100220171323_w004_20.0s.wav,data/processed/features_10s/train/pd_17-28_Vito_L/PR1VLIAT OP47M100220171323_w004_20.0s.npy,pd_17-28_Vito_L,ipvs,reading_passage,1,train,20.0,0.0
data/processed/audio_10s/train/pd_17-28_Vito_L/PR1VLIAT OP47M100220171323_w005_25.0s.wav,data/processed/features_10s/train/pd_17-28_Vito_L/PR1VLIAT OP47M100220171323_w005_25.0s.npy,pd_17-28_Vito_L,ipvs,reading_passage,1,train,25.0,0.0
data/processed/audio_10s/train/pd_17-28_Vito_L/PR1VLIAT OP47M100220171323_w006_30.0s.wav,data/processed/features_10s/train/pd_17-28_Vito_L/PR1VLIAT OP47M100220171323_w006_30.0s.npy,pd_17-28_Vito_L,ipvs,reading_passage,1,train,30.0,0.0
data/processed/audio_10s/train/pd_17-28_Vito_L/PR1VLIAT OP47M100220171323_w007_35.0s.wav,data/processed/features_10s/train/pd_17-28_Vito_L/PR1VLIAT OP47M100220171323_w007_35.0s.npy,pd_17-28_Vito_L,ipvs,reading_passage,1,train,35.0,0.0
data/processed/audio_10s/train/pd_17-28_Vito_L/PR1VLIAT OP47M100220171323_w008_40.0s.wav,data/processed/features_10s/train/pd_17-28_Vito_L/PR1VLIAT OP47M100220171323_w008_40.0s.npy,pd_17-28_Vito_L,ipvs,reading_passage,1,train,40.0,0.0
data/processed/audio_10s/train/pd_17-28_Vito_L/PR1VLIAT OP47M100220171323_w009_45.0s.wav,data/processed/features_10s/train/pd_17-28_Vito_L/PR1VLIAT OP47M100220171323_w009_45.0s.npy,pd_17-28_Vito_L,ipvs,reading_passage,1,train,45.0,0.0
data/processed/audio_10s/train/pd_17-28_Vito_L/PR1VLIAT OP47M100220171323_w010_50.0s.wav,data/processed/features_10s/train/pd_17-28_Vito_L/PR1VLIAT OP47M100220171323_w010_50.0s.npy,pd_17-28_Vito_L,ipvs,reading_passage,1,train,50.0,0.0
data/processed/audio_10s/train/pd_17-28_Vito_L/PR1VLIAT OP47M100220171323_w011_55.0s.wav,data/processed/features_10s/train/pd_17-28_Vito_L/PR1VLIAT OP47M100220171323_w011_55.0s.npy,pd_17-28_Vito_L,ipvs,reading_passage,1,train,55.0,0.0
data/processed/audio_10s/train/pd_17-28_Vito_L/VA1VLIAT OP47M100220171318_w000_0.0s.wav,data/processed/features_10s/train/pd_17-28_Vito_L/VA1VLIAT OP47M100220171318_w000_0.0s.npy,pd_17-28_Vito_L,ipvs,vowel_sustain,1,train,0.0,0.0
data/processed/audio_10s/train/pd_17-28_Vito_L/VE1VLIAT OP47M100220171319_w000_0.0s.wav,data/processed/features_10s/train/pd_17-28_Vito_L/VE1VLIAT OP47M100220171319_w000_0.0s.npy,pd_17-28_Vito_L,ipvs,vowel_sustain,1,train,0.0,0.0
data/processed/audio_10s/train/pd_17-28_Vito_L/VI1VLIAT OP47M100220171319_w000_0.0s.wav,data/processed/features_10s/train/pd_17-28_Vito_L/VI1VLIAT OP47M100220171319_w000_0.0s.npy,pd_17-28_Vito_L,ipvs,vowel_sustain,1,train,0.0,0.0
data/processed/audio_10s/train/pd_17-28_Vito_L/VO1VLIAT OP47M100220171320_w000_0.0s.wav,data/processed/features_10s/train/pd_17-28_Vito_L/VO1VLIAT OP47M100220171320_w000_0.0s.npy,pd_17-28_Vito_L,ipvs,vowel_sustain,1,train,0.0,0.0
data/processed/audio_10s/train/pd_17-28_Vito_L/VU1VLIAT OP47M100220171321_w000_0.0s.wav,data/processed/features_10s/train/pd_17-28_Vito_L/VU1VLIAT OP47M100220171321_w000_0.0s.npy,pd_17-28_Vito_L,ipvs,vowel_sustain,1,train,0.0,0.0112
data/processed/audio_10s/train/pd_17-28_Vito_S/B1VSIOTLOP47M100220171328_w000_0.0s.wav,data/processed/features_10s/train/pd_17-28_Vito_S/B1VSIOTLOP47M100220171328_w000_0.0s.npy,pd_17-28_Vito_S,ipvs,syllable_repetition,1,train,0.0,0.0
data/processed/audio_10s/train/pd_17-28_Vito_S/B1VSIOTLOP47M100220171328_w001_5.0s.wav,data/processed/features_10s/train/pd_17-28_Vito_S/B1VSIOTLOP47M100220171328_w001_5.0s.npy,pd_17-28_Vito_S,ipvs,syllable_repetition,1,train,5.0,0.0
data/processed/audio_10s/train/pd_17-28_Vito_S/B1VSIOTLOP47M100220171328_w002_10.0s.wav,data/processed/features_10s/train/pd_17-28_Vito_S/B1VSIOTLOP47M100220171328_w002_10.0s.npy,pd_17-28_Vito_S,ipvs,syllable_repetition,1,train,10.0,0.0
data/processed/audio_10s/train/pd_17-28_Vito_S/B1VSIOTLOP47M100220171328_w003_15.0s.wav,data/processed/features_10s/train/pd_17-28_Vito_S/B1VSIOTLOP47M100220171328_w003_15.0s.npy,pd_17-28_Vito_S,ipvs,syllable_repetition,1,train,15.0,0.0
data/processed/audio_10s/train/pd_17-28_Vito_S/B1VSIOTLOP47M100220171328_w004_20.0s.wav,data/processed/features_10s/train/pd_17-28_Vito_S/B1VSIOTLOP47M100220171328_w004_20.0s.npy,pd_17-28_Vito_S,ipvs,syllable_repetition,1,train,20.0,0.0
data/processed/audio_10s/train/pd_17-28_Vito_S/B1VSIOTLOP47M100220171328_w005_25.0s.wav,data/processed/features_10s/train/pd_17-28_Vito_S/B1VSIOTLOP47M100220171328_w005_25.0s.npy,pd_17-28_Vito_S,ipvs,syllable_repetition,1,train,25.0,0.0
data/processed/audio_10s/train/pd_17-28_Vito_S/B1VSIOTLOP47M100220171328_w006_30.0s.wav,data/processed/features_10s/train/pd_17-28_Vito_S/B1VSIOTLOP47M100220171328_w006_30.0s.npy,pd_17-28_Vito_S,ipvs,syllable_repetition,1,train,30.0,0.0
data/processed/audio_10s/train/pd_17-28_Vito_S/B1VSIOTLOP47M100220171328_w007_35.0s.wav,data/processed/features_10s/train/pd_17-28_Vito_S/B1VSIOTLOP47M100220171328_w007_35.0s.npy,pd_17-28_Vito_S,ipvs,syllable_repetition,1,train,35.0,0.0
data/processed/audio_10s/train/pd_17-28_Vito_S/B1VSIOTLOP47M100220171328_w008_40.0s.wav,data/processed/features_10s/train/pd_17-28_Vito_S/B1VSIOTLOP47M100220171328_w008_40.0s.npy,pd_17-28_Vito_S,ipvs,syllable_repetition,1,train,40.0,0.0
data/processed/audio_10s/train/pd_17-28_Vito_S/B1VSIOTLOP47M100220171328_w009_45.0s.wav,data/processed/features_10s/train/pd_17-28_Vito_S/B1VSIOTLOP47M100220171328_w009_45.0s.npy,pd_17-28_Vito_S,ipvs,syllable_repetition,1,train,45.0,0.0
data/processed/audio_10s/train/pd_17-28_Vito_S/B1VSIOTLOP47M100220171328_w010_50.0s.wav,data/processed/features_10s/train/pd_17-28_Vito_S/B1VSIOTLOP47M100220171328_w010_50.0s.npy,pd_17-28_Vito_S,ipvs,syllable_repetition,1,train,50.0,0.0
data/processed/audio_10s/train/pd_17-28_Vito_S/B1VSIOTLOP47M100220171328_w011_55.0s.wav,data/processed/features_10s/train/pd_17-28_Vito_S/B1VSIOTLOP47M100220171328_w011_55.0s.npy,pd_17-28_Vito_S,ipvs,syllable_repetition,1,train,55.0,0.0
data/processed/audio_10s/train/pd_17-28_Vito_S/B1VSIOTLOP47M100220171328_w012_60.0s.wav,data/processed/features_10s/train/pd_17-28_Vito_S/B1VSIOTLOP47M100220171328_w012_60.0s.npy,pd_17-28_Vito_S,ipvs,syllable_repetition,1,train,60.0,0.0
data/processed/audio_10s/train/pd_17-28_Vito_S/B2VSIOTLOP47M100220171330_w000_0.0s.wav,data/processed/features_10s/train/pd_17-28_Vito_S/B2VSIOTLOP47M100220171330_w000_0.0s.npy,pd_17-28_Vito_S,ipvs,syllable_repetition,1,train,0.0,0.0
data/processed/audio_10s/train/pd_17-28_Vito_S/B2VSIOTLOP47M100220171330_w001_5.0s.wav,data/processed/features_10s/train/pd_17-28_Vito_S/B2VSIOTLOP47M100220171330_w001_5.0s.npy,pd_17-28_Vito_S,ipvs,syllable_repetition,1,train,5.0,0.0
data/processed/audio_10s/train/pd_17-28_Vito_S/B2VSIOTLOP47M100220171330_w002_10.0s.wav,data/processed/features_10s/train/pd_17-28_Vito_S/B2VSIOTLOP47M100220171330_w002_10.0s.npy,pd_17-28_Vito_S,ipvs,syllable_repetition,1,train,10.0,0.0
data/processed/audio_10s/train/pd_17-28_Vito_S/B2VSIOTLOP47M100220171330_w003_15.0s.wav,data/processed/features_10s/train/pd_17-28_Vito_S/B2VSIOTLOP47M100220171330_w003_15.0s.npy,pd_17-28_Vito_S,ipvs,syllable_repetition,1,train,15.0,0.0
data/processed/audio_10s/train/pd_17-28_Vito_S/B2VSIOTLOP47M100220171330_w004_20.0s.wav,data/processed/features_10s/train/pd_17-28_Vito_S/B2VSIOTLOP47M100220171330_w004_20.0s.npy,pd_17-28_Vito_S,ipvs,syllable_repetition,1,train,20.0,0.0
data/processed/audio_10s/train/pd_17-28_Vito_S/B2VSIOTLOP47M100220171330_w005_25.0s.wav,data/processed/features_10s/train/pd_17-28_Vito_S/B2VSIOTLOP47M100220171330_w005_25.0s.npy,pd_17-28_Vito_S,ipvs,syllable_repetition,1,train,25.0,0.0
data/processed/audio_10s/train/pd_17-28_Vito_S/B2VSIOTLOP47M100220171330_w006_30.0s.wav,data/processed/features_10s/train/pd_17-28_Vito_S/B2VSIOTLOP47M100220171330_w006_30.0s.npy,pd_17-28_Vito_S,ipvs,syllable_repetition,1,train,30.0,0.0
data/processed/audio_10s/train/pd_17-28_Vito_S/B2VSIOTLOP47M100220171330_w007_35.0s.wav,data/processed/features_10s/train/pd_17-28_Vito_S/B2VSIOTLOP47M100220171330_w007_35.0s.npy,pd_17-28_Vito_S,ipvs,syllable_repetition,1,train,35.0,0.0
data/processed/audio_10s/train/pd_17-28_Vito_S/B2VSIOTLOP47M100220171330_w008_40.0s.wav,data/processed/features_10s/train/pd_17-28_Vito_S/B2VSIOTLOP47M100220171330_w008_40.0s.npy,pd_17-28_Vito_S,ipvs,syllable_repetition,1,train,40.0,0.0
data/processed/audio_10s/train/pd_17-28_Vito_S/B2VSIOTLOP47M100220171330_w009_45.0s.wav,data/processed/features_10s/train/pd_17-28_Vito_S/B2VSIOTLOP47M100220171330_w009_45.0s.npy,pd_17-28_Vito_S,ipvs,syllable_repetition,1,train,45.0,0.0
data/processed/audio_10s/train/pd_17-28_Vito_S/B2VSIOTLOP47M100220171330_w010_50.0s.wav,data/processed/features_10s/train/pd_17-28_Vito_S/B2VSIOTLOP47M100220171330_w010_50.0s.npy,pd_17-28_Vito_S,ipvs,syllable_repetition,1,train,50.0,0.0
data/processed/audio_10s/train/pd_17-28_Vito_S/FB1VSIOTLOP47M100220171338_w000_0.0s.wav,data/processed/features_10s/train/pd_17-28_Vito_S/FB1VSIOTLOP47M100220171338_w000_0.0s.npy,pd_17-28_Vito_S,ipvs,syllable_repetition,1,train,0.0,0.0
data/processed/audio_10s/train/pd_17-28_Vito_S/FB1VSIOTLOP47M100220171338_w001_5.0s.wav,data/processed/features_10s/train/pd_17-28_Vito_S/FB1VSIOTLOP47M100220171338_w001_5.0s.npy,pd_17-28_Vito_S,ipvs,syllable_repetition,1,train,5.0,0.0
data/processed/audio_10s/train/pd_17-28_Vito_S/FB1VSIOTLOP47M100220171338_w002_10.0s.wav,data/processed/features_10s/train/pd_17-28_Vito_S/FB1VSIOTLOP47M100220171338_w002_10.0s.npy,pd_17-28_Vito_S,ipvs,syllable_repetition,1,train,10.0,0.0
data/processed/audio_10s/train/pd_17-28_Vito_S/FB1VSIOTLOP47M100220171338_w003_15.0s.wav,data/processed/features_10s/train/pd_17-28_Vito_S/FB1VSIOTLOP47M100220171338_w003_15.0s.npy,pd_17-28_Vito_S,ipvs,syllable_repetition,1,train,15.0,0.0
data/processed/audio_10s/train/pd_17-28_Vito_S/PR1VSIOTLOP47M100220171337_w000_0.0s.wav,data/processed/features_10s/train/pd_17-28_Vito_S/PR1VSIOTLOP47M100220171337_w000_0.0s.npy,pd_17-28_Vito_S,ipvs,reading_passage,1,train,0.0,0.0
data/processed/audio_10s/train/pd_17-28_Vito_S/PR1VSIOTLOP47M100220171337_w001_5.0s.wav,data/processed/features_10s/train/pd_17-28_Vito_S/PR1VSIOTLOP47M100220171337_w001_5.0s.npy,pd_17-28_Vito_S,ipvs,reading_passage,1,train,5.0,0.0
data/processed/audio_10s/train/pd_17-28_Vito_S/PR1VSIOTLOP47M100220171337_w002_10.0s.wav,data/processed/features_10s/train/pd_17-28_Vito_S/PR1VSIOTLOP47M100220171337_w002_10.0s.npy,pd_17-28_Vito_S,ipvs,reading_passage,1,train,10.0,0.0
data/processed/audio_10s/train/pd_17-28_Vito_S/PR1VSIOTLOP47M100220171337_w003_15.0s.wav,data/processed/features_10s/train/pd_17-28_Vito_S/PR1VSIOTLOP47M100220171337_w003_15.0s.npy,pd_17-28_Vito_S,ipvs,reading_passage,1,train,15.0,0.0
data/processed/audio_10s/train/pd_17-28_Vito_S/PR1VSIOTLOP47M100220171337_w004_20.0s.wav,data/processed/features_10s/train/pd_17-28_Vito_S/PR1VSIOTLOP47M100220171337_w004_20.0s.npy,pd_17-28_Vito_S,ipvs,reading_passage,1,train,20.0,0.0
data/processed/audio_10s/train/pd_17-28_Vito_S/PR1VSIOTLOP47M100220171337_w005_25.0s.wav,data/processed/features_10s/train/pd_17-28_Vito_S/PR1VSIOTLOP47M100220171337_w005_25.0s.npy,pd_17-28_Vito_S,ipvs,reading_passage,1,train,25.0,0.0
data/processed/audio_10s/train/pd_17-28_Vito_S/PR1VSIOTLOP47M100220171337_w006_30.0s.wav,data/processed/features_10s/train/pd_17-28_Vito_S/PR1VSIOTLOP47M100220171337_w006_30.0s.npy,pd_17-28_Vito_S,ipvs,reading_passage,1,train,30.0,0.0
data/processed/audio_10s/train/pd_17-28_Vito_S/PR1VSIOTLOP47M100220171337_w007_35.0s.wav,data/processed/features_10s/train/pd_17-28_Vito_S/PR1VSIOTLOP47M100220171337_w007_35.0s.npy,pd_17-28_Vito_S,ipvs,reading_passage,1,train,35.0,0.0
data/processed/audio_10s/train/pd_17-28_Vito_S/PR1VSIOTLOP47M100220171337_w008_40.0s.wav,data/processed/features_10s/train/pd_17-28_Vito_S/PR1VSIOTLOP47M100220171337_w008_40.0s.npy,pd_17-28_Vito_S,ipvs,reading_passage,1,train,40.0,0.0
data/processed/audio_10s/train/pd_17-28_Vito_S/PR1VSIOTLOP47M100220171337_w009_45.0s.wav,data/processed/features_10s/train/pd_17-28_Vito_S/PR1VSIOTLOP47M100220171337_w009_45.0s.npy,pd_17-28_Vito_S,ipvs,reading_passage,1,train,45.0,0.0
data/processed/audio_10s/train/pd_17-28_Vito_S/PR1VSIOTLOP47M100220171337_w010_50.0s.wav,data/processed/features_10s/train/pd_17-28_Vito_S/PR1VSIOTLOP47M100220171337_w010_50.0s.npy,pd_17-28_Vito_S,ipvs,reading_passage,1,train,50.0,0.0
data/processed/audio_10s/train/pd_17-28_Vito_S/VA1VSIOTLOP47M100220171331_w000_0.0s.wav,data/processed/features_10s/train/pd_17-28_Vito_S/VA1VSIOTLOP47M100220171331_w000_0.0s.npy,pd_17-28_Vito_S,ipvs,vowel_sustain,1,train,0.0,0.0
data/processed/audio_10s/train/pd_17-28_Vito_S/VA1VSIOTLOP47M100220171331_w001_5.0s.wav,data/processed/features_10s/train/pd_17-28_Vito_S/VA1VSIOTLOP47M100220171331_w001_5.0s.npy,pd_17-28_Vito_S,ipvs,vowel_sustain,1,train,5.0,0.0
data/processed/audio_10s/train/pd_17-28_Vito_S/VE1VSIOTLOP47M100220171332_w000_0.0s.wav,data/processed/features_10s/train/pd_17-28_Vito_S/VE1VSIOTLOP47M100220171332_w000_0.0s.npy,pd_17-28_Vito_S,ipvs,vowel_sustain,1,train,0.0,0.0
data/processed/audio_10s/train/pd_17-28_Vito_S/VE1VSIOTLOP47M100220171332_w001_5.0s.wav,data/processed/features_10s/train/pd_17-28_Vito_S/VE1VSIOTLOP47M100220171332_w001_5.0s.npy,pd_17-28_Vito_S,ipvs,vowel_sustain,1,train,5.0,0.0
data/processed/audio_10s/train/pd_17-28_Vito_S/VI1VSIOTLOP47M100220171334_w000_0.0s.wav,data/processed/features_10s/train/pd_17-28_Vito_S/VI1VSIOTLOP47M100220171334_w000_0.0s.npy,pd_17-28_Vito_S,ipvs,vowel_sustain,1,train,0.0,0.0
data/processed/audio_10s/train/pd_17-28_Vito_S/VI1VSIOTLOP47M100220171334_w001_5.0s.wav,data/processed/features_10s/train/pd_17-28_Vito_S/VI1VSIOTLOP47M100220171334_w001_5.0s.npy,pd_17-28_Vito_S,ipvs,vowel_sustain,1,train,5.0,0.0
data/processed/audio_10s/train/pd_17-28_Vito_S/VO1VSIOTLOP47M100220171335_w000_0.0s.wav,data/processed/features_10s/train/pd_17-28_Vito_S/VO1VSIOTLOP47M100220171335_w000_0.0s.npy,pd_17-28_Vito_S,ipvs,vowel_sustain,1,train,0.0,0.0
data/processed/audio_10s/train/pd_17-28_Vito_S/VU1VSIOTLOP47M100220171336_w000_0.0s.wav,data/processed/features_10s/train/pd_17-28_Vito_S/VU1VSIOTLOP47M100220171336_w000_0.0s.npy,pd_17-28_Vito_S,ipvs,vowel_sustain,1,train,0.0,0.0
data/processed/audio_10s/val/pd_6-10_Luigi_B/B1lbuairgo52M1606161810_w000_0.0s.wav,data/processed/features_10s/val/pd_6-10_Luigi_B/B1lbuairgo52M1606161810_w000_0.0s.npy,pd_6-10_Luigi_B,ipvs,syllable_repetition,1,val,0.0,0.0
data/processed/audio_10s/val/pd_6-10_Luigi_B/B1lbuairgo52M1606161810_w001_5.0s.wav,data/processed/features_10s/val/pd_6-10_Luigi_B/B1lbuairgo52M1606161810_w001_5.0s.npy,pd_6-10_Luigi_B,ipvs,syllable_repetition,1,val,5.0,0.0
data/processed/audio_10s/val/pd_6-10_Luigi_B/B1lbuairgo52M1606161810_w002_10.0s.wav,data/processed/features_10s/val/pd_6-10_Luigi_B/B1lbuairgo52M1606161810_w002_10.0s.npy,pd_6-10_Luigi_B,ipvs,syllable_repetition,1,val,10.0,0.0
data/processed/audio_10s/val/pd_6-10_Luigi_B/B1lbuairgo52M1606161810_w003_15.0s.wav,data/processed/features_10s/val/pd_6-10_Luigi_B/B1lbuairgo52M1606161810_w003_15.0s.npy,pd_6-10_Luigi_B,ipvs,syllable_repetition,1,val,15.0,0.0
data/processed/audio_10s/val/pd_6-10_Luigi_B/B1lbuairgo52M1606161810_w004_20.0s.wav,data/processed/features_10s/val/pd_6-10_Luigi_B/B1lbuairgo52M1606161810_w004_20.0s.npy,pd_6-10_Luigi_B,ipvs,syllable_repetition,1,val,20.0,0.0
data/processed/audio_10s/val/pd_6-10_Luigi_B/B1lbuairgo52M1606161810_w005_25.0s.wav,data/processed/features_10s/val/pd_6-10_Luigi_B/B1lbuairgo52M1606161810_w005_25.0s.npy,pd_6-10_Luigi_B,ipvs,syllable_repetition,1,val,25.0,0.0
data/processed/audio_10s/val/pd_6-10_Luigi_B/B1lbuairgo52M1606161810_w006_30.0s.wav,data/processed/features_10s/val/pd_6-10_Luigi_B/B1lbuairgo52M1606161810_w006_30.0s.npy,pd_6-10_Luigi_B,ipvs,syllable_repetition,1,val,30.0,0.0
data/processed/audio_10s/val/pd_6-10_Luigi_B/B1lbuairgo52M1606161810_w007_35.0s.wav,data/processed/features_10s/val/pd_6-10_Luigi_B/B1lbuairgo52M1606161810_w007_35.0s.npy,pd_6-10_Luigi_B,ipvs,syllable_repetition,1,val,35.0,0.0
data/processed/audio_10s/val/pd_6-10_Luigi_B/B1lbuairgo52M1606161810_w008_40.0s.wav,data/processed/features_10s/val/pd_6-10_Luigi_B/B1lbuairgo52M1606161810_w008_40.0s.npy,pd_6-10_Luigi_B,ipvs,syllable_repetition,1,val,40.0,0.0
data/processed/audio_10s/val/pd_6-10_Luigi_B/B2lbuairgo52M1606161811_w000_0.0s.wav,data/processed/features_10s/val/pd_6-10_Luigi_B/B2lbuairgo52M1606161811_w000_0.0s.npy,pd_6-10_Luigi_B,ipvs,syllable_repetition,1,val,0.0,0.0
data/processed/audio_10s/val/pd_6-10_Luigi_B/B2lbuairgo52M1606161811_w001_5.0s.wav,data/processed/features_10s/val/pd_6-10_Luigi_B/B2lbuairgo52M1606161811_w001_5.0s.npy,pd_6-10_Luigi_B,ipvs,syllable_repetition,1,val,5.0,0.0
data/processed/audio_10s/val/pd_6-10_Luigi_B/B2lbuairgo52M1606161811_w002_10.0s.wav,data/processed/features_10s/val/pd_6-10_Luigi_B/B2lbuairgo52M1606161811_w002_10.0s.npy,pd_6-10_Luigi_B,ipvs,syllable_repetition,1,val,10.0,0.0
data/processed/audio_10s/val/pd_6-10_Luigi_B/B2lbuairgo52M1606161811_w003_15.0s.wav,data/processed/features_10s/val/pd_6-10_Luigi_B/B2lbuairgo52M1606161811_w003_15.0s.npy,pd_6-10_Luigi_B,ipvs,syllable_repetition,1,val,15.0,0.0
data/processed/audio_10s/val/pd_6-10_Luigi_B/B2lbuairgo52M1606161811_w004_20.0s.wav,data/processed/features_10s/val/pd_6-10_Luigi_B/B2lbuairgo52M1606161811_w004_20.0s.npy,pd_6-10_Luigi_B,ipvs,syllable_repetition,1,val,20.0,0.0
data/processed/audio_10s/val/pd_6-10_Luigi_B/B2lbuairgo52M1606161811_w005_25.0s.wav,data/processed/features_10s/val/pd_6-10_Luigi_B/B2lbuairgo52M1606161811_w005_25.0s.npy,pd_6-10_Luigi_B,ipvs,syllable_repetition,1,val,25.0,0.0
data/processed/audio_10s/val/pd_6-10_Luigi_B/B2lbuairgo52M1606161811_w006_30.0s.wav,data/processed/features_10s/val/pd_6-10_Luigi_B/B2lbuairgo52M1606161811_w006_30.0s.npy,pd_6-10_Luigi_B,ipvs,syllable_repetition,1,val,30.0,0.0
data/processed/audio_10s/val/pd_6-10_Luigi_B/B2lbuairgo52M1606161811_w007_35.0s.wav,data/processed/features_10s/val/pd_6-10_Luigi_B/B2lbuairgo52M1606161811_w007_35.0s.npy,pd_6-10_Luigi_B,ipvs,syllable_repetition,1,val,35.0,0.0
data/processed/audio_10s/val/pd_6-10_Luigi_B/B2lbuairgo52M1606161811_w008_40.0s.wav,data/processed/features_10s/val/pd_6-10_Luigi_B/B2lbuairgo52M1606161811_w008_40.0s.npy,pd_6-10_Luigi_B,ipvs,syllable_repetition,1,val,40.0,0.0
data/processed/audio_10s/val/pd_6-10_Luigi_B/FB1lbuairgo52M1606161825_w000_0.0s.wav,data/processed/features_10s/val/pd_6-10_Luigi_B/FB1lbuairgo52M1606161825_w000_0.0s.npy,pd_6-10_Luigi_B,ipvs,syllable_repetition,1,val,0.0,0.0
data/processed/audio_10s/val/pd_6-10_Luigi_B/FB1lbuairgo52M1606161825_w001_5.0s.wav,data/processed/features_10s/val/pd_6-10_Luigi_B/FB1lbuairgo52M1606161825_w001_5.0s.npy,pd_6-10_Luigi_B,ipvs,syllable_repetition,1,val,5.0,0.0
data/processed/audio_10s/val/pd_6-10_Luigi_B/FB1lbuairgo52M1606161825_w002_10.0s.wav,data/processed/features_10s/val/pd_6-10_Luigi_B/FB1lbuairgo52M1606161825_w002_10.0s.npy,pd_6-10_Luigi_B,ipvs,syllable_repetition,1,val,10.0,0.0
data/processed/audio_10s/val/pd_6-10_Luigi_B/FB1lbuairgo52M1606161825_w003_15.0s.wav,data/processed/features_10s/val/pd_6-10_Luigi_B/FB1lbuairgo52M1606161825_w003_15.0s.npy,pd_6-10_Luigi_B,ipvs,syllable_repetition,1,val,15.0,0.0
data/processed/audio_10s/val/pd_6-10_Luigi_B/FB1lbuairgo52M1606161825_w004_20.0s.wav,data/processed/features_10s/val/pd_6-10_Luigi_B/FB1lbuairgo52M1606161825_w004_20.0s.npy,pd_6-10_Luigi_B,ipvs,syllable_repetition,1,val,20.0,0.0
data/processed/audio_10s/val/pd_6-10_Luigi_B/FB1lbuairgo52M1606161825_w005_25.0s.wav,data/processed/features_10s/val/pd_6-10_Luigi_B/FB1lbuairgo52M1606161825_w005_25.0s.npy,pd_6-10_Luigi_B,ipvs,syllable_repetition,1,val,25.0,0.0
data/processed/audio_10s/val/pd_6-10_Luigi_B/PR1lbuairgo52M1606161824_w000_0.0s.wav,data/processed/features_10s/val/pd_6-10_Luigi_B/PR1lbuairgo52M1606161824_w000_0.0s.npy,pd_6-10_Luigi_B,ipvs,reading_passage,1,val,0.0,0.0
data/processed/audio_10s/val/pd_6-10_Luigi_B/PR1lbuairgo52M1606161824_w001_5.0s.wav,data/processed/features_10s/val/pd_6-10_Luigi_B/PR1lbuairgo52M1606161824_w001_5.0s.npy,pd_6-10_Luigi_B,ipvs,reading_passage,1,val,5.0,0.0
data/processed/audio_10s/val/pd_6-10_Luigi_B/PR1lbuairgo52M1606161824_w002_10.0s.wav,data/processed/features_10s/val/pd_6-10_Luigi_B/PR1lbuairgo52M1606161824_w002_10.0s.npy,pd_6-10_Luigi_B,ipvs,reading_passage,1,val,10.0,0.0
data/processed/audio_10s/val/pd_6-10_Luigi_B/PR1lbuairgo52M1606161824_w003_15.0s.wav,data/processed/features_10s/val/pd_6-10_Luigi_B/PR1lbuairgo52M1606161824_w003_15.0s.npy,pd_6-10_Luigi_B,ipvs,reading_passage,1,val,15.0,0.0
data/processed/audio_10s/val/pd_6-10_Luigi_B/PR1lbuairgo52M1606161824_w004_20.0s.wav,data/processed/features_10s/val/pd_6-10_Luigi_B/PR1lbuairgo52M1606161824_w004_20.0s.npy,pd_6-10_Luigi_B,ipvs,reading_passage,1,val,20.0,0.0
data/processed/audio_10s/val/pd_6-10_Luigi_B/PR1lbuairgo52M1606161824_w005_25.0s.wav,data/processed/features_10s/val/pd_6-10_Luigi_B/PR1lbuairgo52M1606161824_w005_25.0s.npy,pd_6-10_Luigi_B,ipvs,reading_passage,1,val,25.0,0.0
data/processed/audio_10s/val/pd_6-10_Luigi_B/VA1lbuairgo52M1606161813_w000_0.0s.wav,data/processed/features_10s/val/pd_6-10_Luigi_B/VA1lbuairgo52M1606161813_w000_0.0s.npy,pd_6-10_Luigi_B,ipvs,vowel_sustain,1,val,0.0,0.0
data/processed/audio_10s/val/pd_6-10_Luigi_B/VA1lbuairgo52M1606161813_w001_5.0s.wav,data/processed/features_10s/val/pd_6-10_Luigi_B/VA1lbuairgo52M1606161813_w001_5.0s.npy,pd_6-10_Luigi_B,ipvs,vowel_sustain,1,val,5.0,0.0
data/processed/audio_10s/val/pd_6-10_Luigi_B/VA1lbuairgo52M1606161813_w002_10.0s.wav,data/processed/features_10s/val/pd_6-10_Luigi_B/VA1lbuairgo52M1606161813_w002_10.0s.npy,pd_6-10_Luigi_B,ipvs,vowel_sustain,1,val,10.0,0.0
data/processed/audio_10s/val/pd_6-10_Luigi_B/VA1lbuairgo52M1606161813_w003_15.0s.wav,data/processed/features_10s/val/pd_6-10_Luigi_B/VA1lbuairgo52M1606161813_w003_15.0s.npy,pd_6-10_Luigi_B,ipvs,vowel_sustain,1,val,15.0,0.0
data/processed/audio_10s/val/pd_6-10_Luigi_B/VE1lbuairgo52M1606161815_w000_0.0s.wav,data/processed/features_10s/val/pd_6-10_Luigi_B/VE1lbuairgo52M1606161815_w000_0.0s.npy,pd_6-10_Luigi_B,ipvs,vowel_sustain,1,val,0.0,0.0
data/processed/audio_10s/val/pd_6-10_Luigi_B/VE1lbuairgo52M1606161815_w001_5.0s.wav,data/processed/features_10s/val/pd_6-10_Luigi_B/VE1lbuairgo52M1606161815_w001_5.0s.npy,pd_6-10_Luigi_B,ipvs,vowel_sustain,1,val,5.0,0.0
data/processed/audio_10s/val/pd_6-10_Luigi_B/VE1lbuairgo52M1606161815_w002_10.0s.wav,data/processed/features_10s/val/pd_6-10_Luigi_B/VE1lbuairgo52M1606161815_w002_10.0s.npy,pd_6-10_Luigi_B,ipvs,vowel_sustain,1,val,10.0,0.0
data/processed/audio_10s/val/pd_6-10_Luigi_B/VE1lbuairgo52M1606161815_w003_15.0s.wav,data/processed/features_10s/val/pd_6-10_Luigi_B/VE1lbuairgo52M1606161815_w003_15.0s.npy,pd_6-10_Luigi_B,ipvs,vowel_sustain,1,val,15.0,0.0
data/processed/audio_10s/val/pd_6-10_Luigi_B/VE1lbuairgo52M1606161815_w004_20.0s.wav,data/processed/features_10s/val/pd_6-10_Luigi_B/VE1lbuairgo52M1606161815_w004_20.0s.npy,pd_6-10_Luigi_B,ipvs,vowel_sustain,1,val,20.0,0.0
data/processed/audio_10s/val/pd_6-10_Luigi_B/VI1lbuairgo52M1606161816_w000_0.0s.wav,data/processed/features_10s/val/pd_6-10_Luigi_B/VI1lbuairgo52M1606161816_w000_0.0s.npy,pd_6-10_Luigi_B,ipvs,vowel_sustain,1,val,0.0,0.0
data/processed/audio_10s/val/pd_6-10_Luigi_B/VI1lbuairgo52M1606161816_w001_5.0s.wav,data/processed/features_10s/val/pd_6-10_Luigi_B/VI1lbuairgo52M1606161816_w001_5.0s.npy,pd_6-10_Luigi_B,ipvs,vowel_sustain,1,val,5.0,0.0
data/processed/audio_10s/val/pd_6-10_Luigi_B/VI1lbuairgo52M1606161816_w002_10.0s.wav,data/processed/features_10s/val/pd_6-10_Luigi_B/VI1lbuairgo52M1606161816_w002_10.0s.npy,pd_6-10_Luigi_B,ipvs,vowel_sustain,1,val,10.0,0.0
data/processed/audio_10s/val/pd_6-10_Luigi_B/VI1lbuairgo52M1606161816_w003_15.0s.wav,data/processed/features_10s/val/pd_6-10_Luigi_B/VI1lbuairgo52M1606161816_w003_15.0s.npy,pd_6-10_Luigi_B,ipvs,vowel_sustain,1,val,15.0,0.0
data/processed/audio_10s/val/pd_6-10_Luigi_B/VO1lbuairgo52M1606161817_w000_0.0s.wav,data/processed/features_10s/val/pd_6-10_Luigi_B/VO1lbuairgo52M1606161817_w000_0.0s.npy,pd_6-10_Luigi_B,ipvs,vowel_sustain,1,val,0.0,0.0
data/processed/audio_10s/val/pd_6-10_Luigi_B/VO1lbuairgo52M1606161817_w001_5.0s.wav,data/processed/features_10s/val/pd_6-10_Luigi_B/VO1lbuairgo52M1606161817_w001_5.0s.npy,pd_6-10_Luigi_B,ipvs,vowel_sustain,1,val,5.0,0.0
data/processed/audio_10s/val/pd_6-10_Luigi_B/VO1lbuairgo52M1606161817_w002_10.0s.wav,data/processed/features_10s/val/pd_6-10_Luigi_B/VO1lbuairgo52M1606161817_w002_10.0s.npy,pd_6-10_Luigi_B,ipvs,vowel_sustain,1,val,10.0,0.0
data/processed/audio_10s/val/pd_6-10_Luigi_B/VO1lbuairgo52M1606161817_w003_15.0s.wav,data/processed/features_10s/val/pd_6-10_Luigi_B/VO1lbuairgo52M1606161817_w003_15.0s.npy,pd_6-10_Luigi_B,ipvs,vowel_sustain,1,val,15.0,0.0
data/processed/audio_10s/val/pd_6-10_Luigi_B/VO1lbuairgo52M1606161817_w004_20.0s.wav,data/processed/features_10s/val/pd_6-10_Luigi_B/VO1lbuairgo52M1606161817_w004_20.0s.npy,pd_6-10_Luigi_B,ipvs,vowel_sustain,1,val,20.0,0.0
data/processed/audio_10s/val/pd_6-10_Luigi_B/VU1lbuairgo52M1606161819_w000_0.0s.wav,data/processed/features_10s/val/pd_6-10_Luigi_B/VU1lbuairgo52M1606161819_w000_0.0s.npy,pd_6-10_Luigi_B,ipvs,vowel_sustain,1,val,0.0,0.0
data/processed/audio_10s/val/pd_6-10_Luigi_B/VU1lbuairgo52M1606161819_w001_5.0s.wav,data/processed/features_10s/val/pd_6-10_Luigi_B/VU1lbuairgo52M1606161819_w001_5.0s.npy,pd_6-10_Luigi_B,ipvs,vowel_sustain,1,val,5.0,0.0
data/processed/audio_10s/val/pd_6-10_Luigi_B/VU1lbuairgo52M1606161819_w002_10.0s.wav,data/processed/features_10s/val/pd_6-10_Luigi_B/VU1lbuairgo52M1606161819_w002_10.0s.npy,pd_6-10_Luigi_B,ipvs,vowel_sustain,1,val,10.0,0.0
data/processed/audio_10s/val/pd_6-10_Luigi_B/VU1lbuairgo52M1606161819_w003_15.0s.wav,data/processed/features_10s/val/pd_6-10_Luigi_B/VU1lbuairgo52M1606161819_w003_15.0s.npy,pd_6-10_Luigi_B,ipvs,vowel_sustain,1,val,15.0,0.0
data/processed/audio_10s/train/pd_6-10_Nicola_S/B1sncihcio44M1606161717_w000_0.0s.wav,data/processed/features_10s/train/pd_6-10_Nicola_S/B1sncihcio44M1606161717_w000_0.0s.npy,pd_6-10_Nicola_S,ipvs,syllable_repetition,1,train,0.0,0.0
data/processed/audio_10s/train/pd_6-10_Nicola_S/B1sncihcio44M1606161717_w001_5.0s.wav,data/processed/features_10s/train/pd_6-10_Nicola_S/B1sncihcio44M1606161717_w001_5.0s.npy,pd_6-10_Nicola_S,ipvs,syllable_repetition,1,train,5.0,0.0
data/processed/audio_10s/train/pd_6-10_Nicola_S/B1sncihcio44M1606161717_w002_10.0s.wav,data/processed/features_10s/train/pd_6-10_Nicola_S/B1sncihcio44M1606161717_w002_10.0s.npy,pd_6-10_Nicola_S,ipvs,syllable_repetition,1,train,10.0,0.0
data/processed/audio_10s/train/pd_6-10_Nicola_S/B1sncihcio44M1606161717_w003_15.0s.wav,data/processed/features_10s/train/pd_6-10_Nicola_S/B1sncihcio44M1606161717_w003_15.0s.npy,pd_6-10_Nicola_S,ipvs,syllable_repetition,1,train,15.0,0.0
data/processed/audio_10s/train/pd_6-10_Nicola_S/B1sncihcio44M1606161717_w004_20.0s.wav,data/processed/features_10s/train/pd_6-10_Nicola_S/B1sncihcio44M1606161717_w004_20.0s.npy,pd_6-10_Nicola_S,ipvs,syllable_repetition,1,train,20.0,0.0
data/processed/audio_10s/train/pd_6-10_Nicola_S/B1sncihcio44M1606161717_w005_25.0s.wav,data/processed/features_10s/train/pd_6-10_Nicola_S/B1sncihcio44M1606161717_w005_25.0s.npy,pd_6-10_Nicola_S,ipvs,syllable_repetition,1,train,25.0,0.0
data/processed/audio_10s/train/pd_6-10_Nicola_S/B1sncihcio44M1606161717_w006_30.0s.wav,data/processed/features_10s/train/pd_6-10_Nicola_S/B1sncihcio44M1606161717_w006_30.0s.npy,pd_6-10_Nicola_S,ipvs,syllable_repetition,1,train,30.0,0.0
data/processed/audio_10s/train/pd_6-10_Nicola_S/B1sncihcio44M1606161717_w007_35.0s.wav,data/processed/features_10s/train/pd_6-10_Nicola_S/B1sncihcio44M1606161717_w007_35.0s.npy,pd_6-10_Nicola_S,ipvs,syllable_repetition,1,train,35.0,0.0
data/processed/audio_10s/train/pd_6-10_Nicola_S/B1sncihcio44M1606161717_w008_40.0s.wav,data/processed/features_10s/train/pd_6-10_Nicola_S/B1sncihcio44M1606161717_w008_40.0s.npy,pd_6-10_Nicola_S,ipvs,syllable_repetition,1,train,40.0,0.0
data/processed/audio_10s/train/pd_6-10_Nicola_S/B1sncihcio44M1606161717_w009_45.0s.wav,data/processed/features_10s/train/pd_6-10_Nicola_S/B1sncihcio44M1606161717_w009_45.0s.npy,pd_6-10_Nicola_S,ipvs,syllable_repetition,1,train,45.0,0.0
data/processed/audio_10s/train/pd_6-10_Nicola_S/B1sncihcio44M1606161717_w010_50.0s.wav,data/processed/features_10s/train/pd_6-10_Nicola_S/B1sncihcio44M1606161717_w010_50.0s.npy,pd_6-10_Nicola_S,ipvs,syllable_repetition,1,train,50.0,0.0
data/processed/audio_10s/train/pd_6-10_Nicola_S/B1sncihcio44M1606161717_w011_55.0s.wav,data/processed/features_10s/train/pd_6-10_Nicola_S/B1sncihcio44M1606161717_w011_55.0s.npy,pd_6-10_Nicola_S,ipvs,syllable_repetition,1,train,55.0,0.0
data/processed/audio_10s/train/pd_6-10_Nicola_S/B1sncihcio44M1606161717_w012_60.0s.wav,data/processed/features_10s/train/pd_6-10_Nicola_S/B1sncihcio44M1606161717_w012_60.0s.npy,pd_6-10_Nicola_S,ipvs,syllable_repetition,1,train,60.0,0.0
data/processed/audio_10s/train/pd_6-10_Nicola_S/B1sncihcio44M1606161717_w013_65.0s.wav,data/processed/features_10s/train/pd_6-10_Nicola_S/B1sncihcio44M1606161717_w013_65.0s.npy,pd_6-10_Nicola_S,ipvs,syllable_repetition,1,train,65.0,0.0
data/processed/audio_10s/train/pd_6-10_Nicola_S/B1sncihcio44M1606161717_w014_70.0s.wav,data/processed/features_10s/train/pd_6-10_Nicola_S/B1sncihcio44M1606161717_w014_70.0s.npy,pd_6-10_Nicola_S,ipvs,syllable_repetition,1,train,70.0,0.0
data/processed/audio_10s/train/pd_6-10_Nicola_S/B2sncihcio44M1606161718_w000_0.0s.wav,data/processed/features_10s/train/pd_6-10_Nicola_S/B2sncihcio44M1606161718_w000_0.0s.npy,pd_6-10_Nicola_S,ipvs,syllable_repetition,1,train,0.0,0.0
data/processed/audio_10s/train/pd_6-10_Nicola_S/B2sncihcio44M1606161718_w001_5.0s.wav,data/processed/features_10s/train/pd_6-10_Nicola_S/B2sncihcio44M1606161718_w001_5.0s.npy,pd_6-10_Nicola_S,ipvs,syllable_repetition,1,train,5.0,0.0
data/processed/audio_10s/train/pd_6-10_Nicola_S/B2sncihcio44M1606161718_w002_10.0s.wav,data/processed/features_10s/train/pd_6-10_Nicola_S/B2sncihcio44M1606161718_w002_10.0s.npy,pd_6-10_Nicola_S,ipvs,syllable_repetition,1,train,10.0,0.0
data/processed/audio_10s/train/pd_6-10_Nicola_S/B2sncihcio44M1606161718_w003_15.0s.wav,data/processed/features_10s/train/pd_6-10_Nicola_S/B2sncihcio44M1606161718_w003_15.0s.npy,pd_6-10_Nicola_S,ipvs,syllable_repetition,1,train,15.0,0.0
data/processed/audio_10s/train/pd_6-10_Nicola_S/B2sncihcio44M1606161718_w004_20.0s.wav,data/processed/features_10s/train/pd_6-10_Nicola_S/B2sncihcio44M1606161718_w004_20.0s.npy,pd_6-10_Nicola_S,ipvs,syllable_repetition,1,train,20.0,0.0
data/processed/audio_10s/train/pd_6-10_Nicola_S/B2sncihcio44M1606161718_w005_25.0s.wav,data/processed/features_10s/train/pd_6-10_Nicola_S/B2sncihcio44M1606161718_w005_25.0s.npy,pd_6-10_Nicola_S,ipvs,syllable_repetition,1,train,25.0,0.0
data/processed/audio_10s/train/pd_6-10_Nicola_S/B2sncihcio44M1606161718_w006_30.0s.wav,data/processed/features_10s/train/pd_6-10_Nicola_S/B2sncihcio44M1606161718_w006_30.0s.npy,pd_6-10_Nicola_S,ipvs,syllable_repetition,1,train,30.0,0.0
data/processed/audio_10s/train/pd_6-10_Nicola_S/B2sncihcio44M1606161718_w007_35.0s.wav,data/processed/features_10s/train/pd_6-10_Nicola_S/B2sncihcio44M1606161718_w007_35.0s.npy,pd_6-10_Nicola_S,ipvs,syllable_repetition,1,train,35.0,0.0
data/processed/audio_10s/train/pd_6-10_Nicola_S/B2sncihcio44M1606161718_w008_40.0s.wav,data/processed/features_10s/train/pd_6-10_Nicola_S/B2sncihcio44M1606161718_w008_40.0s.npy,pd_6-10_Nicola_S,ipvs,syllable_repetition,1,train,40.0,0.0
data/processed/audio_10s/train/pd_6-10_Nicola_S/B2sncihcio44M1606161718_w009_45.0s.wav,data/processed/features_10s/train/pd_6-10_Nicola_S/B2sncihcio44M1606161718_w009_45.0s.npy,pd_6-10_Nicola_S,ipvs,syllable_repetition,1,train,45.0,0.0
data/processed/audio_10s/train/pd_6-10_Nicola_S/B2sncihcio44M1606161718_w010_50.0s.wav,data/processed/features_10s/train/pd_6-10_Nicola_S/B2sncihcio44M1606161718_w010_50.0s.npy,pd_6-10_Nicola_S,ipvs,syllable_repetition,1,train,50.0,0.0
data/processed/audio_10s/train/pd_6-10_Nicola_S/B2sncihcio44M1606161718_w011_55.0s.wav,data/processed/features_10s/train/pd_6-10_Nicola_S/B2sncihcio44M1606161718_w011_55.0s.npy,pd_6-10_Nicola_S,ipvs,syllable_repetition,1,train,55.0,0.0
data/processed/audio_10s/train/pd_6-10_Nicola_S/B2sncihcio44M1606161718_w012_60.0s.wav,data/processed/features_10s/train/pd_6-10_Nicola_S/B2sncihcio44M1606161718_w012_60.0s.npy,pd_6-10_Nicola_S,ipvs,syllable_repetition,1,train,60.0,0.0
data/processed/audio_10s/train/pd_6-10_Nicola_S/FB1sncihcio44M1606161728_w000_0.0s.wav,data/processed/features_10s/train/pd_6-10_Nicola_S/FB1sncihcio44M1606161728_w000_0.0s.npy,pd_6-10_Nicola_S,ipvs,syllable_repetition,1,train,0.0,0.0
data/processed/audio_10s/train/pd_6-10_Nicola_S/FB1sncihcio44M1606161728_w001_5.0s.wav,data/processed/features_10s/train/pd_6-10_Nicola_S/FB1sncihcio44M1606161728_w001_5.0s.npy,pd_6-10_Nicola_S,ipvs,syllable_repetition,1,train,5.0,0.0
data/processed/audio_10s/train/pd_6-10_Nicola_S/FB1sncihcio44M1606161728_w002_10.0s.wav,data/processed/features_10s/train/pd_6-10_Nicola_S/FB1sncihcio44M1606161728_w002_10.0s.npy,pd_6-10_Nicola_S,ipvs,syllable_repetition,1,train,10.0,0.0
data/processed/audio_10s/train/pd_6-10_Nicola_S/FB1sncihcio44M1606161728_w003_15.0s.wav,data/processed/features_10s/train/pd_6-10_Nicola_S/FB1sncihcio44M1606161728_w003_15.0s.npy,pd_6-10_Nicola_S,ipvs,syllable_repetition,1,train,15.0,0.0
data/processed/audio_10s/train/pd_6-10_Nicola_S/FB1sncihcio44M1606161728_w004_20.0s.wav,data/processed/features_10s/train/pd_6-10_Nicola_S/FB1sncihcio44M1606161728_w004_20.0s.npy,pd_6-10_Nicola_S,ipvs,syllable_repetition,1,train,20.0,0.0
data/processed/audio_10s/train/pd_6-10_Nicola_S/FB1sncihcio44M1606161728_w005_25.0s.wav,data/processed/features_10s/train/pd_6-10_Nicola_S/FB1sncihcio44M1606161728_w005_25.0s.npy,pd_6-10_Nicola_S,ipvs,syllable_repetition,1,train,25.0,0.0
data/processed/audio_10s/train/pd_6-10_Nicola_S/FB1sncihcio44M1606161728_w006_30.0s.wav,data/processed/features_10s/train/pd_6-10_Nicola_S/FB1sncihcio44M1606161728_w006_30.0s.npy,pd_6-10_Nicola_S,ipvs,syllable_repetition,1,train,30.0,0.0
data/processed/audio_10s/train/pd_6-10_Nicola_S/FB1sncihcio44M1606161728_w007_35.0s.wav,data/processed/features_10s/train/pd_6-10_Nicola_S/FB1sncihcio44M1606161728_w007_35.0s.npy,pd_6-10_Nicola_S,ipvs,syllable_repetition,1,train,35.0,0.0
data/processed/audio_10s/train/pd_6-10_Nicola_S/PR1sncihcio44M1606161727_w000_0.0s.wav,data/processed/features_10s/train/pd_6-10_Nicola_S/PR1sncihcio44M1606161727_w000_0.0s.npy,pd_6-10_Nicola_S,ipvs,reading_passage,1,train,0.0,0.0
data/processed/audio_10s/train/pd_6-10_Nicola_S/PR1sncihcio44M1606161727_w001_5.0s.wav,data/processed/features_10s/train/pd_6-10_Nicola_S/PR1sncihcio44M1606161727_w001_5.0s.npy,pd_6-10_Nicola_S,ipvs,reading_passage,1,train,5.0,0.0
data/processed/audio_10s/train/pd_6-10_Nicola_S/PR1sncihcio44M1606161727_w002_10.0s.wav,data/processed/features_10s/train/pd_6-10_Nicola_S/PR1sncihcio44M1606161727_w002_10.0s.npy,pd_6-10_Nicola_S,ipvs,reading_passage,1,train,10.0,0.0
data/processed/audio_10s/train/pd_6-10_Nicola_S/PR1sncihcio44M1606161727_w003_15.0s.wav,data/processed/features_10s/train/pd_6-10_Nicola_S/PR1sncihcio44M1606161727_w003_15.0s.npy,pd_6-10_Nicola_S,ipvs,reading_passage,1,train,15.0,0.0
data/processed/audio_10s/train/pd_6-10_Nicola_S/PR1sncihcio44M1606161727_w004_20.0s.wav,data/processed/features_10s/train/pd_6-10_Nicola_S/PR1sncihcio44M1606161727_w004_20.0s.npy,pd_6-10_Nicola_S,ipvs,reading_passage,1,train,20.0,0.0
data/processed/audio_10s/train/pd_6-10_Nicola_S/PR1sncihcio44M1606161727_w005_25.0s.wav,data/processed/features_10s/train/pd_6-10_Nicola_S/PR1sncihcio44M1606161727_w005_25.0s.npy,pd_6-10_Nicola_S,ipvs,reading_passage,1,train,25.0,0.0
data/processed/audio_10s/train/pd_6-10_Nicola_S/PR1sncihcio44M1606161727_w006_30.0s.wav,data/processed/features_10s/train/pd_6-10_Nicola_S/PR1sncihcio44M1606161727_w006_30.0s.npy,pd_6-10_Nicola_S,ipvs,reading_passage,1,train,30.0,0.0
data/processed/audio_10s/train/pd_6-10_Nicola_S/PR1sncihcio44M1606161727_w007_35.0s.wav,data/processed/features_10s/train/pd_6-10_Nicola_S/PR1sncihcio44M1606161727_w007_35.0s.npy,pd_6-10_Nicola_S,ipvs,reading_passage,1,train,35.0,0.0
data/processed/audio_10s/train/pd_6-10_Nicola_S/PR1sncihcio44M1606161727_w008_40.0s.wav,data/processed/features_10s/train/pd_6-10_Nicola_S/PR1sncihcio44M1606161727_w008_40.0s.npy,pd_6-10_Nicola_S,ipvs,reading_passage,1,train,40.0,0.0
data/processed/audio_10s/train/pd_6-10_Nicola_S/PR1sncihcio44M1606161727_w009_45.0s.wav,data/processed/features_10s/train/pd_6-10_Nicola_S/PR1sncihcio44M1606161727_w009_45.0s.npy,pd_6-10_Nicola_S,ipvs,reading_passage,1,train,45.0,0.0
data/processed/audio_10s/train/pd_6-10_Nicola_S/PR1sncihcio44M1606161727_w010_50.0s.wav,data/processed/features_10s/train/pd_6-10_Nicola_S/PR1sncihcio44M1606161727_w010_50.0s.npy,pd_6-10_Nicola_S,ipvs,reading_passage,1,train,50.0,0.0
data/processed/audio_10s/train/pd_6-10_Nicola_S/PR1sncihcio44M1606161727_w011_55.0s.wav,data/processed/features_10s/train/pd_6-10_Nicola_S/PR1sncihcio44M1606161727_w011_55.0s.npy,pd_6-10_Nicola_S,ipvs,reading_passage,1,train,55.0,0.0
data/processed/audio_10s/train/pd_6-10_Nicola_S/VA1sncihcio44M1606161720_w000_0.0s.wav,data/processed/features_10s/train/pd_6-10_Nicola_S/VA1sncihcio44M1606161720_w000_0.0s.npy,pd_6-10_Nicola_S,ipvs,vowel_sustain,1,train,0.0,0.0
data/processed/audio_10s/train/pd_6-10_Nicola_S/VE1sncihcio44M1606161721_w000_0.0s.wav,data/processed/features_10s/train/pd_6-10_Nicola_S/VE1sncihcio44M1606161721_w000_0.0s.npy,pd_6-10_Nicola_S,ipvs,vowel_sustain,1,train,0.0,0.0
data/processed/audio_10s/train/pd_6-10_Nicola_S/VO1sncihcio44M1606161723_w000_0.0s.wav,data/processed/features_10s/train/pd_6-10_Nicola_S/VO1sncihcio44M1606161723_w000_0.0s.npy,pd_6-10_Nicola_S,ipvs,vowel_sustain,1,train,0.0,0.0464
data/processed/audio_10s/train/pd_6-10_Nicola_S/VU1sncihcio44M1606161724_w000_0.0s.wav,data/processed/features_10s/train/pd_6-10_Nicola_S/VU1sncihcio44M1606161724_w000_0.0s.npy,pd_6-10_Nicola_S,ipvs,vowel_sustain,1,train,0.0,0.1008
data/processed/audio_10s/test/pd_6-10_Saverio_S/B1ssacvhei61M1606161740_w000_0.0s.wav,data/processed/features_10s/test/pd_6-10_Saverio_S/B1ssacvhei61M1606161740_w000_0.0s.npy,pd_6-10_Saverio_S,ipvs,syllable_repetition,1,test,0.0,0.0
data/processed/audio_10s/test/pd_6-10_Saverio_S/B1ssacvhei61M1606161740_w001_5.0s.wav,data/processed/features_10s/test/pd_6-10_Saverio_S/B1ssacvhei61M1606161740_w001_5.0s.npy,pd_6-10_Saverio_S,ipvs,syllable_repetition,1,test,5.0,0.0
data/processed/audio_10s/test/pd_6-10_Saverio_S/B1ssacvhei61M1606161740_w002_10.0s.wav,data/processed/features_10s/test/pd_6-10_Saverio_S/B1ssacvhei61M1606161740_w002_10.0s.npy,pd_6-10_Saverio_S,ipvs,syllable_repetition,1,test,10.0,0.0
data/processed/audio_10s/test/pd_6-10_Saverio_S/B1ssacvhei61M1606161740_w003_15.0s.wav,data/processed/features_10s/test/pd_6-10_Saverio_S/B1ssacvhei61M1606161740_w003_15.0s.npy,pd_6-10_Saverio_S,ipvs,syllable_repetition,1,test,15.0,0.0
data/processed/audio_10s/test/pd_6-10_Saverio_S/B1ssacvhei61M1606161740_w004_20.0s.wav,data/processed/features_10s/test/pd_6-10_Saverio_S/B1ssacvhei61M1606161740_w004_20.0s.npy,pd_6-10_Saverio_S,ipvs,syllable_repetition,1,test,20.0,0.0
data/processed/audio_10s/test/pd_6-10_Saverio_S/B1ssacvhei61M1606161740_w005_25.0s.wav,data/processed/features_10s/test/pd_6-10_Saverio_S/B1ssacvhei61M1606161740_w005_25.0s.npy,pd_6-10_Saverio_S,ipvs,syllable_repetition,1,test,25.0,0.0
data/processed/audio_10s/test/pd_6-10_Saverio_S/B1ssacvhei61M1606161740_w006_30.0s.wav,data/processed/features_10s/test/pd_6-10_Saverio_S/B1ssacvhei61M1606161740_w006_30.0s.npy,pd_6-10_Saverio_S,ipvs,syllable_repetition,1,test,30.0,0.0
data/processed/audio_10s/test/pd_6-10_Saverio_S/B1ssacvhei61M1606161740_w007_35.0s.wav,data/processed/features_10s/test/pd_6-10_Saverio_S/B1ssacvhei61M1606161740_w007_35.0s.npy,pd_6-10_Saverio_S,ipvs,syllable_repetition,1,test,35.0,0.0
data/processed/audio_10s/test/pd_6-10_Saverio_S/B1ssacvhei61M1606161740_w008_40.0s.wav,data/processed/features_10s/test/pd_6-10_Saverio_S/B1ssacvhei61M1606161740_w008_40.0s.npy,pd_6-10_Saverio_S,ipvs,syllable_repetition,1,test,40.0,0.0
data/processed/audio_10s/test/pd_6-10_Saverio_S/B1ssacvhei61M1606161740_w009_45.0s.wav,data/processed/features_10s/test/pd_6-10_Saverio_S/B1ssacvhei61M1606161740_w009_45.0s.npy,pd_6-10_Saverio_S,ipvs,syllable_repetition,1,test,45.0,0.0
data/processed/audio_10s/test/pd_6-10_Saverio_S/B1ssacvhei61M1606161740_w010_50.0s.wav,data/processed/features_10s/test/pd_6-10_Saverio_S/B1ssacvhei61M1606161740_w010_50.0s.npy,pd_6-10_Saverio_S,ipvs,syllable_repetition,1,test,50.0,0.0
data/processed/audio_10s/test/pd_6-10_Saverio_S/B1ssacvhei61M1606161740_w011_55.0s.wav,data/processed/features_10s/test/pd_6-10_Saverio_S/B1ssacvhei61M1606161740_w011_55.0s.npy,pd_6-10_Saverio_S,ipvs,syllable_repetition,1,test,55.0,0.0
data/processed/audio_10s/test/pd_6-10_Saverio_S/B1ssacvhei61M1606161740_w012_60.0s.wav,data/processed/features_10s/test/pd_6-10_Saverio_S/B1ssacvhei61M1606161740_w012_60.0s.npy,pd_6-10_Saverio_S,ipvs,syllable_repetition,1,test,60.0,0.0
data/processed/audio_10s/test/pd_6-10_Saverio_S/B1ssacvhei61M1606161740_w013_65.0s.wav,data/processed/features_10s/test/pd_6-10_Saverio_S/B1ssacvhei61M1606161740_w013_65.0s.npy,pd_6-10_Saverio_S,ipvs,syllable_repetition,1,test,65.0,0.0
data/processed/audio_10s/test/pd_6-10_Saverio_S/B1ssacvhei61M1606161740_w014_70.0s.wav,data/processed/features_10s/test/pd_6-10_Saverio_S/B1ssacvhei61M1606161740_w014_70.0s.npy,pd_6-10_Saverio_S,ipvs,syllable_repetition,1,test,70.0,0.0
data/processed/audio_10s/test/pd_6-10_Saverio_S/B1ssacvhei61M1606161740_w015_75.0s.wav,data/processed/features_10s/test/pd_6-10_Saverio_S/B1ssacvhei61M1606161740_w015_75.0s.npy,pd_6-10_Saverio_S,ipvs,syllable_repetition,1,test,75.0,0.0
data/processed/audio_10s/test/pd_6-10_Saverio_S/B2ssacvhei61M1606161741_w000_0.0s.wav,data/processed/features_10s/test/pd_6-10_Saverio_S/B2ssacvhei61M1606161741_w000_0.0s.npy,pd_6-10_Saverio_S,ipvs,syllable_repetition,1,test,0.0,0.0
data/processed/audio_10s/test/pd_6-10_Saverio_S/B2ssacvhei61M1606161741_w001_5.0s.wav,data/processed/features_10s/test/pd_6-10_Saverio_S/B2ssacvhei61M1606161741_w001_5.0s.npy,pd_6-10_Saverio_S,ipvs,syllable_repetition,1,test,5.0,0.0
data/processed/audio_10s/test/pd_6-10_Saverio_S/B2ssacvhei61M1606161741_w002_10.0s.wav,data/processed/features_10s/test/pd_6-10_Saverio_S/B2ssacvhei61M1606161741_w002_10.0s.npy,pd_6-10_Saverio_S,ipvs,syllable_repetition,1,test,10.0,0.0
data/processed/audio_10s/test/pd_6-10_Saverio_S/B2ssacvhei61M1606161741_w003_15.0s.wav,data/processed/features_10s/test/pd_6-10_Saverio_S/B2ssacvhei61M1606161741_w003_15.0s.npy,pd_6-10_Saverio_S,ipvs,syllable_repetition,1,test,15.0,0.0
data/processed/audio_10s/test/pd_6-10_Saverio_S/B2ssacvhei61M1606161741_w004_20.0s.wav,data/processed/features_10s/test/pd_6-10_Saverio_S/B2ssacvhei61M1606161741_w004_20.0s.npy,pd_6-10_Saverio_S,ipvs,syllable_repetition,1,test,20.0,0.0
data/processed/audio_10s/test/pd_6-10_Saverio_S/B2ssacvhei61M1606161741_w005_25.0s.wav,data/processed/features_10s/test/pd_6-10_Saverio_S/B2ssacvhei61M1606161741_w005_25.0s.npy,pd_6-10_Saverio_S,ipvs,syllable_repetition,1,test,25.0,0.0
data/processed/audio_10s/test/pd_6-10_Saverio_S/B2ssacvhei61M1606161741_w006_30.0s.wav,data/processed/features_10s/test/pd_6-10_Saverio_S/B2ssacvhei61M1606161741_w006_30.0s.npy,pd_6-10_Saverio_S,ipvs,syllable_repetition,1,test,30.0,0.0
data/processed/audio_10s/test/pd_6-10_Saverio_S/B2ssacvhei61M1606161741_w007_35.0s.wav,data/processed/features_10s/test/pd_6-10_Saverio_S/B2ssacvhei61M1606161741_w007_35.0s.npy,pd_6-10_Saverio_S,ipvs,syllable_repetition,1,test,35.0,0.0
data/processed/audio_10s/test/pd_6-10_Saverio_S/B2ssacvhei61M1606161741_w008_40.0s.wav,data/processed/features_10s/test/pd_6-10_Saverio_S/B2ssacvhei61M1606161741_w008_40.0s.npy,pd_6-10_Saverio_S,ipvs,syllable_repetition,1,test,40.0,0.0
data/processed/audio_10s/test/pd_6-10_Saverio_S/B2ssacvhei61M1606161741_w009_45.0s.wav,data/processed/features_10s/test/pd_6-10_Saverio_S/B2ssacvhei61M1606161741_w009_45.0s.npy,pd_6-10_Saverio_S,ipvs,syllable_repetition,1,test,45.0,0.0
data/processed/audio_10s/test/pd_6-10_Saverio_S/B2ssacvhei61M1606161741_w010_50.0s.wav,data/processed/features_10s/test/pd_6-10_Saverio_S/B2ssacvhei61M1606161741_w010_50.0s.npy,pd_6-10_Saverio_S,ipvs,syllable_repetition,1,test,50.0,0.0
data/processed/audio_10s/test/pd_6-10_Saverio_S/B2ssacvhei61M1606161741_w011_55.0s.wav,data/processed/features_10s/test/pd_6-10_Saverio_S/B2ssacvhei61M1606161741_w011_55.0s.npy,pd_6-10_Saverio_S,ipvs,syllable_repetition,1,test,55.0,0.0
data/processed/audio_10s/test/pd_6-10_Saverio_S/FB1ssacvhei61M1606161751_w000_0.0s.wav,data/processed/features_10s/test/pd_6-10_Saverio_S/FB1ssacvhei61M1606161751_w000_0.0s.npy,pd_6-10_Saverio_S,ipvs,syllable_repetition,1,test,0.0,0.0
data/processed/audio_10s/test/pd_6-10_Saverio_S/FB1ssacvhei61M1606161751_w001_5.0s.wav,data/processed/features_10s/test/pd_6-10_Saverio_S/FB1ssacvhei61M1606161751_w001_5.0s.npy,pd_6-10_Saverio_S,ipvs,syllable_repetition,1,test,5.0,0.0
data/processed/audio_10s/test/pd_6-10_Saverio_S/FB1ssacvhei61M1606161751_w002_10.0s.wav,data/processed/features_10s/test/pd_6-10_Saverio_S/FB1ssacvhei61M1606161751_w002_10.0s.npy,pd_6-10_Saverio_S,ipvs,syllable_repetition,1,test,10.0,0.0
data/processed/audio_10s/test/pd_6-10_Saverio_S/FB1ssacvhei61M1606161751_w003_15.0s.wav,data/processed/features_10s/test/pd_6-10_Saverio_S/FB1ssacvhei61M1606161751_w003_15.0s.npy,pd_6-10_Saverio_S,ipvs,syllable_repetition,1,test,15.0,0.0
data/processed/audio_10s/test/pd_6-10_Saverio_S/FB1ssacvhei61M1606161751_w004_20.0s.wav,data/processed/features_10s/test/pd_6-10_Saverio_S/FB1ssacvhei61M1606161751_w004_20.0s.npy,pd_6-10_Saverio_S,ipvs,syllable_repetition,1,test,20.0,0.0
data/processed/audio_10s/test/pd_6-10_Saverio_S/PR1ssacvhei61M1606161750_w000_0.0s.wav,data/processed/features_10s/test/pd_6-10_Saverio_S/PR1ssacvhei61M1606161750_w000_0.0s.npy,pd_6-10_Saverio_S,ipvs,reading_passage,1,test,0.0,0.0
data/processed/audio_10s/test/pd_6-10_Saverio_S/PR1ssacvhei61M1606161750_w001_5.0s.wav,data/processed/features_10s/test/pd_6-10_Saverio_S/PR1ssacvhei61M1606161750_w001_5.0s.npy,pd_6-10_Saverio_S,ipvs,reading_passage,1,test,5.0,0.0
data/processed/audio_10s/test/pd_6-10_Saverio_S/PR1ssacvhei61M1606161750_w002_10.0s.wav,data/processed/features_10s/test/pd_6-10_Saverio_S/PR1ssacvhei61M1606161750_w002_10.0s.npy,pd_6-10_Saverio_S,ipvs,reading_passage,1,test,10.0,0.0
data/processed/audio_10s/test/pd_6-10_Saverio_S/PR1ssacvhei61M1606161750_w003_15.0s.wav,data/processed/features_10s/test/pd_6-10_Saverio_S/PR1ssacvhei61M1606161750_w003_15.0s.npy,pd_6-10_Saverio_S,ipvs,reading_passage,1,test,15.0,0.0
data/processed/audio_10s/test/pd_6-10_Saverio_S/PR1ssacvhei61M1606161750_w004_20.0s.wav,data/processed/features_10s/test/pd_6-10_Saverio_S/PR1ssacvhei61M1606161750_w004_20.0s.npy,pd_6-10_Saverio_S,ipvs,reading_passage,1,test,20.0,0.0
data/processed/audio_10s/test/pd_6-10_Saverio_S/PR1ssacvhei61M1606161750_w005_25.0s.wav,data/processed/features_10s/test/pd_6-10_Saverio_S/PR1ssacvhei61M1606161750_w005_25.0s.npy,pd_6-10_Saverio_S,ipvs,reading_passage,1,test,25.0,0.0
data/processed/audio_10s/test/pd_6-10_Saverio_S/PR1ssacvhei61M1606161750_w006_30.0s.wav,data/processed/features_10s/test/pd_6-10_Saverio_S/PR1ssacvhei61M1606161750_w006_30.0s.npy,pd_6-10_Saverio_S,ipvs,reading_passage,1,test,30.0,0.0
data/processed/audio_10s/test/pd_6-10_Saverio_S/PR1ssacvhei61M1606161750_w007_35.0s.wav,data/processed/features_10s/test/pd_6-10_Saverio_S/PR1ssacvhei61M1606161750_w007_35.0s.npy,pd_6-10_Saverio_S,ipvs,reading_passage,1,test,35.0,0.0
data/processed/audio_10s/test/pd_6-10_Saverio_S/PR1ssacvhei61M1606161750_w008_40.0s.wav,data/processed/features_10s/test/pd_6-10_Saverio_S/PR1ssacvhei61M1606161750_w008_40.0s.npy,pd_6-10_Saverio_S,ipvs,reading_passage,1,test,40.0,0.0
data/processed/audio_10s/test/pd_6-10_Saverio_S/PR1ssacvhei61M1606161750_w009_45.0s.wav,data/processed/features_10s/test/pd_6-10_Saverio_S/PR1ssacvhei61M1606161750_w009_45.0s.npy,pd_6-10_Saverio_S,ipvs,reading_passage,1,test,45.0,0.0
data/processed/audio_10s/test/pd_6-10_Saverio_S/VA1ssacvhei61M1606161744_w000_0.0s.wav,data/processed/features_10s/test/pd_6-10_Saverio_S/VA1ssacvhei61M1606161744_w000_0.0s.npy,pd_6-10_Saverio_S,ipvs,vowel_sustain,1,test,0.0,0.0
data/processed/audio_10s/test/pd_6-10_Saverio_S/VA1ssacvhei61M1606161744_w001_5.0s.wav,data/processed/features_10s/test/pd_6-10_Saverio_S/VA1ssacvhei61M1606161744_w001_5.0s.npy,pd_6-10_Saverio_S,ipvs,vowel_sustain,1,test,5.0,0.0
data/processed/audio_10s/test/pd_6-10_Saverio_S/VE1ssacvhei61M1606161745_w000_0.0s.wav,data/processed/features_10s/test/pd_6-10_Saverio_S/VE1ssacvhei61M1606161745_w000_0.0s.npy,pd_6-10_Saverio_S,ipvs,vowel_sustain,1,test,0.0,0.0
data/processed/audio_10s/test/pd_6-10_Saverio_S/VE1ssacvhei61M1606161745_w001_5.0s.wav,data/processed/features_10s/test/pd_6-10_Saverio_S/VE1ssacvhei61M1606161745_w001_5.0s.npy,pd_6-10_Saverio_S,ipvs,vowel_sustain,1,test,5.0,0.0
data/processed/audio_10s/test/pd_6-10_Saverio_S/VI1ssacvhei61M1606161746_w000_0.0s.wav,data/processed/features_10s/test/pd_6-10_Saverio_S/VI1ssacvhei61M1606161746_w000_0.0s.npy,pd_6-10_Saverio_S,ipvs,vowel_sustain,1,test,0.0,0.0
data/processed/audio_10s/test/pd_6-10_Saverio_S/VI1ssacvhei61M1606161746_w001_5.0s.wav,data/processed/features_10s/test/pd_6-10_Saverio_S/VI1ssacvhei61M1606161746_w001_5.0s.npy,pd_6-10_Saverio_S,ipvs,vowel_sustain,1,test,5.0,0.0
data/processed/audio_10s/test/pd_6-10_Saverio_S/VO1ssacvhei61M1606161747_w000_0.0s.wav,data/processed/features_10s/test/pd_6-10_Saverio_S/VO1ssacvhei61M1606161747_w000_0.0s.npy,pd_6-10_Saverio_S,ipvs,vowel_sustain,1,test,0.0,0.0
data/processed/audio_10s/test/pd_6-10_Saverio_S/VO1ssacvhei61M1606161747_w001_5.0s.wav,data/processed/features_10s/test/pd_6-10_Saverio_S/VO1ssacvhei61M1606161747_w001_5.0s.npy,pd_6-10_Saverio_S,ipvs,vowel_sustain,1,test,5.0,0.0
data/processed/audio_10s/test/pd_6-10_Saverio_S/VU1ssacvhei61M1606161748_w000_0.0s.wav,data/processed/features_10s/test/pd_6-10_Saverio_S/VU1ssacvhei61M1606161748_w000_0.0s.npy,pd_6-10_Saverio_S,ipvs,vowel_sustain,1,test,0.0,0.0
data/processed/audio_10s/test/pd_6-10_Saverio_S/VU1ssacvhei61M1606161748_w001_5.0s.wav,data/processed/features_10s/test/pd_6-10_Saverio_S/VU1ssacvhei61M1606161748_w001_5.0s.npy,pd_6-10_Saverio_S,ipvs,vowel_sustain,1,test,5.0,0.0
data/processed/audio_10s/train/pd_6-10_Ugo_B/B1ubguot_t40M1606161755_w000_0.0s.wav,data/processed/features_10s/train/pd_6-10_Ugo_B/B1ubguot_t40M1606161755_w000_0.0s.npy,pd_6-10_Ugo_B,ipvs,syllable_repetition,1,train,0.0,0.0
data/processed/audio_10s/train/pd_6-10_Ugo_B/B1ubguot_t40M1606161755_w001_5.0s.wav,data/processed/features_10s/train/pd_6-10_Ugo_B/B1ubguot_t40M1606161755_w001_5.0s.npy,pd_6-10_Ugo_B,ipvs,syllable_repetition,1,train,5.0,0.0
data/processed/audio_10s/train/pd_6-10_Ugo_B/B1ubguot_t40M1606161755_w002_10.0s.wav,data/processed/features_10s/train/pd_6-10_Ugo_B/B1ubguot_t40M1606161755_w002_10.0s.npy,pd_6-10_Ugo_B,ipvs,syllable_repetition,1,train,10.0,0.0
data/processed/audio_10s/train/pd_6-10_Ugo_B/B1ubguot_t40M1606161755_w003_15.0s.wav,data/processed/features_10s/train/pd_6-10_Ugo_B/B1ubguot_t40M1606161755_w003_15.0s.npy,pd_6-10_Ugo_B,ipvs,syllable_repetition,1,train,15.0,0.0
data/processed/audio_10s/train/pd_6-10_Ugo_B/B1ubguot_t40M1606161755_w004_20.0s.wav,data/processed/features_10s/train/pd_6-10_Ugo_B/B1ubguot_t40M1606161755_w004_20.0s.npy,pd_6-10_Ugo_B,ipvs,syllable_repetition,1,train,20.0,0.0
data/processed/audio_10s/train/pd_6-10_Ugo_B/B1ubguot_t40M1606161755_w005_25.0s.wav,data/processed/features_10s/train/pd_6-10_Ugo_B/B1ubguot_t40M1606161755_w005_25.0s.npy,pd_6-10_Ugo_B,ipvs,syllable_repetition,1,train,25.0,0.0
data/processed/audio_10s/train/pd_6-10_Ugo_B/B1ubguot_t40M1606161755_w006_30.0s.wav,data/processed/features_10s/train/pd_6-10_Ugo_B/B1ubguot_t40M1606161755_w006_30.0s.npy,pd_6-10_Ugo_B,ipvs,syllable_repetition,1,train,30.0,0.0
data/processed/audio_10s/train/pd_6-10_Ugo_B/B1ubguot_t40M1606161755_w007_35.0s.wav,data/processed/features_10s/train/pd_6-10_Ugo_B/B1ubguot_t40M1606161755_w007_35.0s.npy,pd_6-10_Ugo_B,ipvs,syllable_repetition,1,train,35.0,0.0
data/processed/audio_10s/train/pd_6-10_Ugo_B/B1ubguot_t40M1606161755_w008_40.0s.wav,data/processed/features_10s/train/pd_6-10_Ugo_B/B1ubguot_t40M1606161755_w008_40.0s.npy,pd_6-10_Ugo_B,ipvs,syllable_repetition,1,train,40.0,0.0
data/processed/audio_10s/train/pd_6-10_Ugo_B/B1ubguot_t40M1606161755_w009_45.0s.wav,data/processed/features_10s/train/pd_6-10_Ugo_B/B1ubguot_t40M1606161755_w009_45.0s.npy,pd_6-10_Ugo_B,ipvs,syllable_repetition,1,train,45.0,0.0
data/processed/audio_10s/train/pd_6-10_Ugo_B/B1ubguot_t40M1606161755_w010_50.0s.wav,data/processed/features_10s/train/pd_6-10_Ugo_B/B1ubguot_t40M1606161755_w010_50.0s.npy,pd_6-10_Ugo_B,ipvs,syllable_repetition,1,train,50.0,0.0
data/processed/audio_10s/train/pd_6-10_Ugo_B/B2ubguot_t40M1606161756_w000_0.0s.wav,data/processed/features_10s/train/pd_6-10_Ugo_B/B2ubguot_t40M1606161756_w000_0.0s.npy,pd_6-10_Ugo_B,ipvs,syllable_repetition,1,train,0.0,0.0
data/processed/audio_10s/train/pd_6-10_Ugo_B/B2ubguot_t40M1606161756_w001_5.0s.wav,data/processed/features_10s/train/pd_6-10_Ugo_B/B2ubguot_t40M1606161756_w001_5.0s.npy,pd_6-10_Ugo_B,ipvs,syllable_repetition,1,train,5.0,0.0
data/processed/audio_10s/train/pd_6-10_Ugo_B/B2ubguot_t40M1606161756_w002_10.0s.wav,data/processed/features_10s/train/pd_6-10_Ugo_B/B2ubguot_t40M1606161756_w002_10.0s.npy,pd_6-10_Ugo_B,ipvs,syllable_repetition,1,train,10.0,0.0
data/processed/audio_10s/train/pd_6-10_Ugo_B/B2ubguot_t40M1606161756_w003_15.0s.wav,data/processed/features_10s/train/pd_6-10_Ugo_B/B2ubguot_t40M1606161756_w003_15.0s.npy,pd_6-10_Ugo_B,ipvs,syllable_repetition,1,train,15.0,0.0
data/processed/audio_10s/train/pd_6-10_Ugo_B/B2ubguot_t40M1606161756_w004_20.0s.wav,data/processed/features_10s/train/pd_6-10_Ugo_B/B2ubguot_t40M1606161756_w004_20.0s.npy,pd_6-10_Ugo_B,ipvs,syllable_repetition,1,train,20.0,0.0
data/processed/audio_10s/train/pd_6-10_Ugo_B/B2ubguot_t40M1606161756_w005_25.0s.wav,data/processed/features_10s/train/pd_6-10_Ugo_B/B2ubguot_t40M1606161756_w005_25.0s.npy,pd_6-10_Ugo_B,ipvs,syllable_repetition,1,train,25.0,0.0
data/processed/audio_10s/train/pd_6-10_Ugo_B/B2ubguot_t40M1606161756_w006_30.0s.wav,data/processed/features_10s/train/pd_6-10_Ugo_B/B2ubguot_t40M1606161756_w006_30.0s.npy,pd_6-10_Ugo_B,ipvs,syllable_repetition,1,train,30.0,0.0
data/processed/audio_10s/train/pd_6-10_Ugo_B/B2ubguot_t40M1606161756_w007_35.0s.wav,data/processed/features_10s/train/pd_6-10_Ugo_B/B2ubguot_t40M1606161756_w007_35.0s.npy,pd_6-10_Ugo_B,ipvs,syllable_repetition,1,train,35.0,0.0
data/processed/audio_10s/train/pd_6-10_Ugo_B/B2ubguot_t40M1606161756_w008_40.0s.wav,data/processed/features_10s/train/pd_6-10_Ugo_B/B2ubguot_t40M1606161756_w008_40.0s.npy,pd_6-10_Ugo_B,ipvs,syllable_repetition,1,train,40.0,0.0
data/processed/audio_10s/train/pd_6-10_Ugo_B/B2ubguot_t40M1606161756_w009_45.0s.wav,data/processed/features_10s/train/pd_6-10_Ugo_B/B2ubguot_t40M1606161756_w009_45.0s.npy,pd_6-10_Ugo_B,ipvs,syllable_repetition,1,train,45.0,0.0
data/processed/audio_10s/train/pd_6-10_Ugo_B/B2ubguot_t40M1606161756_w010_50.0s.wav,data/processed/features_10s/train/pd_6-10_Ugo_B/B2ubguot_t40M1606161756_w010_50.0s.npy,pd_6-10_Ugo_B,ipvs,syllable_repetition,1,train,50.0,0.0
data/processed/audio_10s/train/pd_6-10_Ugo_B/FB1ubguot_t40M1606161807_w000_0.0s.wav,data/processed/features_10s/train/pd_6-10_Ugo_B/FB1ubguot_t40M1606161807_w000_0.0s.npy,pd_6-10_Ugo_B,ipvs,syllable_repetition,1,train,0.0,0.0
data/processed/audio_10s/train/pd_6-10_Ugo_B/FB1ubguot_t40M1606161807_w001_5.0s.wav,data/processed/features_10s/train/pd_6-10_Ugo_B/FB1ubguot_t40M1606161807_w001_5.0s.npy,pd_6-10_Ugo_B,ipvs,syllable_repetition,1,train,5.0,0.0
data/processed/audio_10s/train/pd_6-10_Ugo_B/FB1ubguot_t40M1606161807_w002_10.0s.wav,data/processed/features_10s/train/pd_6-10_Ugo_B/FB1ubguot_t40M1606161807_w002_10.0s.npy,pd_6-10_Ugo_B,ipvs,syllable_repetition,1,train,10.0,0.0
data/processed/audio_10s/train/pd_6-10_Ugo_B/FB1ubguot_t40M1606161807_w003_15.0s.wav,data/processed/features_10s/train/pd_6-10_Ugo_B/FB1ubguot_t40M1606161807_w003_15.0s.npy,pd_6-10_Ugo_B,ipvs,syllable_repetition,1,train,15.0,0.0
data/processed/audio_10s/train/pd_6-10_Ugo_B/PR1ubguot_t40M1606161806_w000_0.0s.wav,data/processed/features_10s/train/pd_6-10_Ugo_B/PR1ubguot_t40M1606161806_w000_0.0s.npy,pd_6-10_Ugo_B,ipvs,reading_passage,1,train,0.0,0.0
data/processed/audio_10s/train/pd_6-10_Ugo_B/PR1ubguot_t40M1606161806_w001_5.0s.wav,data/processed/features_10s/train/pd_6-10_Ugo_B/PR1ubguot_t40M1606161806_w001_5.0s.npy,pd_6-10_Ugo_B,ipvs,reading_passage,1,train,5.0,0.0
data/processed/audio_10s/train/pd_6-10_Ugo_B/PR1ubguot_t40M1606161806_w002_10.0s.wav,data/processed/features_10s/train/pd_6-10_Ugo_B/PR1ubguot_t40M1606161806_w002_10.0s.npy,pd_6-10_Ugo_B,ipvs,reading_passage,1,train,10.0,0.0
data/processed/audio_10s/train/pd_6-10_Ugo_B/PR1ubguot_t40M1606161806_w003_15.0s.wav,data/processed/features_10s/train/pd_6-10_Ugo_B/PR1ubguot_t40M1606161806_w003_15.0s.npy,pd_6-10_Ugo_B,ipvs,reading_passage,1,train,15.0,0.0
data/processed/audio_10s/train/pd_6-10_Ugo_B/PR1ubguot_t40M1606161806_w004_20.0s.wav,data/processed/features_10s/train/pd_6-10_Ugo_B/PR1ubguot_t40M1606161806_w004_20.0s.npy,pd_6-10_Ugo_B,ipvs,reading_passage,1,train,20.0,0.0
data/processed/audio_10s/train/pd_6-10_Ugo_B/PR1ubguot_t40M1606161806_w005_25.0s.wav,data/processed/features_10s/train/pd_6-10_Ugo_B/PR1ubguot_t40M1606161806_w005_25.0s.npy,pd_6-10_Ugo_B,ipvs,reading_passage,1,train,25.0,0.0
data/processed/audio_10s/train/pd_6-10_Ugo_B/PR1ubguot_t40M1606161806_w006_30.0s.wav,data/processed/features_10s/train/pd_6-10_Ugo_B/PR1ubguot_t40M1606161806_w006_30.0s.npy,pd_6-10_Ugo_B,ipvs,reading_passage,1,train,30.0,0.0
data/processed/audio_10s/train/pd_6-10_Ugo_B/PR1ubguot_t40M1606161806_w007_35.0s.wav,data/processed/features_10s/train/pd_6-10_Ugo_B/PR1ubguot_t40M1606161806_w007_35.0s.npy,pd_6-10_Ugo_B,ipvs,reading_passage,1,train,35.0,0.0
data/processed/audio_10s/train/pd_6-10_Ugo_B/VA1ubguot_t40M1606161759_w000_0.0s.wav,data/processed/features_10s/train/pd_6-10_Ugo_B/VA1ubguot_t40M1606161759_w000_0.0s.npy,pd_6-10_Ugo_B,ipvs,vowel_sustain,1,train,0.0,0.0
data/processed/audio_10s/train/pd_6-10_Ugo_B/VE1ubguot_t40M1606161800_w000_0.0s.wav,data/processed/features_10s/train/pd_6-10_Ugo_B/VE1ubguot_t40M1606161800_w000_0.0s.npy,pd_6-10_Ugo_B,ipvs,vowel_sustain,1,train,0.0,0.0752
data/processed/audio_10s/train/pd_6-10_Ugo_B/VI1ubguot_t40M1606161801_w000_0.0s.wav,data/processed/features_10s/train/pd_6-10_Ugo_B/VI1ubguot_t40M1606161801_w000_0.0s.npy,pd_6-10_Ugo_B,ipvs,vowel_sustain,1,train,0.0,0.0
data/processed/audio_10s/train/pd_6-10_Ugo_B/VO1ubguot_t40M1606161802_w000_0.0s.wav,data/processed/features_10s/train/pd_6-10_Ugo_B/VO1ubguot_t40M1606161802_w000_0.0s.npy,pd_6-10_Ugo_B,ipvs,vowel_sustain,1,train,0.0,0.0
data/processed/audio_10s/train/pd_6-10_Ugo_B/VU1ubguot_t40M1606161803_w000_0.0s.wav,data/processed/features_10s/train/pd_6-10_Ugo_B/VU1ubguot_t40M1606161803_w000_0.0s.npy,pd_6-10_Ugo_B,ipvs,vowel_sustain,1,train,0.0,0.0592
data/processed/audio_10s/val/pd_6-10_Vito_S/B1vsiptioz46M1606161659_w000_0.0s.wav,data/processed/features_10s/val/pd_6-10_Vito_S/B1vsiptioz46M1606161659_w000_0.0s.npy,pd_6-10_Vito_S,ipvs,syllable_repetition,1,val,0.0,0.0
data/processed/audio_10s/val/pd_6-10_Vito_S/B1vsiptioz46M1606161659_w001_5.0s.wav,data/processed/features_10s/val/pd_6-10_Vito_S/B1vsiptioz46M1606161659_w001_5.0s.npy,pd_6-10_Vito_S,ipvs,syllable_repetition,1,val,5.0,0.0
data/processed/audio_10s/val/pd_6-10_Vito_S/B1vsiptioz46M1606161659_w002_10.0s.wav,data/processed/features_10s/val/pd_6-10_Vito_S/B1vsiptioz46M1606161659_w002_10.0s.npy,pd_6-10_Vito_S,ipvs,syllable_repetition,1,val,10.0,0.0
data/processed/audio_10s/val/pd_6-10_Vito_S/B1vsiptioz46M1606161659_w003_15.0s.wav,data/processed/features_10s/val/pd_6-10_Vito_S/B1vsiptioz46M1606161659_w003_15.0s.npy,pd_6-10_Vito_S,ipvs,syllable_repetition,1,val,15.0,0.0
data/processed/audio_10s/val/pd_6-10_Vito_S/B1vsiptioz46M1606161659_w004_20.0s.wav,data/processed/features_10s/val/pd_6-10_Vito_S/B1vsiptioz46M1606161659_w004_20.0s.npy,pd_6-10_Vito_S,ipvs,syllable_repetition,1,val,20.0,0.0
data/processed/audio_10s/val/pd_6-10_Vito_S/B1vsiptioz46M1606161659_w005_25.0s.wav,data/processed/features_10s/val/pd_6-10_Vito_S/B1vsiptioz46M1606161659_w005_25.0s.npy,pd_6-10_Vito_S,ipvs,syllable_repetition,1,val,25.0,0.0
data/processed/audio_10s/val/pd_6-10_Vito_S/B1vsiptioz46M1606161659_w006_30.0s.wav,data/processed/features_10s/val/pd_6-10_Vito_S/B1vsiptioz46M1606161659_w006_30.0s.npy,pd_6-10_Vito_S,ipvs,syllable_repetition,1,val,30.0,0.0
data/processed/audio_10s/val/pd_6-10_Vito_S/B1vsiptioz46M1606161659_w007_35.0s.wav,data/processed/features_10s/val/pd_6-10_Vito_S/B1vsiptioz46M1606161659_w007_35.0s.npy,pd_6-10_Vito_S,ipvs,syllable_repetition,1,val,35.0,0.0
data/processed/audio_10s/val/pd_6-10_Vito_S/B1vsiptioz46M1606161659_w008_40.0s.wav,data/processed/features_10s/val/pd_6-10_Vito_S/B1vsiptioz46M1606161659_w008_40.0s.npy,pd_6-10_Vito_S,ipvs,syllable_repetition,1,val,40.0,0.0
data/processed/audio_10s/val/pd_6-10_Vito_S/B1vsiptioz46M1606161659_w009_45.0s.wav,data/processed/features_10s/val/pd_6-10_Vito_S/B1vsiptioz46M1606161659_w009_45.0s.npy,pd_6-10_Vito_S,ipvs,syllable_repetition,1,val,45.0,0.0
data/processed/audio_10s/val/pd_6-10_Vito_S/B1vsiptioz46M1606161659_w010_50.0s.wav,data/processed/features_10s/val/pd_6-10_Vito_S/B1vsiptioz46M1606161659_w010_50.0s.npy,pd_6-10_Vito_S,ipvs,syllable_repetition,1,val,50.0,0.0
data/processed/audio_10s/val/pd_6-10_Vito_S/B2vsiptioz46M1606161701_w000_0.0s.wav,data/processed/features_10s/val/pd_6-10_Vito_S/B2vsiptioz46M1606161701_w000_0.0s.npy,pd_6-10_Vito_S,ipvs,syllable_repetition,1,val,0.0,0.0
data/processed/audio_10s/val/pd_6-10_Vito_S/B2vsiptioz46M1606161701_w001_5.0s.wav,data/processed/features_10s/val/pd_6-10_Vito_S/B2vsiptioz46M1606161701_w001_5.0s.npy,pd_6-10_Vito_S,ipvs,syllable_repetition,1,val,5.0,0.0
data/processed/audio_10s/val/pd_6-10_Vito_S/B2vsiptioz46M1606161701_w002_10.0s.wav,data/processed/features_10s/val/pd_6-10_Vito_S/B2vsiptioz46M1606161701_w002_10.0s.npy,pd_6-10_Vito_S,ipvs,syllable_repetition,1,val,10.0,0.0
data/processed/audio_10s/val/pd_6-10_Vito_S/B2vsiptioz46M1606161701_w003_15.0s.wav,data/processed/features_10s/val/pd_6-10_Vito_S/B2vsiptioz46M1606161701_w003_15.0s.npy,pd_6-10_Vito_S,ipvs,syllable_repetition,1,val,15.0,0.0
data/processed/audio_10s/val/pd_6-10_Vito_S/B2vsiptioz46M1606161701_w004_20.0s.wav,data/processed/features_10s/val/pd_6-10_Vito_S/B2vsiptioz46M1606161701_w004_20.0s.npy,pd_6-10_Vito_S,ipvs,syllable_repetition,1,val,20.0,0.0
data/processed/audio_10s/val/pd_6-10_Vito_S/B2vsiptioz46M1606161701_w005_25.0s.wav,data/processed/features_10s/val/pd_6-10_Vito_S/B2vsiptioz46M1606161701_w005_25.0s.npy,pd_6-10_Vito_S,ipvs,syllable_repetition,1,val,25.0,0.0
data/processed/audio_10s/val/pd_6-10_Vito_S/B2vsiptioz46M1606161701_w006_30.0s.wav,data/processed/features_10s/val/pd_6-10_Vito_S/B2vsiptioz46M1606161701_w006_30.0s.npy,pd_6-10_Vito_S,ipvs,syllable_repetition,1,val,30.0,0.0
data/processed/audio_10s/val/pd_6-10_Vito_S/B2vsiptioz46M1606161701_w007_35.0s.wav,data/processed/features_10s/val/pd_6-10_Vito_S/B2vsiptioz46M1606161701_w007_35.0s.npy,pd_6-10_Vito_S,ipvs,syllable_repetition,1,val,35.0,0.0
data/processed/audio_10s/val/pd_6-10_Vito_S/B2vsiptioz46M1606161701_w008_40.0s.wav,data/processed/features_10s/val/pd_6-10_Vito_S/B2vsiptioz46M1606161701_w008_40.0s.npy,pd_6-10_Vito_S,ipvs,syllable_repetition,1,val,40.0,0.0
data/processed/audio_10s/val/pd_6-10_Vito_S/B2vsiptioz46M1606161701_w009_45.0s.wav,data/processed/features_10s/val/pd_6-10_Vito_S/B2vsiptioz46M1606161701_w009_45.0s.npy,pd_6-10_Vito_S,ipvs,syllable_repetition,1,val,45.0,0.0
data/processed/audio_10s/val/pd_6-10_Vito_S/FB1vsiptioz46M1606161712_w000_0.0s.wav,data/processed/features_10s/val/pd_6-10_Vito_S/FB1vsiptioz46M1606161712_w000_0.0s.npy,pd_6-10_Vito_S,ipvs,syllable_repetition,1,val,0.0,0.0
data/processed/audio_10s/val/pd_6-10_Vito_S/FB1vsiptioz46M1606161712_w001_5.0s.wav,data/processed/features_10s/val/pd_6-10_Vito_S/FB1vsiptioz46M1606161712_w001_5.0s.npy,pd_6-10_Vito_S,ipvs,syllable_repetition,1,val,5.0,0.0
data/processed/audio_10s/val/pd_6-10_Vito_S/FB1vsiptioz46M1606161712_w002_10.0s.wav,data/processed/features_10s/val/pd_6-10_Vito_S/FB1vsiptioz46M1606161712_w002_10.0s.npy,pd_6-10_Vito_S,ipvs,syllable_repetition,1,val,10.0,0.0
data/processed/audio_10s/val/pd_6-10_Vito_S/FB1vsiptioz46M1606161712_w003_15.0s.wav,data/processed/features_10s/val/pd_6-10_Vito_S/FB1vsiptioz46M1606161712_w003_15.0s.npy,pd_6-10_Vito_S,ipvs,syllable_repetition,1,val,15.0,0.0
data/processed/audio_10s/val/pd_6-10_Vito_S/PR1vsiptioz46M1606161711_w000_0.0s.wav,data/processed/features_10s/val/pd_6-10_Vito_S/PR1vsiptioz46M1606161711_w000_0.0s.npy,pd_6-10_Vito_S,ipvs,reading_passage,1,val,0.0,0.0
data/processed/audio_10s/val/pd_6-10_Vito_S/PR1vsiptioz46M1606161711_w001_5.0s.wav,data/processed/features_10s/val/pd_6-10_Vito_S/PR1vsiptioz46M1606161711_w001_5.0s.npy,pd_6-10_Vito_S,ipvs,reading_passage,1,val,5.0,0.0
data/processed/audio_10s/val/pd_6-10_Vito_S/PR1vsiptioz46M1606161711_w002_10.0s.wav,data/processed/features_10s/val/pd_6-10_Vito_S/PR1vsiptioz46M1606161711_w002_10.0s.npy,pd_6-10_Vito_S,ipvs,reading_passage,1,val,10.0,0.0
data/processed/audio_10s/val/pd_6-10_Vito_S/PR1vsiptioz46M1606161711_w003_15.0s.wav,data/processed/features_10s/val/pd_6-10_Vito_S/PR1vsiptioz46M1606161711_w003_15.0s.npy,pd_6-10_Vito_S,ipvs,reading_passage,1,val,15.0,0.0
data/processed/audio_10s/val/pd_6-10_Vito_S/PR1vsiptioz46M1606161711_w004_20.0s.wav,data/processed/features_10s/val/pd_6-10_Vito_S/PR1vsiptioz46M1606161711_w004_20.0s.npy,pd_6-10_Vito_S,ipvs,reading_passage,1,val,20.0,0.0
data/processed/audio_10s/val/pd_6-10_Vito_S/PR1vsiptioz46M1606161711_w005_25.0s.wav,data/processed/features_10s/val/pd_6-10_Vito_S/PR1vsiptioz46M1606161711_w005_25.0s.npy,pd_6-10_Vito_S,ipvs,reading_passage,1,val,25.0,0.0
data/processed/audio_10s/val/pd_6-10_Vito_S/PR1vsiptioz46M1606161711_w006_30.0s.wav,data/processed/features_10s/val/pd_6-10_Vito_S/PR1vsiptioz46M1606161711_w006_30.0s.npy,pd_6-10_Vito_S,ipvs,reading_passage,1,val,30.0,0.0
data/processed/audio_10s/val/pd_6-10_Vito_S/PR1vsiptioz46M1606161711_w007_35.0s.wav,data/processed/features_10s/val/pd_6-10_Vito_S/PR1vsiptioz46M1606161711_w007_35.0s.npy,pd_6-10_Vito_S,ipvs,reading_passage,1,val,35.0,0.0
data/processed/audio_10s/val/pd_6-10_Vito_S/PR1vsiptioz46M1606161711_w008_40.0s.wav,data/processed/features_10s/val/pd_6-10_Vito_S/PR1vsiptioz46M1606161711_w008_40.0s.npy,pd_6-10_Vito_S,ipvs,reading_passage,1,val,40.0,0.0
data/processed/audio_10s/val/pd_6-10_Vito_S/VA1vsiptioz46M1606161705_w000_0.0s.wav,data/processed/features_10s/val/pd_6-10_Vito_S/VA1vsiptioz46M1606161705_w000_0.0s.npy,pd_6-10_Vito_S,ipvs,vowel_sustain,1,val,0.0,0.0
data/processed/audio_10s/val/pd_6-10_Vito_S/VA1vsiptioz46M1606161705_w001_5.0s.wav,data/processed/features_10s/val/pd_6-10_Vito_S/VA1vsiptioz46M1606161705_w001_5.0s.npy,pd_6-10_Vito_S,ipvs,vowel_sustain,1,val,5.0,0.0
data/processed/audio_10s/val/pd_6-10_Vito_S/VE1vsiptioz46M1606161706_w000_0.0s.wav,data/processed/features_10s/val/pd_6-10_Vito_S/VE1vsiptioz46M1606161706_w000_0.0s.npy,pd_6-10_Vito_S,ipvs,vowel_sustain,1,val,0.0,0.0
data/processed/audio_10s/val/pd_6-10_Vito_S/VI1vsiptioz46M1606161707_w000_0.0s.wav,data/processed/features_10s/val/pd_6-10_Vito_S/VI1vsiptioz46M1606161707_w000_0.0s.npy,pd_6-10_Vito_S,ipvs,vowel_sustain,1,val,0.0,0.0
data/processed/audio_10s/val/pd_6-10_Vito_S/VO1vsiptioz46M1606161708_w000_0.0s.wav,data/processed/features_10s/val/pd_6-10_Vito_S/VO1vsiptioz46M1606161708_w000_0.0s.npy,pd_6-10_Vito_S,ipvs,vowel_sustain,1,val,0.0,0.0
data/processed/audio_10s/val/pd_6-10_Vito_S/VO1vsiptioz46M1606161708_w001_5.0s.wav,data/processed/features_10s/val/pd_6-10_Vito_S/VO1vsiptioz46M1606161708_w001_5.0s.npy,pd_6-10_Vito_S,ipvs,vowel_sustain,1,val,5.0,0.0
data/processed/audio_10s/val/pd_6-10_Vito_S/VU1vsiptioz46M1606161709_w000_0.0s.wav,data/processed/features_10s/val/pd_6-10_Vito_S/VU1vsiptioz46M1606161709_w000_0.0s.npy,pd_6-10_Vito_S,ipvs,vowel_sustain,1,val,0.0,0.0
data/processed/audio_10s/val/pd_6-10_Vito_S/VU1vsiptioz46M1606161709_w001_5.0s.wav,data/processed/features_10s/val/pd_6-10_Vito_S/VU1vsiptioz46M1606161709_w001_5.0s.npy,pd_6-10_Vito_S,ipvs,vowel_sustain,1,val,5.0,0.0
data/processed/audio_10s/train/ID00/ID00_hc_0_0_0_w000_0.0s.wav,data/processed/features_10s/train/ID00/ID00_hc_0_0_0_w000_0.0s.npy,ID00,mdvr_kcl,reading_passage,0,train,0.0,0.0
data/processed/audio_10s/train/ID00/ID00_hc_0_0_0_w001_5.0s.wav,data/processed/features_10s/train/ID00/ID00_hc_0_0_0_w001_5.0s.npy,ID00,mdvr_kcl,reading_passage,0,train,5.0,0.0
data/processed/audio_10s/train/ID00/ID00_hc_0_0_0_w002_10.0s.wav,data/processed/features_10s/train/ID00/ID00_hc_0_0_0_w002_10.0s.npy,ID00,mdvr_kcl,reading_passage,0,train,10.0,0.0
data/processed/audio_10s/train/ID00/ID00_hc_0_0_0_w003_15.0s.wav,data/processed/features_10s/train/ID00/ID00_hc_0_0_0_w003_15.0s.npy,ID00,mdvr_kcl,reading_passage,0,train,15.0,0.0
data/processed/audio_10s/train/ID00/ID00_hc_0_0_0_w004_20.0s.wav,data/processed/features_10s/train/ID00/ID00_hc_0_0_0_w004_20.0s.npy,ID00,mdvr_kcl,reading_passage,0,train,20.0,0.0
data/processed/audio_10s/train/ID00/ID00_hc_0_0_0_w005_25.0s.wav,data/processed/features_10s/train/ID00/ID00_hc_0_0_0_w005_25.0s.npy,ID00,mdvr_kcl,reading_passage,0,train,25.0,0.0
data/processed/audio_10s/train/ID00/ID00_hc_0_0_0_w006_30.0s.wav,data/processed/features_10s/train/ID00/ID00_hc_0_0_0_w006_30.0s.npy,ID00,mdvr_kcl,reading_passage,0,train,30.0,0.0
data/processed/audio_10s/train/ID00/ID00_hc_0_0_0_w007_35.0s.wav,data/processed/features_10s/train/ID00/ID00_hc_0_0_0_w007_35.0s.npy,ID00,mdvr_kcl,reading_passage,0,train,35.0,0.0
data/processed/audio_10s/train/ID00/ID00_hc_0_0_0_w008_40.0s.wav,data/processed/features_10s/train/ID00/ID00_hc_0_0_0_w008_40.0s.npy,ID00,mdvr_kcl,reading_passage,0,train,40.0,0.0
data/processed/audio_10s/train/ID00/ID00_hc_0_0_0_w009_45.0s.wav,data/processed/features_10s/train/ID00/ID00_hc_0_0_0_w009_45.0s.npy,ID00,mdvr_kcl,reading_passage,0,train,45.0,0.0
data/processed/audio_10s/train/ID00/ID00_hc_0_0_0_w010_50.0s.wav,data/processed/features_10s/train/ID00/ID00_hc_0_0_0_w010_50.0s.npy,ID00,mdvr_kcl,reading_passage,0,train,50.0,0.0
data/processed/audio_10s/train/ID00/ID00_hc_0_0_0_w011_55.0s.wav,data/processed/features_10s/train/ID00/ID00_hc_0_0_0_w011_55.0s.npy,ID00,mdvr_kcl,reading_passage,0,train,55.0,0.0
data/processed/audio_10s/train/ID00/ID00_hc_0_0_0_w012_60.0s.wav,data/processed/features_10s/train/ID00/ID00_hc_0_0_0_w012_60.0s.npy,ID00,mdvr_kcl,reading_passage,0,train,60.0,0.0
data/processed/audio_10s/train/ID00/ID00_hc_0_0_0_w013_65.0s.wav,data/processed/features_10s/train/ID00/ID00_hc_0_0_0_w013_65.0s.npy,ID00,mdvr_kcl,reading_passage,0,train,65.0,0.0
data/processed/audio_10s/train/ID00/ID00_hc_0_0_0_w014_70.0s.wav,data/processed/features_10s/train/ID00/ID00_hc_0_0_0_w014_70.0s.npy,ID00,mdvr_kcl,reading_passage,0,train,70.0,0.0
data/processed/audio_10s/train/ID00/ID00_hc_0_0_0_w015_75.0s.wav,data/processed/features_10s/train/ID00/ID00_hc_0_0_0_w015_75.0s.npy,ID00,mdvr_kcl,reading_passage,0,train,75.0,0.0
data/processed/audio_10s/train/ID00/ID00_hc_0_0_0_w016_80.0s.wav,data/processed/features_10s/train/ID00/ID00_hc_0_0_0_w016_80.0s.npy,ID00,mdvr_kcl,reading_passage,0,train,80.0,0.0
data/processed/audio_10s/train/ID00/ID00_hc_0_0_0_w017_85.0s.wav,data/processed/features_10s/train/ID00/ID00_hc_0_0_0_w017_85.0s.npy,ID00,mdvr_kcl,reading_passage,0,train,85.0,0.0
data/processed/audio_10s/train/ID00/ID00_hc_0_0_0_w018_90.0s.wav,data/processed/features_10s/train/ID00/ID00_hc_0_0_0_w018_90.0s.npy,ID00,mdvr_kcl,reading_passage,0,train,90.0,0.0
data/processed/audio_10s/train/ID00/ID00_hc_0_0_0_w019_95.0s.wav,data/processed/features_10s/train/ID00/ID00_hc_0_0_0_w019_95.0s.npy,ID00,mdvr_kcl,reading_passage,0,train,95.0,0.0
data/processed/audio_10s/train/ID00/ID00_hc_0_0_0_w020_100.0s.wav,data/processed/features_10s/train/ID00/ID00_hc_0_0_0_w020_100.0s.npy,ID00,mdvr_kcl,reading_passage,0,train,100.0,0.0
data/processed/audio_10s/train/ID00/ID00_hc_0_0_0_w021_105.0s.wav,data/processed/features_10s/train/ID00/ID00_hc_0_0_0_w021_105.0s.npy,ID00,mdvr_kcl,reading_passage,0,train,105.0,0.0
data/processed/audio_10s/train/ID00/ID00_hc_0_0_0_w022_110.0s.wav,data/processed/features_10s/train/ID00/ID00_hc_0_0_0_w022_110.0s.npy,ID00,mdvr_kcl,reading_passage,0,train,110.0,0.0
data/processed/audio_10s/train/ID00/ID00_hc_0_0_0_w023_115.0s.wav,data/processed/features_10s/train/ID00/ID00_hc_0_0_0_w023_115.0s.npy,ID00,mdvr_kcl,reading_passage,0,train,115.0,0.0
data/processed/audio_10s/train/ID00/ID00_hc_0_0_0_w024_120.0s.wav,data/processed/features_10s/train/ID00/ID00_hc_0_0_0_w024_120.0s.npy,ID00,mdvr_kcl,reading_passage,0,train,120.0,0.0
data/processed/audio_10s/train/ID00/ID00_hc_0_0_0_w025_125.0s.wav,data/processed/features_10s/train/ID00/ID00_hc_0_0_0_w025_125.0s.npy,ID00,mdvr_kcl,reading_passage,0,train,125.0,0.0
data/processed/audio_10s/train/ID00/ID00_hc_0_0_0_w026_130.0s.wav,data/processed/features_10s/train/ID00/ID00_hc_0_0_0_w026_130.0s.npy,ID00,mdvr_kcl,reading_passage,0,train,130.0,0.0
data/processed/audio_10s/train/ID00/ID00_hc_0_0_0_w027_135.0s.wav,data/processed/features_10s/train/ID00/ID00_hc_0_0_0_w027_135.0s.npy,ID00,mdvr_kcl,reading_passage,0,train,135.0,0.0
data/processed/audio_10s/train/ID01/ID01_hc_0_0_0_w000_0.0s.wav,data/processed/features_10s/train/ID01/ID01_hc_0_0_0_w000_0.0s.npy,ID01,mdvr_kcl,reading_passage,0,train,0.0,0.0
data/processed/audio_10s/train/ID01/ID01_hc_0_0_0_w001_5.0s.wav,data/processed/features_10s/train/ID01/ID01_hc_0_0_0_w001_5.0s.npy,ID01,mdvr_kcl,reading_passage,0,train,5.0,0.0
data/processed/audio_10s/train/ID01/ID01_hc_0_0_0_w002_10.0s.wav,data/processed/features_10s/train/ID01/ID01_hc_0_0_0_w002_10.0s.npy,ID01,mdvr_kcl,reading_passage,0,train,10.0,0.0
data/processed/audio_10s/train/ID01/ID01_hc_0_0_0_w003_15.0s.wav,data/processed/features_10s/train/ID01/ID01_hc_0_0_0_w003_15.0s.npy,ID01,mdvr_kcl,reading_passage,0,train,15.0,0.0
data/processed/audio_10s/train/ID01/ID01_hc_0_0_0_w004_20.0s.wav,data/processed/features_10s/train/ID01/ID01_hc_0_0_0_w004_20.0s.npy,ID01,mdvr_kcl,reading_passage,0,train,20.0,0.0
data/processed/audio_10s/train/ID01/ID01_hc_0_0_0_w005_25.0s.wav,data/processed/features_10s/train/ID01/ID01_hc_0_0_0_w005_25.0s.npy,ID01,mdvr_kcl,reading_passage,0,train,25.0,0.0
data/processed/audio_10s/train/ID01/ID01_hc_0_0_0_w006_30.0s.wav,data/processed/features_10s/train/ID01/ID01_hc_0_0_0_w006_30.0s.npy,ID01,mdvr_kcl,reading_passage,0,train,30.0,0.0
data/processed/audio_10s/train/ID01/ID01_hc_0_0_0_w007_35.0s.wav,data/processed/features_10s/train/ID01/ID01_hc_0_0_0_w007_35.0s.npy,ID01,mdvr_kcl,reading_passage,0,train,35.0,0.0
data/processed/audio_10s/train/ID01/ID01_hc_0_0_0_w008_40.0s.wav,data/processed/features_10s/train/ID01/ID01_hc_0_0_0_w008_40.0s.npy,ID01,mdvr_kcl,reading_passage,0,train,40.0,0.0
data/processed/audio_10s/train/ID01/ID01_hc_0_0_0_w009_45.0s.wav,data/processed/features_10s/train/ID01/ID01_hc_0_0_0_w009_45.0s.npy,ID01,mdvr_kcl,reading_passage,0,train,45.0,0.0
data/processed/audio_10s/train/ID01/ID01_hc_0_0_0_w010_50.0s.wav,data/processed/features_10s/train/ID01/ID01_hc_0_0_0_w010_50.0s.npy,ID01,mdvr_kcl,reading_passage,0,train,50.0,0.0
data/processed/audio_10s/train/ID01/ID01_hc_0_0_0_w011_55.0s.wav,data/processed/features_10s/train/ID01/ID01_hc_0_0_0_w011_55.0s.npy,ID01,mdvr_kcl,reading_passage,0,train,55.0,0.0
data/processed/audio_10s/train/ID01/ID01_hc_0_0_0_w012_60.0s.wav,data/processed/features_10s/train/ID01/ID01_hc_0_0_0_w012_60.0s.npy,ID01,mdvr_kcl,reading_passage,0,train,60.0,0.0
data/processed/audio_10s/train/ID01/ID01_hc_0_0_0_w013_65.0s.wav,data/processed/features_10s/train/ID01/ID01_hc_0_0_0_w013_65.0s.npy,ID01,mdvr_kcl,reading_passage,0,train,65.0,0.0
data/processed/audio_10s/train/ID01/ID01_hc_0_0_0_w014_70.0s.wav,data/processed/features_10s/train/ID01/ID01_hc_0_0_0_w014_70.0s.npy,ID01,mdvr_kcl,reading_passage,0,train,70.0,0.0
data/processed/audio_10s/train/ID01/ID01_hc_0_0_0_w015_75.0s.wav,data/processed/features_10s/train/ID01/ID01_hc_0_0_0_w015_75.0s.npy,ID01,mdvr_kcl,reading_passage,0,train,75.0,0.0
data/processed/audio_10s/train/ID01/ID01_hc_0_0_0_w016_80.0s.wav,data/processed/features_10s/train/ID01/ID01_hc_0_0_0_w016_80.0s.npy,ID01,mdvr_kcl,reading_passage,0,train,80.0,0.0
data/processed/audio_10s/train/ID01/ID01_hc_0_0_0_w017_85.0s.wav,data/processed/features_10s/train/ID01/ID01_hc_0_0_0_w017_85.0s.npy,ID01,mdvr_kcl,reading_passage,0,train,85.0,0.0
data/processed/audio_10s/train/ID01/ID01_hc_0_0_0_w018_90.0s.wav,data/processed/features_10s/train/ID01/ID01_hc_0_0_0_w018_90.0s.npy,ID01,mdvr_kcl,reading_passage,0,train,90.0,0.0
data/processed/audio_10s/train/ID01/ID01_hc_0_0_0_w019_95.0s.wav,data/processed/features_10s/train/ID01/ID01_hc_0_0_0_w019_95.0s.npy,ID01,mdvr_kcl,reading_passage,0,train,95.0,0.0
data/processed/audio_10s/train/ID01/ID01_hc_0_0_0_w020_100.0s.wav,data/processed/features_10s/train/ID01/ID01_hc_0_0_0_w020_100.0s.npy,ID01,mdvr_kcl,reading_passage,0,train,100.0,0.0
data/processed/audio_10s/train/ID01/ID01_hc_0_0_0_w021_105.0s.wav,data/processed/features_10s/train/ID01/ID01_hc_0_0_0_w021_105.0s.npy,ID01,mdvr_kcl,reading_passage,0,train,105.0,0.0
data/processed/audio_10s/train/ID01/ID01_hc_0_0_0_w022_110.0s.wav,data/processed/features_10s/train/ID01/ID01_hc_0_0_0_w022_110.0s.npy,ID01,mdvr_kcl,reading_passage,0,train,110.0,0.0
data/processed/audio_10s/train/ID01/ID01_hc_0_0_0_w023_115.0s.wav,data/processed/features_10s/train/ID01/ID01_hc_0_0_0_w023_115.0s.npy,ID01,mdvr_kcl,reading_passage,0,train,115.0,0.0
data/processed/audio_10s/train/ID01/ID01_hc_0_0_0_w024_120.0s.wav,data/processed/features_10s/train/ID01/ID01_hc_0_0_0_w024_120.0s.npy,ID01,mdvr_kcl,reading_passage,0,train,120.0,0.0
data/processed/audio_10s/train/ID01/ID01_hc_0_0_0_w025_125.0s.wav,data/processed/features_10s/train/ID01/ID01_hc_0_0_0_w025_125.0s.npy,ID01,mdvr_kcl,reading_passage,0,train,125.0,0.0
data/processed/audio_10s/train/ID01/ID01_hc_0_0_0_w026_130.0s.wav,data/processed/features_10s/train/ID01/ID01_hc_0_0_0_w026_130.0s.npy,ID01,mdvr_kcl,reading_passage,0,train,130.0,0.0
data/processed/audio_10s/train/ID03/ID03_hc_0_0_0_w000_0.0s.wav,data/processed/features_10s/train/ID03/ID03_hc_0_0_0_w000_0.0s.npy,ID03,mdvr_kcl,reading_passage,0,train,0.0,0.0
data/processed/audio_10s/train/ID03/ID03_hc_0_0_0_w001_5.0s.wav,data/processed/features_10s/train/ID03/ID03_hc_0_0_0_w001_5.0s.npy,ID03,mdvr_kcl,reading_passage,0,train,5.0,0.0
data/processed/audio_10s/train/ID03/ID03_hc_0_0_0_w002_10.0s.wav,data/processed/features_10s/train/ID03/ID03_hc_0_0_0_w002_10.0s.npy,ID03,mdvr_kcl,reading_passage,0,train,10.0,0.0
data/processed/audio_10s/train/ID03/ID03_hc_0_0_0_w003_15.0s.wav,data/processed/features_10s/train/ID03/ID03_hc_0_0_0_w003_15.0s.npy,ID03,mdvr_kcl,reading_passage,0,train,15.0,0.0
data/processed/audio_10s/train/ID03/ID03_hc_0_0_0_w004_20.0s.wav,data/processed/features_10s/train/ID03/ID03_hc_0_0_0_w004_20.0s.npy,ID03,mdvr_kcl,reading_passage,0,train,20.0,0.0
data/processed/audio_10s/train/ID03/ID03_hc_0_0_0_w005_25.0s.wav,data/processed/features_10s/train/ID03/ID03_hc_0_0_0_w005_25.0s.npy,ID03,mdvr_kcl,reading_passage,0,train,25.0,0.0
data/processed/audio_10s/train/ID03/ID03_hc_0_0_0_w006_30.0s.wav,data/processed/features_10s/train/ID03/ID03_hc_0_0_0_w006_30.0s.npy,ID03,mdvr_kcl,reading_passage,0,train,30.0,0.0
data/processed/audio_10s/train/ID03/ID03_hc_0_0_0_w007_35.0s.wav,data/processed/features_10s/train/ID03/ID03_hc_0_0_0_w007_35.0s.npy,ID03,mdvr_kcl,reading_passage,0,train,35.0,0.0
data/processed/audio_10s/train/ID03/ID03_hc_0_0_0_w008_40.0s.wav,data/processed/features_10s/train/ID03/ID03_hc_0_0_0_w008_40.0s.npy,ID03,mdvr_kcl,reading_passage,0,train,40.0,0.0
data/processed/audio_10s/train/ID03/ID03_hc_0_0_0_w009_45.0s.wav,data/processed/features_10s/train/ID03/ID03_hc_0_0_0_w009_45.0s.npy,ID03,mdvr_kcl,reading_passage,0,train,45.0,0.0
data/processed/audio_10s/train/ID03/ID03_hc_0_0_0_w010_50.0s.wav,data/processed/features_10s/train/ID03/ID03_hc_0_0_0_w010_50.0s.npy,ID03,mdvr_kcl,reading_passage,0,train,50.0,0.0
data/processed/audio_10s/train/ID03/ID03_hc_0_0_0_w011_55.0s.wav,data/processed/features_10s/train/ID03/ID03_hc_0_0_0_w011_55.0s.npy,ID03,mdvr_kcl,reading_passage,0,train,55.0,0.0
data/processed/audio_10s/train/ID03/ID03_hc_0_0_0_w012_60.0s.wav,data/processed/features_10s/train/ID03/ID03_hc_0_0_0_w012_60.0s.npy,ID03,mdvr_kcl,reading_passage,0,train,60.0,0.0
data/processed/audio_10s/train/ID03/ID03_hc_0_0_0_w013_65.0s.wav,data/processed/features_10s/train/ID03/ID03_hc_0_0_0_w013_65.0s.npy,ID03,mdvr_kcl,reading_passage,0,train,65.0,0.0
data/processed/audio_10s/train/ID03/ID03_hc_0_0_0_w014_70.0s.wav,data/processed/features_10s/train/ID03/ID03_hc_0_0_0_w014_70.0s.npy,ID03,mdvr_kcl,reading_passage,0,train,70.0,0.0
data/processed/audio_10s/train/ID03/ID03_hc_0_0_0_w015_75.0s.wav,data/processed/features_10s/train/ID03/ID03_hc_0_0_0_w015_75.0s.npy,ID03,mdvr_kcl,reading_passage,0,train,75.0,0.0
data/processed/audio_10s/train/ID03/ID03_hc_0_0_0_w016_80.0s.wav,data/processed/features_10s/train/ID03/ID03_hc_0_0_0_w016_80.0s.npy,ID03,mdvr_kcl,reading_passage,0,train,80.0,0.0
data/processed/audio_10s/train/ID03/ID03_hc_0_0_0_w017_85.0s.wav,data/processed/features_10s/train/ID03/ID03_hc_0_0_0_w017_85.0s.npy,ID03,mdvr_kcl,reading_passage,0,train,85.0,0.0
data/processed/audio_10s/train/ID03/ID03_hc_0_0_0_w018_90.0s.wav,data/processed/features_10s/train/ID03/ID03_hc_0_0_0_w018_90.0s.npy,ID03,mdvr_kcl,reading_passage,0,train,90.0,0.0
data/processed/audio_10s/train/ID03/ID03_hc_0_0_0_w019_95.0s.wav,data/processed/features_10s/train/ID03/ID03_hc_0_0_0_w019_95.0s.npy,ID03,mdvr_kcl,reading_passage,0,train,95.0,0.0
data/processed/audio_10s/train/ID03/ID03_hc_0_0_0_w020_100.0s.wav,data/processed/features_10s/train/ID03/ID03_hc_0_0_0_w020_100.0s.npy,ID03,mdvr_kcl,reading_passage,0,train,100.0,0.0
data/processed/audio_10s/train/ID03/ID03_hc_0_0_0_w021_105.0s.wav,data/processed/features_10s/train/ID03/ID03_hc_0_0_0_w021_105.0s.npy,ID03,mdvr_kcl,reading_passage,0,train,105.0,0.0
data/processed/audio_10s/train/ID03/ID03_hc_0_0_0_w022_110.0s.wav,data/processed/features_10s/train/ID03/ID03_hc_0_0_0_w022_110.0s.npy,ID03,mdvr_kcl,reading_passage,0,train,110.0,0.0
data/processed/audio_10s/train/ID03/ID03_hc_0_0_0_w023_115.0s.wav,data/processed/features_10s/train/ID03/ID03_hc_0_0_0_w023_115.0s.npy,ID03,mdvr_kcl,reading_passage,0,train,115.0,0.0
data/processed/audio_10s/train/ID03/ID03_hc_0_0_0_w024_120.0s.wav,data/processed/features_10s/train/ID03/ID03_hc_0_0_0_w024_120.0s.npy,ID03,mdvr_kcl,reading_passage,0,train,120.0,0.0
data/processed/audio_10s/train/ID03/ID03_hc_0_0_0_w025_125.0s.wav,data/processed/features_10s/train/ID03/ID03_hc_0_0_0_w025_125.0s.npy,ID03,mdvr_kcl,reading_passage,0,train,125.0,0.0
data/processed/audio_10s/train/ID05/ID05_hc_0_0_0_w000_0.0s.wav,data/processed/features_10s/train/ID05/ID05_hc_0_0_0_w000_0.0s.npy,ID05,mdvr_kcl,reading_passage,0,train,0.0,0.0
data/processed/audio_10s/train/ID05/ID05_hc_0_0_0_w001_5.0s.wav,data/processed/features_10s/train/ID05/ID05_hc_0_0_0_w001_5.0s.npy,ID05,mdvr_kcl,reading_passage,0,train,5.0,0.0
data/processed/audio_10s/train/ID05/ID05_hc_0_0_0_w002_10.0s.wav,data/processed/features_10s/train/ID05/ID05_hc_0_0_0_w002_10.0s.npy,ID05,mdvr_kcl,reading_passage,0,train,10.0,0.0
data/processed/audio_10s/train/ID05/ID05_hc_0_0_0_w003_15.0s.wav,data/processed/features_10s/train/ID05/ID05_hc_0_0_0_w003_15.0s.npy,ID05,mdvr_kcl,reading_passage,0,train,15.0,0.0
data/processed/audio_10s/train/ID05/ID05_hc_0_0_0_w004_20.0s.wav,data/processed/features_10s/train/ID05/ID05_hc_0_0_0_w004_20.0s.npy,ID05,mdvr_kcl,reading_passage,0,train,20.0,0.0
data/processed/audio_10s/train/ID05/ID05_hc_0_0_0_w005_25.0s.wav,data/processed/features_10s/train/ID05/ID05_hc_0_0_0_w005_25.0s.npy,ID05,mdvr_kcl,reading_passage,0,train,25.0,0.0
data/processed/audio_10s/train/ID05/ID05_hc_0_0_0_w006_30.0s.wav,data/processed/features_10s/train/ID05/ID05_hc_0_0_0_w006_30.0s.npy,ID05,mdvr_kcl,reading_passage,0,train,30.0,0.0
data/processed/audio_10s/train/ID05/ID05_hc_0_0_0_w007_35.0s.wav,data/processed/features_10s/train/ID05/ID05_hc_0_0_0_w007_35.0s.npy,ID05,mdvr_kcl,reading_passage,0,train,35.0,0.0
data/processed/audio_10s/train/ID05/ID05_hc_0_0_0_w008_40.0s.wav,data/processed/features_10s/train/ID05/ID05_hc_0_0_0_w008_40.0s.npy,ID05,mdvr_kcl,reading_passage,0,train,40.0,0.0
data/processed/audio_10s/train/ID05/ID05_hc_0_0_0_w009_45.0s.wav,data/processed/features_10s/train/ID05/ID05_hc_0_0_0_w009_45.0s.npy,ID05,mdvr_kcl,reading_passage,0,train,45.0,0.0
data/processed/audio_10s/train/ID05/ID05_hc_0_0_0_w010_50.0s.wav,data/processed/features_10s/train/ID05/ID05_hc_0_0_0_w010_50.0s.npy,ID05,mdvr_kcl,reading_passage,0,train,50.0,0.0
data/processed/audio_10s/train/ID05/ID05_hc_0_0_0_w011_55.0s.wav,data/processed/features_10s/train/ID05/ID05_hc_0_0_0_w011_55.0s.npy,ID05,mdvr_kcl,reading_passage,0,train,55.0,0.0
data/processed/audio_10s/train/ID05/ID05_hc_0_0_0_w012_60.0s.wav,data/processed/features_10s/train/ID05/ID05_hc_0_0_0_w012_60.0s.npy,ID05,mdvr_kcl,reading_passage,0,train,60.0,0.0
data/processed/audio_10s/train/ID05/ID05_hc_0_0_0_w013_65.0s.wav,data/processed/features_10s/train/ID05/ID05_hc_0_0_0_w013_65.0s.npy,ID05,mdvr_kcl,reading_passage,0,train,65.0,0.0
data/processed/audio_10s/train/ID05/ID05_hc_0_0_0_w014_70.0s.wav,data/processed/features_10s/train/ID05/ID05_hc_0_0_0_w014_70.0s.npy,ID05,mdvr_kcl,reading_passage,0,train,70.0,0.0
data/processed/audio_10s/train/ID05/ID05_hc_0_0_0_w015_75.0s.wav,data/processed/features_10s/train/ID05/ID05_hc_0_0_0_w015_75.0s.npy,ID05,mdvr_kcl,reading_passage,0,train,75.0,0.0
data/processed/audio_10s/train/ID05/ID05_hc_0_0_0_w016_80.0s.wav,data/processed/features_10s/train/ID05/ID05_hc_0_0_0_w016_80.0s.npy,ID05,mdvr_kcl,reading_passage,0,train,80.0,0.0
data/processed/audio_10s/train/ID05/ID05_hc_0_0_0_w017_85.0s.wav,data/processed/features_10s/train/ID05/ID05_hc_0_0_0_w017_85.0s.npy,ID05,mdvr_kcl,reading_passage,0,train,85.0,0.0
data/processed/audio_10s/train/ID05/ID05_hc_0_0_0_w018_90.0s.wav,data/processed/features_10s/train/ID05/ID05_hc_0_0_0_w018_90.0s.npy,ID05,mdvr_kcl,reading_passage,0,train,90.0,0.0
data/processed/audio_10s/train/ID05/ID05_hc_0_0_0_w019_95.0s.wav,data/processed/features_10s/train/ID05/ID05_hc_0_0_0_w019_95.0s.npy,ID05,mdvr_kcl,reading_passage,0,train,95.0,0.0
data/processed/audio_10s/train/ID08/ID08_hc_0_0_0_w000_0.0s.wav,data/processed/features_10s/train/ID08/ID08_hc_0_0_0_w000_0.0s.npy,ID08,mdvr_kcl,reading_passage,0,train,0.0,0.0
data/processed/audio_10s/train/ID08/ID08_hc_0_0_0_w001_5.0s.wav,data/processed/features_10s/train/ID08/ID08_hc_0_0_0_w001_5.0s.npy,ID08,mdvr_kcl,reading_passage,0,train,5.0,0.0
data/processed/audio_10s/train/ID08/ID08_hc_0_0_0_w002_10.0s.wav,data/processed/features_10s/train/ID08/ID08_hc_0_0_0_w002_10.0s.npy,ID08,mdvr_kcl,reading_passage,0,train,10.0,0.0
data/processed/audio_10s/train/ID08/ID08_hc_0_0_0_w003_15.0s.wav,data/processed/features_10s/train/ID08/ID08_hc_0_0_0_w003_15.0s.npy,ID08,mdvr_kcl,reading_passage,0,train,15.0,0.0
data/processed/audio_10s/train/ID08/ID08_hc_0_0_0_w004_20.0s.wav,data/processed/features_10s/train/ID08/ID08_hc_0_0_0_w004_20.0s.npy,ID08,mdvr_kcl,reading_passage,0,train,20.0,0.0
data/processed/audio_10s/train/ID08/ID08_hc_0_0_0_w005_25.0s.wav,data/processed/features_10s/train/ID08/ID08_hc_0_0_0_w005_25.0s.npy,ID08,mdvr_kcl,reading_passage,0,train,25.0,0.0
data/processed/audio_10s/train/ID08/ID08_hc_0_0_0_w006_30.0s.wav,data/processed/features_10s/train/ID08/ID08_hc_0_0_0_w006_30.0s.npy,ID08,mdvr_kcl,reading_passage,0,train,30.0,0.0
data/processed/audio_10s/train/ID08/ID08_hc_0_0_0_w007_35.0s.wav,data/processed/features_10s/train/ID08/ID08_hc_0_0_0_w007_35.0s.npy,ID08,mdvr_kcl,reading_passage,0,train,35.0,0.0
data/processed/audio_10s/train/ID08/ID08_hc_0_0_0_w008_40.0s.wav,data/processed/features_10s/train/ID08/ID08_hc_0_0_0_w008_40.0s.npy,ID08,mdvr_kcl,reading_passage,0,train,40.0,0.0
data/processed/audio_10s/train/ID08/ID08_hc_0_0_0_w009_45.0s.wav,data/processed/features_10s/train/ID08/ID08_hc_0_0_0_w009_45.0s.npy,ID08,mdvr_kcl,reading_passage,0,train,45.0,0.0
data/processed/audio_10s/train/ID08/ID08_hc_0_0_0_w010_50.0s.wav,data/processed/features_10s/train/ID08/ID08_hc_0_0_0_w010_50.0s.npy,ID08,mdvr_kcl,reading_passage,0,train,50.0,0.0
data/processed/audio_10s/train/ID08/ID08_hc_0_0_0_w011_55.0s.wav,data/processed/features_10s/train/ID08/ID08_hc_0_0_0_w011_55.0s.npy,ID08,mdvr_kcl,reading_passage,0,train,55.0,0.0
data/processed/audio_10s/train/ID08/ID08_hc_0_0_0_w012_60.0s.wav,data/processed/features_10s/train/ID08/ID08_hc_0_0_0_w012_60.0s.npy,ID08,mdvr_kcl,reading_passage,0,train,60.0,0.0
data/processed/audio_10s/train/ID08/ID08_hc_0_0_0_w013_65.0s.wav,data/processed/features_10s/train/ID08/ID08_hc_0_0_0_w013_65.0s.npy,ID08,mdvr_kcl,reading_passage,0,train,65.0,0.0
data/processed/audio_10s/train/ID08/ID08_hc_0_0_0_w014_70.0s.wav,data/processed/features_10s/train/ID08/ID08_hc_0_0_0_w014_70.0s.npy,ID08,mdvr_kcl,reading_passage,0,train,70.0,0.0
data/processed/audio_10s/train/ID08/ID08_hc_0_0_0_w015_75.0s.wav,data/processed/features_10s/train/ID08/ID08_hc_0_0_0_w015_75.0s.npy,ID08,mdvr_kcl,reading_passage,0,train,75.0,0.0
data/processed/audio_10s/train/ID08/ID08_hc_0_0_0_w016_80.0s.wav,data/processed/features_10s/train/ID08/ID08_hc_0_0_0_w016_80.0s.npy,ID08,mdvr_kcl,reading_passage,0,train,80.0,0.0
data/processed/audio_10s/train/ID08/ID08_hc_0_0_0_w017_85.0s.wav,data/processed/features_10s/train/ID08/ID08_hc_0_0_0_w017_85.0s.npy,ID08,mdvr_kcl,reading_passage,0,train,85.0,0.0
data/processed/audio_10s/train/ID08/ID08_hc_0_0_0_w018_90.0s.wav,data/processed/features_10s/train/ID08/ID08_hc_0_0_0_w018_90.0s.npy,ID08,mdvr_kcl,reading_passage,0,train,90.0,0.0
data/processed/audio_10s/train/ID08/ID08_hc_0_0_0_w019_95.0s.wav,data/processed/features_10s/train/ID08/ID08_hc_0_0_0_w019_95.0s.npy,ID08,mdvr_kcl,reading_passage,0,train,95.0,0.0
data/processed/audio_10s/train/ID08/ID08_hc_0_0_0_w020_100.0s.wav,data/processed/features_10s/train/ID08/ID08_hc_0_0_0_w020_100.0s.npy,ID08,mdvr_kcl,reading_passage,0,train,100.0,0.0
data/processed/audio_10s/train/ID08/ID08_hc_0_0_0_w021_105.0s.wav,data/processed/features_10s/train/ID08/ID08_hc_0_0_0_w021_105.0s.npy,ID08,mdvr_kcl,reading_passage,0,train,105.0,0.0
data/processed/audio_10s/train/ID08/ID08_hc_0_0_0_w022_110.0s.wav,data/processed/features_10s/train/ID08/ID08_hc_0_0_0_w022_110.0s.npy,ID08,mdvr_kcl,reading_passage,0,train,110.0,0.0
data/processed/audio_10s/train/ID08/ID08_hc_0_0_0_w023_115.0s.wav,data/processed/features_10s/train/ID08/ID08_hc_0_0_0_w023_115.0s.npy,ID08,mdvr_kcl,reading_passage,0,train,115.0,0.0
data/processed/audio_10s/train/ID08/ID08_hc_0_0_0_w024_120.0s.wav,data/processed/features_10s/train/ID08/ID08_hc_0_0_0_w024_120.0s.npy,ID08,mdvr_kcl,reading_passage,0,train,120.0,0.0
data/processed/audio_10s/train/ID08/ID08_hc_0_0_0_w025_125.0s.wav,data/processed/features_10s/train/ID08/ID08_hc_0_0_0_w025_125.0s.npy,ID08,mdvr_kcl,reading_passage,0,train,125.0,0.0
data/processed/audio_10s/train/ID08/ID08_hc_0_0_0_w026_130.0s.wav,data/processed/features_10s/train/ID08/ID08_hc_0_0_0_w026_130.0s.npy,ID08,mdvr_kcl,reading_passage,0,train,130.0,0.0
data/processed/audio_10s/train/ID09/ID09_hc_0_0_0_w000_0.0s.wav,data/processed/features_10s/train/ID09/ID09_hc_0_0_0_w000_0.0s.npy,ID09,mdvr_kcl,reading_passage,0,train,0.0,0.0
data/processed/audio_10s/train/ID09/ID09_hc_0_0_0_w001_5.0s.wav,data/processed/features_10s/train/ID09/ID09_hc_0_0_0_w001_5.0s.npy,ID09,mdvr_kcl,reading_passage,0,train,5.0,0.0
data/processed/audio_10s/train/ID09/ID09_hc_0_0_0_w002_10.0s.wav,data/processed/features_10s/train/ID09/ID09_hc_0_0_0_w002_10.0s.npy,ID09,mdvr_kcl,reading_passage,0,train,10.0,0.0
data/processed/audio_10s/train/ID09/ID09_hc_0_0_0_w003_15.0s.wav,data/processed/features_10s/train/ID09/ID09_hc_0_0_0_w003_15.0s.npy,ID09,mdvr_kcl,reading_passage,0,train,15.0,0.0
data/processed/audio_10s/train/ID09/ID09_hc_0_0_0_w004_20.0s.wav,data/processed/features_10s/train/ID09/ID09_hc_0_0_0_w004_20.0s.npy,ID09,mdvr_kcl,reading_passage,0,train,20.0,0.0
data/processed/audio_10s/train/ID09/ID09_hc_0_0_0_w005_25.0s.wav,data/processed/features_10s/train/ID09/ID09_hc_0_0_0_w005_25.0s.npy,ID09,mdvr_kcl,reading_passage,0,train,25.0,0.0
data/processed/audio_10s/train/ID09/ID09_hc_0_0_0_w006_30.0s.wav,data/processed/features_10s/train/ID09/ID09_hc_0_0_0_w006_30.0s.npy,ID09,mdvr_kcl,reading_passage,0,train,30.0,0.0
data/processed/audio_10s/train/ID09/ID09_hc_0_0_0_w007_35.0s.wav,data/processed/features_10s/train/ID09/ID09_hc_0_0_0_w007_35.0s.npy,ID09,mdvr_kcl,reading_passage,0,train,35.0,0.0
data/processed/audio_10s/train/ID09/ID09_hc_0_0_0_w008_40.0s.wav,data/processed/features_10s/train/ID09/ID09_hc_0_0_0_w008_40.0s.npy,ID09,mdvr_kcl,reading_passage,0,train,40.0,0.0
data/processed/audio_10s/train/ID09/ID09_hc_0_0_0_w009_45.0s.wav,data/processed/features_10s/train/ID09/ID09_hc_0_0_0_w009_45.0s.npy,ID09,mdvr_kcl,reading_passage,0,train,45.0,0.0
data/processed/audio_10s/train/ID09/ID09_hc_0_0_0_w010_50.0s.wav,data/processed/features_10s/train/ID09/ID09_hc_0_0_0_w010_50.0s.npy,ID09,mdvr_kcl,reading_passage,0,train,50.0,0.0
data/processed/audio_10s/train/ID09/ID09_hc_0_0_0_w011_55.0s.wav,data/processed/features_10s/train/ID09/ID09_hc_0_0_0_w011_55.0s.npy,ID09,mdvr_kcl,reading_passage,0,train,55.0,0.0
data/processed/audio_10s/train/ID09/ID09_hc_0_0_0_w012_60.0s.wav,data/processed/features_10s/train/ID09/ID09_hc_0_0_0_w012_60.0s.npy,ID09,mdvr_kcl,reading_passage,0,train,60.0,0.0
data/processed/audio_10s/train/ID09/ID09_hc_0_0_0_w013_65.0s.wav,data/processed/features_10s/train/ID09/ID09_hc_0_0_0_w013_65.0s.npy,ID09,mdvr_kcl,reading_passage,0,train,65.0,0.0
data/processed/audio_10s/train/ID09/ID09_hc_0_0_0_w014_70.0s.wav,data/processed/features_10s/train/ID09/ID09_hc_0_0_0_w014_70.0s.npy,ID09,mdvr_kcl,reading_passage,0,train,70.0,0.0
data/processed/audio_10s/train/ID09/ID09_hc_0_0_0_w015_75.0s.wav,data/processed/features_10s/train/ID09/ID09_hc_0_0_0_w015_75.0s.npy,ID09,mdvr_kcl,reading_passage,0,train,75.0,0.0
data/processed/audio_10s/train/ID09/ID09_hc_0_0_0_w016_80.0s.wav,data/processed/features_10s/train/ID09/ID09_hc_0_0_0_w016_80.0s.npy,ID09,mdvr_kcl,reading_passage,0,train,80.0,0.0
data/processed/audio_10s/train/ID09/ID09_hc_0_0_0_w017_85.0s.wav,data/processed/features_10s/train/ID09/ID09_hc_0_0_0_w017_85.0s.npy,ID09,mdvr_kcl,reading_passage,0,train,85.0,0.0
data/processed/audio_10s/train/ID09/ID09_hc_0_0_0_w018_90.0s.wav,data/processed/features_10s/train/ID09/ID09_hc_0_0_0_w018_90.0s.npy,ID09,mdvr_kcl,reading_passage,0,train,90.0,0.0
data/processed/audio_10s/train/ID09/ID09_hc_0_0_0_w019_95.0s.wav,data/processed/features_10s/train/ID09/ID09_hc_0_0_0_w019_95.0s.npy,ID09,mdvr_kcl,reading_passage,0,train,95.0,0.0
data/processed/audio_10s/train/ID09/ID09_hc_0_0_0_w020_100.0s.wav,data/processed/features_10s/train/ID09/ID09_hc_0_0_0_w020_100.0s.npy,ID09,mdvr_kcl,reading_passage,0,train,100.0,0.0
data/processed/audio_10s/train/ID09/ID09_hc_0_0_0_w021_105.0s.wav,data/processed/features_10s/train/ID09/ID09_hc_0_0_0_w021_105.0s.npy,ID09,mdvr_kcl,reading_passage,0,train,105.0,0.0
data/processed/audio_10s/train/ID09/ID09_hc_0_0_0_w022_110.0s.wav,data/processed/features_10s/train/ID09/ID09_hc_0_0_0_w022_110.0s.npy,ID09,mdvr_kcl,reading_passage,0,train,110.0,0.0
data/processed/audio_10s/test/ID10/ID10_hc_0_0_0_w000_0.0s.wav,data/processed/features_10s/test/ID10/ID10_hc_0_0_0_w000_0.0s.npy,ID10,mdvr_kcl,reading_passage,0,test,0.0,0.0
data/processed/audio_10s/test/ID10/ID10_hc_0_0_0_w001_5.0s.wav,data/processed/features_10s/test/ID10/ID10_hc_0_0_0_w001_5.0s.npy,ID10,mdvr_kcl,reading_passage,0,test,5.0,0.0
data/processed/audio_10s/test/ID10/ID10_hc_0_0_0_w002_10.0s.wav,data/processed/features_10s/test/ID10/ID10_hc_0_0_0_w002_10.0s.npy,ID10,mdvr_kcl,reading_passage,0,test,10.0,0.0
data/processed/audio_10s/test/ID10/ID10_hc_0_0_0_w003_15.0s.wav,data/processed/features_10s/test/ID10/ID10_hc_0_0_0_w003_15.0s.npy,ID10,mdvr_kcl,reading_passage,0,test,15.0,0.0
data/processed/audio_10s/test/ID10/ID10_hc_0_0_0_w004_20.0s.wav,data/processed/features_10s/test/ID10/ID10_hc_0_0_0_w004_20.0s.npy,ID10,mdvr_kcl,reading_passage,0,test,20.0,0.0
data/processed/audio_10s/test/ID10/ID10_hc_0_0_0_w005_25.0s.wav,data/processed/features_10s/test/ID10/ID10_hc_0_0_0_w005_25.0s.npy,ID10,mdvr_kcl,reading_passage,0,test,25.0,0.0
data/processed/audio_10s/test/ID10/ID10_hc_0_0_0_w006_30.0s.wav,data/processed/features_10s/test/ID10/ID10_hc_0_0_0_w006_30.0s.npy,ID10,mdvr_kcl,reading_passage,0,test,30.0,0.0
data/processed/audio_10s/test/ID10/ID10_hc_0_0_0_w007_35.0s.wav,data/processed/features_10s/test/ID10/ID10_hc_0_0_0_w007_35.0s.npy,ID10,mdvr_kcl,reading_passage,0,test,35.0,0.0
data/processed/audio_10s/test/ID10/ID10_hc_0_0_0_w008_40.0s.wav,data/processed/features_10s/test/ID10/ID10_hc_0_0_0_w008_40.0s.npy,ID10,mdvr_kcl,reading_passage,0,test,40.0,0.0
data/processed/audio_10s/test/ID10/ID10_hc_0_0_0_w009_45.0s.wav,data/processed/features_10s/test/ID10/ID10_hc_0_0_0_w009_45.0s.npy,ID10,mdvr_kcl,reading_passage,0,test,45.0,0.0
data/processed/audio_10s/test/ID10/ID10_hc_0_0_0_w010_50.0s.wav,data/processed/features_10s/test/ID10/ID10_hc_0_0_0_w010_50.0s.npy,ID10,mdvr_kcl,reading_passage,0,test,50.0,0.0
data/processed/audio_10s/test/ID10/ID10_hc_0_0_0_w011_55.0s.wav,data/processed/features_10s/test/ID10/ID10_hc_0_0_0_w011_55.0s.npy,ID10,mdvr_kcl,reading_passage,0,test,55.0,0.0
data/processed/audio_10s/test/ID10/ID10_hc_0_0_0_w012_60.0s.wav,data/processed/features_10s/test/ID10/ID10_hc_0_0_0_w012_60.0s.npy,ID10,mdvr_kcl,reading_passage,0,test,60.0,0.0
data/processed/audio_10s/test/ID10/ID10_hc_0_0_0_w013_65.0s.wav,data/processed/features_10s/test/ID10/ID10_hc_0_0_0_w013_65.0s.npy,ID10,mdvr_kcl,reading_passage,0,test,65.0,0.0
data/processed/audio_10s/test/ID10/ID10_hc_0_0_0_w014_70.0s.wav,data/processed/features_10s/test/ID10/ID10_hc_0_0_0_w014_70.0s.npy,ID10,mdvr_kcl,reading_passage,0,test,70.0,0.0
data/processed/audio_10s/test/ID10/ID10_hc_0_0_0_w015_75.0s.wav,data/processed/features_10s/test/ID10/ID10_hc_0_0_0_w015_75.0s.npy,ID10,mdvr_kcl,reading_passage,0,test,75.0,0.0
data/processed/audio_10s/test/ID10/ID10_hc_0_0_0_w016_80.0s.wav,data/processed/features_10s/test/ID10/ID10_hc_0_0_0_w016_80.0s.npy,ID10,mdvr_kcl,reading_passage,0,test,80.0,0.0
data/processed/audio_10s/test/ID10/ID10_hc_0_0_0_w017_85.0s.wav,data/processed/features_10s/test/ID10/ID10_hc_0_0_0_w017_85.0s.npy,ID10,mdvr_kcl,reading_passage,0,test,85.0,0.0
data/processed/audio_10s/test/ID10/ID10_hc_0_0_0_w018_90.0s.wav,data/processed/features_10s/test/ID10/ID10_hc_0_0_0_w018_90.0s.npy,ID10,mdvr_kcl,reading_passage,0,test,90.0,0.0
data/processed/audio_10s/test/ID10/ID10_hc_0_0_0_w019_95.0s.wav,data/processed/features_10s/test/ID10/ID10_hc_0_0_0_w019_95.0s.npy,ID10,mdvr_kcl,reading_passage,0,test,95.0,0.0
data/processed/audio_10s/test/ID10/ID10_hc_0_0_0_w020_100.0s.wav,data/processed/features_10s/test/ID10/ID10_hc_0_0_0_w020_100.0s.npy,ID10,mdvr_kcl,reading_passage,0,test,100.0,0.0
data/processed/audio_10s/test/ID10/ID10_hc_0_0_0_w021_105.0s.wav,data/processed/features_10s/test/ID10/ID10_hc_0_0_0_w021_105.0s.npy,ID10,mdvr_kcl,reading_passage,0,test,105.0,0.0
data/processed/audio_10s/test/ID10/ID10_hc_0_0_0_w022_110.0s.wav,data/processed/features_10s/test/ID10/ID10_hc_0_0_0_w022_110.0s.npy,ID10,mdvr_kcl,reading_passage,0,test,110.0,0.0
data/processed/audio_10s/test/ID10/ID10_hc_0_0_0_w023_115.0s.wav,data/processed/features_10s/test/ID10/ID10_hc_0_0_0_w023_115.0s.npy,ID10,mdvr_kcl,reading_passage,0,test,115.0,0.0
data/processed/audio_10s/test/ID10/ID10_hc_0_0_0_w024_120.0s.wav,data/processed/features_10s/test/ID10/ID10_hc_0_0_0_w024_120.0s.npy,ID10,mdvr_kcl,reading_passage,0,test,120.0,0.0
data/processed/audio_10s/test/ID10/ID10_hc_0_0_0_w025_125.0s.wav,data/processed/features_10s/test/ID10/ID10_hc_0_0_0_w025_125.0s.npy,ID10,mdvr_kcl,reading_passage,0,test,125.0,0.0
data/processed/audio_10s/val/ID11/ID11_hc_0_0_0_w000_0.0s.wav,data/processed/features_10s/val/ID11/ID11_hc_0_0_0_w000_0.0s.npy,ID11,mdvr_kcl,reading_passage,0,val,0.0,0.0
data/processed/audio_10s/val/ID11/ID11_hc_0_0_0_w001_5.0s.wav,data/processed/features_10s/val/ID11/ID11_hc_0_0_0_w001_5.0s.npy,ID11,mdvr_kcl,reading_passage,0,val,5.0,0.0
data/processed/audio_10s/val/ID11/ID11_hc_0_0_0_w002_10.0s.wav,data/processed/features_10s/val/ID11/ID11_hc_0_0_0_w002_10.0s.npy,ID11,mdvr_kcl,reading_passage,0,val,10.0,0.0
data/processed/audio_10s/val/ID11/ID11_hc_0_0_0_w003_15.0s.wav,data/processed/features_10s/val/ID11/ID11_hc_0_0_0_w003_15.0s.npy,ID11,mdvr_kcl,reading_passage,0,val,15.0,0.0
data/processed/audio_10s/val/ID11/ID11_hc_0_0_0_w004_20.0s.wav,data/processed/features_10s/val/ID11/ID11_hc_0_0_0_w004_20.0s.npy,ID11,mdvr_kcl,reading_passage,0,val,20.0,0.0
data/processed/audio_10s/val/ID11/ID11_hc_0_0_0_w005_25.0s.wav,data/processed/features_10s/val/ID11/ID11_hc_0_0_0_w005_25.0s.npy,ID11,mdvr_kcl,reading_passage,0,val,25.0,0.0
data/processed/audio_10s/val/ID11/ID11_hc_0_0_0_w006_30.0s.wav,data/processed/features_10s/val/ID11/ID11_hc_0_0_0_w006_30.0s.npy,ID11,mdvr_kcl,reading_passage,0,val,30.0,0.0
data/processed/audio_10s/val/ID11/ID11_hc_0_0_0_w007_35.0s.wav,data/processed/features_10s/val/ID11/ID11_hc_0_0_0_w007_35.0s.npy,ID11,mdvr_kcl,reading_passage,0,val,35.0,0.0
data/processed/audio_10s/val/ID11/ID11_hc_0_0_0_w008_40.0s.wav,data/processed/features_10s/val/ID11/ID11_hc_0_0_0_w008_40.0s.npy,ID11,mdvr_kcl,reading_passage,0,val,40.0,0.0
data/processed/audio_10s/val/ID11/ID11_hc_0_0_0_w009_45.0s.wav,data/processed/features_10s/val/ID11/ID11_hc_0_0_0_w009_45.0s.npy,ID11,mdvr_kcl,reading_passage,0,val,45.0,0.0
data/processed/audio_10s/val/ID11/ID11_hc_0_0_0_w010_50.0s.wav,data/processed/features_10s/val/ID11/ID11_hc_0_0_0_w010_50.0s.npy,ID11,mdvr_kcl,reading_passage,0,val,50.0,0.0
data/processed/audio_10s/val/ID11/ID11_hc_0_0_0_w011_55.0s.wav,data/processed/features_10s/val/ID11/ID11_hc_0_0_0_w011_55.0s.npy,ID11,mdvr_kcl,reading_passage,0,val,55.0,0.0
data/processed/audio_10s/val/ID11/ID11_hc_0_0_0_w012_60.0s.wav,data/processed/features_10s/val/ID11/ID11_hc_0_0_0_w012_60.0s.npy,ID11,mdvr_kcl,reading_passage,0,val,60.0,0.0
data/processed/audio_10s/val/ID11/ID11_hc_0_0_0_w013_65.0s.wav,data/processed/features_10s/val/ID11/ID11_hc_0_0_0_w013_65.0s.npy,ID11,mdvr_kcl,reading_passage,0,val,65.0,0.0
data/processed/audio_10s/val/ID11/ID11_hc_0_0_0_w014_70.0s.wav,data/processed/features_10s/val/ID11/ID11_hc_0_0_0_w014_70.0s.npy,ID11,mdvr_kcl,reading_passage,0,val,70.0,0.0
data/processed/audio_10s/val/ID11/ID11_hc_0_0_0_w015_75.0s.wav,data/processed/features_10s/val/ID11/ID11_hc_0_0_0_w015_75.0s.npy,ID11,mdvr_kcl,reading_passage,0,val,75.0,0.0
data/processed/audio_10s/val/ID11/ID11_hc_0_0_0_w016_80.0s.wav,data/processed/features_10s/val/ID11/ID11_hc_0_0_0_w016_80.0s.npy,ID11,mdvr_kcl,reading_passage,0,val,80.0,0.0
data/processed/audio_10s/val/ID11/ID11_hc_0_0_0_w017_85.0s.wav,data/processed/features_10s/val/ID11/ID11_hc_0_0_0_w017_85.0s.npy,ID11,mdvr_kcl,reading_passage,0,val,85.0,0.0
data/processed/audio_10s/val/ID11/ID11_hc_0_0_0_w018_90.0s.wav,data/processed/features_10s/val/ID11/ID11_hc_0_0_0_w018_90.0s.npy,ID11,mdvr_kcl,reading_passage,0,val,90.0,0.0
data/processed/audio_10s/val/ID11/ID11_hc_0_0_0_w019_95.0s.wav,data/processed/features_10s/val/ID11/ID11_hc_0_0_0_w019_95.0s.npy,ID11,mdvr_kcl,reading_passage,0,val,95.0,0.0
data/processed/audio_10s/val/ID11/ID11_hc_0_0_0_w020_100.0s.wav,data/processed/features_10s/val/ID11/ID11_hc_0_0_0_w020_100.0s.npy,ID11,mdvr_kcl,reading_passage,0,val,100.0,0.0
data/processed/audio_10s/val/ID11/ID11_hc_0_0_0_w021_105.0s.wav,data/processed/features_10s/val/ID11/ID11_hc_0_0_0_w021_105.0s.npy,ID11,mdvr_kcl,reading_passage,0,val,105.0,0.0
data/processed/audio_10s/val/ID11/ID11_hc_0_0_0_w022_110.0s.wav,data/processed/features_10s/val/ID11/ID11_hc_0_0_0_w022_110.0s.npy,ID11,mdvr_kcl,reading_passage,0,val,110.0,0.0
data/processed/audio_10s/val/ID11/ID11_hc_0_0_0_w023_115.0s.wav,data/processed/features_10s/val/ID11/ID11_hc_0_0_0_w023_115.0s.npy,ID11,mdvr_kcl,reading_passage,0,val,115.0,0.0
data/processed/audio_10s/val/ID11/ID11_hc_0_0_0_w024_120.0s.wav,data/processed/features_10s/val/ID11/ID11_hc_0_0_0_w024_120.0s.npy,ID11,mdvr_kcl,reading_passage,0,val,120.0,0.0
data/processed/audio_10s/val/ID11/ID11_hc_0_0_0_w025_125.0s.wav,data/processed/features_10s/val/ID11/ID11_hc_0_0_0_w025_125.0s.npy,ID11,mdvr_kcl,reading_passage,0,val,125.0,0.0
data/processed/audio_10s/val/ID11/ID11_hc_0_0_0_w026_130.0s.wav,data/processed/features_10s/val/ID11/ID11_hc_0_0_0_w026_130.0s.npy,ID11,mdvr_kcl,reading_passage,0,val,130.0,0.0
data/processed/audio_10s/val/ID11/ID11_hc_0_0_0_w027_135.0s.wav,data/processed/features_10s/val/ID11/ID11_hc_0_0_0_w027_135.0s.npy,ID11,mdvr_kcl,reading_passage,0,val,135.0,0.0
data/processed/audio_10s/train/ID12/ID12_hc_0_0_0_w000_0.0s.wav,data/processed/features_10s/train/ID12/ID12_hc_0_0_0_w000_0.0s.npy,ID12,mdvr_kcl,reading_passage,0,train,0.0,0.0
data/processed/audio_10s/train/ID12/ID12_hc_0_0_0_w001_5.0s.wav,data/processed/features_10s/train/ID12/ID12_hc_0_0_0_w001_5.0s.npy,ID12,mdvr_kcl,reading_passage,0,train,5.0,0.0
data/processed/audio_10s/train/ID12/ID12_hc_0_0_0_w002_10.0s.wav,data/processed/features_10s/train/ID12/ID12_hc_0_0_0_w002_10.0s.npy,ID12,mdvr_kcl,reading_passage,0,train,10.0,0.0
data/processed/audio_10s/train/ID12/ID12_hc_0_0_0_w003_15.0s.wav,data/processed/features_10s/train/ID12/ID12_hc_0_0_0_w003_15.0s.npy,ID12,mdvr_kcl,reading_passage,0,train,15.0,0.0
data/processed/audio_10s/train/ID12/ID12_hc_0_0_0_w004_20.0s.wav,data/processed/features_10s/train/ID12/ID12_hc_0_0_0_w004_20.0s.npy,ID12,mdvr_kcl,reading_passage,0,train,20.0,0.0
data/processed/audio_10s/train/ID12/ID12_hc_0_0_0_w005_25.0s.wav,data/processed/features_10s/train/ID12/ID12_hc_0_0_0_w005_25.0s.npy,ID12,mdvr_kcl,reading_passage,0,train,25.0,0.0
data/processed/audio_10s/train/ID12/ID12_hc_0_0_0_w006_30.0s.wav,data/processed/features_10s/train/ID12/ID12_hc_0_0_0_w006_30.0s.npy,ID12,mdvr_kcl,reading_passage,0,train,30.0,0.0
data/processed/audio_10s/train/ID12/ID12_hc_0_0_0_w007_35.0s.wav,data/processed/features_10s/train/ID12/ID12_hc_0_0_0_w007_35.0s.npy,ID12,mdvr_kcl,reading_passage,0,train,35.0,0.0
data/processed/audio_10s/train/ID12/ID12_hc_0_0_0_w008_40.0s.wav,data/processed/features_10s/train/ID12/ID12_hc_0_0_0_w008_40.0s.npy,ID12,mdvr_kcl,reading_passage,0,train,40.0,0.0
data/processed/audio_10s/train/ID12/ID12_hc_0_0_0_w009_45.0s.wav,data/processed/features_10s/train/ID12/ID12_hc_0_0_0_w009_45.0s.npy,ID12,mdvr_kcl,reading_passage,0,train,45.0,0.0
data/processed/audio_10s/train/ID12/ID12_hc_0_0_0_w010_50.0s.wav,data/processed/features_10s/train/ID12/ID12_hc_0_0_0_w010_50.0s.npy,ID12,mdvr_kcl,reading_passage,0,train,50.0,0.0
data/processed/audio_10s/train/ID12/ID12_hc_0_0_0_w011_55.0s.wav,data/processed/features_10s/train/ID12/ID12_hc_0_0_0_w011_55.0s.npy,ID12,mdvr_kcl,reading_passage,0,train,55.0,0.0
data/processed/audio_10s/train/ID12/ID12_hc_0_0_0_w012_60.0s.wav,data/processed/features_10s/train/ID12/ID12_hc_0_0_0_w012_60.0s.npy,ID12,mdvr_kcl,reading_passage,0,train,60.0,0.0
data/processed/audio_10s/train/ID12/ID12_hc_0_0_0_w013_65.0s.wav,data/processed/features_10s/train/ID12/ID12_hc_0_0_0_w013_65.0s.npy,ID12,mdvr_kcl,reading_passage,0,train,65.0,0.0
data/processed/audio_10s/train/ID12/ID12_hc_0_0_0_w014_70.0s.wav,data/processed/features_10s/train/ID12/ID12_hc_0_0_0_w014_70.0s.npy,ID12,mdvr_kcl,reading_passage,0,train,70.0,0.0
data/processed/audio_10s/train/ID12/ID12_hc_0_0_0_w015_75.0s.wav,data/processed/features_10s/train/ID12/ID12_hc_0_0_0_w015_75.0s.npy,ID12,mdvr_kcl,reading_passage,0,train,75.0,0.0
data/processed/audio_10s/train/ID12/ID12_hc_0_0_0_w016_80.0s.wav,data/processed/features_10s/train/ID12/ID12_hc_0_0_0_w016_80.0s.npy,ID12,mdvr_kcl,reading_passage,0,train,80.0,0.0
data/processed/audio_10s/train/ID12/ID12_hc_0_0_0_w017_85.0s.wav,data/processed/features_10s/train/ID12/ID12_hc_0_0_0_w017_85.0s.npy,ID12,mdvr_kcl,reading_passage,0,train,85.0,0.0
data/processed/audio_10s/train/ID12/ID12_hc_0_0_0_w018_90.0s.wav,data/processed/features_10s/train/ID12/ID12_hc_0_0_0_w018_90.0s.npy,ID12,mdvr_kcl,reading_passage,0,train,90.0,0.0
data/processed/audio_10s/train/ID12/ID12_hc_0_0_0_w019_95.0s.wav,data/processed/features_10s/train/ID12/ID12_hc_0_0_0_w019_95.0s.npy,ID12,mdvr_kcl,reading_passage,0,train,95.0,0.0
data/processed/audio_10s/train/ID12/ID12_hc_0_0_0_w020_100.0s.wav,data/processed/features_10s/train/ID12/ID12_hc_0_0_0_w020_100.0s.npy,ID12,mdvr_kcl,reading_passage,0,train,100.0,0.0
data/processed/audio_10s/train/ID12/ID12_hc_0_0_0_w021_105.0s.wav,data/processed/features_10s/train/ID12/ID12_hc_0_0_0_w021_105.0s.npy,ID12,mdvr_kcl,reading_passage,0,train,105.0,0.0
data/processed/audio_10s/train/ID12/ID12_hc_0_0_0_w022_110.0s.wav,data/processed/features_10s/train/ID12/ID12_hc_0_0_0_w022_110.0s.npy,ID12,mdvr_kcl,reading_passage,0,train,110.0,0.0
data/processed/audio_10s/train/ID12/ID12_hc_0_0_0_w023_115.0s.wav,data/processed/features_10s/train/ID12/ID12_hc_0_0_0_w023_115.0s.npy,ID12,mdvr_kcl,reading_passage,0,train,115.0,0.0
data/processed/audio_10s/train/ID14/ID14_hc_0_0_0_w000_0.0s.wav,data/processed/features_10s/train/ID14/ID14_hc_0_0_0_w000_0.0s.npy,ID14,mdvr_kcl,reading_passage,0,train,0.0,0.0
data/processed/audio_10s/train/ID14/ID14_hc_0_0_0_w001_5.0s.wav,data/processed/features_10s/train/ID14/ID14_hc_0_0_0_w001_5.0s.npy,ID14,mdvr_kcl,reading_passage,0,train,5.0,0.0
data/processed/audio_10s/train/ID14/ID14_hc_0_0_0_w002_10.0s.wav,data/processed/features_10s/train/ID14/ID14_hc_0_0_0_w002_10.0s.npy,ID14,mdvr_kcl,reading_passage,0,train,10.0,0.0
data/processed/audio_10s/train/ID14/ID14_hc_0_0_0_w003_15.0s.wav,data/processed/features_10s/train/ID14/ID14_hc_0_0_0_w003_15.0s.npy,ID14,mdvr_kcl,reading_passage,0,train,15.0,0.0
data/processed/audio_10s/train/ID14/ID14_hc_0_0_0_w004_20.0s.wav,data/processed/features_10s/train/ID14/ID14_hc_0_0_0_w004_20.0s.npy,ID14,mdvr_kcl,reading_passage,0,train,20.0,0.0
data/processed/audio_10s/train/ID14/ID14_hc_0_0_0_w005_25.0s.wav,data/processed/features_10s/train/ID14/ID14_hc_0_0_0_w005_25.0s.npy,ID14,mdvr_kcl,reading_passage,0,train,25.0,0.0
data/processed/audio_10s/train/ID14/ID14_hc_0_0_0_w006_30.0s.wav,data/processed/features_10s/train/ID14/ID14_hc_0_0_0_w006_30.0s.npy,ID14,mdvr_kcl,reading_passage,0,train,30.0,0.0
data/processed/audio_10s/train/ID14/ID14_hc_0_0_0_w007_35.0s.wav,data/processed/features_10s/train/ID14/ID14_hc_0_0_0_w007_35.0s.npy,ID14,mdvr_kcl,reading_passage,0,train,35.0,0.0
data/processed/audio_10s/train/ID14/ID14_hc_0_0_0_w008_40.0s.wav,data/processed/features_10s/train/ID14/ID14_hc_0_0_0_w008_40.0s.npy,ID14,mdvr_kcl,reading_passage,0,train,40.0,0.0
data/processed/audio_10s/train/ID14/ID14_hc_0_0_0_w009_45.0s.wav,data/processed/features_10s/train/ID14/ID14_hc_0_0_0_w009_45.0s.npy,ID14,mdvr_kcl,reading_passage,0,train,45.0,0.0
data/processed/audio_10s/train/ID14/ID14_hc_0_0_0_w010_50.0s.wav,data/processed/features_10s/train/ID14/ID14_hc_0_0_0_w010_50.0s.npy,ID14,mdvr_kcl,reading_passage,0,train,50.0,0.0
data/processed/audio_10s/train/ID14/ID14_hc_0_0_0_w011_55.0s.wav,data/processed/features_10s/train/ID14/ID14_hc_0_0_0_w011_55.0s.npy,ID14,mdvr_kcl,reading_passage,0,train,55.0,0.0
data/processed/audio_10s/train/ID14/ID14_hc_0_0_0_w012_60.0s.wav,data/processed/features_10s/train/ID14/ID14_hc_0_0_0_w012_60.0s.npy,ID14,mdvr_kcl,reading_passage,0,train,60.0,0.0
data/processed/audio_10s/train/ID14/ID14_hc_0_0_0_w013_65.0s.wav,data/processed/features_10s/train/ID14/ID14_hc_0_0_0_w013_65.0s.npy,ID14,mdvr_kcl,reading_passage,0,train,65.0,0.0
data/processed/audio_10s/train/ID14/ID14_hc_0_0_0_w014_70.0s.wav,data/processed/features_10s/train/ID14/ID14_hc_0_0_0_w014_70.0s.npy,ID14,mdvr_kcl,reading_passage,0,train,70.0,0.0
data/processed/audio_10s/train/ID14/ID14_hc_0_0_0_w015_75.0s.wav,data/processed/features_10s/train/ID14/ID14_hc_0_0_0_w015_75.0s.npy,ID14,mdvr_kcl,reading_passage,0,train,75.0,0.0
data/processed/audio_10s/train/ID14/ID14_hc_0_0_0_w016_80.0s.wav,data/processed/features_10s/train/ID14/ID14_hc_0_0_0_w016_80.0s.npy,ID14,mdvr_kcl,reading_passage,0,train,80.0,0.0
data/processed/audio_10s/train/ID14/ID14_hc_0_0_0_w017_85.0s.wav,data/processed/features_10s/train/ID14/ID14_hc_0_0_0_w017_85.0s.npy,ID14,mdvr_kcl,reading_passage,0,train,85.0,0.0
data/processed/audio_10s/train/ID14/ID14_hc_0_0_0_w018_90.0s.wav,data/processed/features_10s/train/ID14/ID14_hc_0_0_0_w018_90.0s.npy,ID14,mdvr_kcl,reading_passage,0,train,90.0,0.0
data/processed/audio_10s/train/ID14/ID14_hc_0_0_0_w019_95.0s.wav,data/processed/features_10s/train/ID14/ID14_hc_0_0_0_w019_95.0s.npy,ID14,mdvr_kcl,reading_passage,0,train,95.0,0.0
data/processed/audio_10s/train/ID14/ID14_hc_0_0_0_w020_100.0s.wav,data/processed/features_10s/train/ID14/ID14_hc_0_0_0_w020_100.0s.npy,ID14,mdvr_kcl,reading_passage,0,train,100.0,0.0
data/processed/audio_10s/train/ID14/ID14_hc_0_0_0_w021_105.0s.wav,data/processed/features_10s/train/ID14/ID14_hc_0_0_0_w021_105.0s.npy,ID14,mdvr_kcl,reading_passage,0,train,105.0,0.0
data/processed/audio_10s/train/ID14/ID14_hc_0_0_0_w022_110.0s.wav,data/processed/features_10s/train/ID14/ID14_hc_0_0_0_w022_110.0s.npy,ID14,mdvr_kcl,reading_passage,0,train,110.0,0.0
data/processed/audio_10s/train/ID14/ID14_hc_0_0_0_w023_115.0s.wav,data/processed/features_10s/train/ID14/ID14_hc_0_0_0_w023_115.0s.npy,ID14,mdvr_kcl,reading_passage,0,train,115.0,0.0
data/processed/audio_10s/train/ID14/ID14_hc_0_0_0_w024_120.0s.wav,data/processed/features_10s/train/ID14/ID14_hc_0_0_0_w024_120.0s.npy,ID14,mdvr_kcl,reading_passage,0,train,120.0,0.0
data/processed/audio_10s/train/ID14/ID14_hc_0_0_0_w025_125.0s.wav,data/processed/features_10s/train/ID14/ID14_hc_0_0_0_w025_125.0s.npy,ID14,mdvr_kcl,reading_passage,0,train,125.0,0.0
data/processed/audio_10s/train/ID14/ID14_hc_0_0_0_w026_130.0s.wav,data/processed/features_10s/train/ID14/ID14_hc_0_0_0_w026_130.0s.npy,ID14,mdvr_kcl,reading_passage,0,train,130.0,0.0
data/processed/audio_10s/train/ID14/ID14_hc_0_0_0_w027_135.0s.wav,data/processed/features_10s/train/ID14/ID14_hc_0_0_0_w027_135.0s.npy,ID14,mdvr_kcl,reading_passage,0,train,135.0,0.0
data/processed/audio_10s/train/ID14/ID14_hc_0_0_0_w028_140.0s.wav,data/processed/features_10s/train/ID14/ID14_hc_0_0_0_w028_140.0s.npy,ID14,mdvr_kcl,reading_passage,0,train,140.0,0.0
data/processed/audio_10s/train/ID14/ID14_hc_0_0_0_w029_145.0s.wav,data/processed/features_10s/train/ID14/ID14_hc_0_0_0_w029_145.0s.npy,ID14,mdvr_kcl,reading_passage,0,train,145.0,0.0
data/processed/audio_10s/train/ID14/ID14_hc_0_0_0_w030_150.0s.wav,data/processed/features_10s/train/ID14/ID14_hc_0_0_0_w030_150.0s.npy,ID14,mdvr_kcl,reading_passage,0,train,150.0,0.0
data/processed/audio_10s/train/ID14/ID14_hc_0_0_0_w031_155.0s.wav,data/processed/features_10s/train/ID14/ID14_hc_0_0_0_w031_155.0s.npy,ID14,mdvr_kcl,reading_passage,0,train,155.0,0.0
data/processed/audio_10s/val/ID15/ID15_hc_0_0_0_w000_0.0s.wav,data/processed/features_10s/val/ID15/ID15_hc_0_0_0_w000_0.0s.npy,ID15,mdvr_kcl,reading_passage,0,val,0.0,0.0
data/processed/audio_10s/val/ID15/ID15_hc_0_0_0_w001_5.0s.wav,data/processed/features_10s/val/ID15/ID15_hc_0_0_0_w001_5.0s.npy,ID15,mdvr_kcl,reading_passage,0,val,5.0,0.0
data/processed/audio_10s/val/ID15/ID15_hc_0_0_0_w002_10.0s.wav,data/processed/features_10s/val/ID15/ID15_hc_0_0_0_w002_10.0s.npy,ID15,mdvr_kcl,reading_passage,0,val,10.0,0.0
data/processed/audio_10s/val/ID15/ID15_hc_0_0_0_w003_15.0s.wav,data/processed/features_10s/val/ID15/ID15_hc_0_0_0_w003_15.0s.npy,ID15,mdvr_kcl,reading_passage,0,val,15.0,0.0
data/processed/audio_10s/val/ID15/ID15_hc_0_0_0_w004_20.0s.wav,data/processed/features_10s/val/ID15/ID15_hc_0_0_0_w004_20.0s.npy,ID15,mdvr_kcl,reading_passage,0,val,20.0,0.0
data/processed/audio_10s/val/ID15/ID15_hc_0_0_0_w005_25.0s.wav,data/processed/features_10s/val/ID15/ID15_hc_0_0_0_w005_25.0s.npy,ID15,mdvr_kcl,reading_passage,0,val,25.0,0.0
data/processed/audio_10s/val/ID15/ID15_hc_0_0_0_w006_30.0s.wav,data/processed/features_10s/val/ID15/ID15_hc_0_0_0_w006_30.0s.npy,ID15,mdvr_kcl,reading_passage,0,val,30.0,0.0
data/processed/audio_10s/val/ID15/ID15_hc_0_0_0_w007_35.0s.wav,data/processed/features_10s/val/ID15/ID15_hc_0_0_0_w007_35.0s.npy,ID15,mdvr_kcl,reading_passage,0,val,35.0,0.0
data/processed/audio_10s/val/ID15/ID15_hc_0_0_0_w008_40.0s.wav,data/processed/features_10s/val/ID15/ID15_hc_0_0_0_w008_40.0s.npy,ID15,mdvr_kcl,reading_passage,0,val,40.0,0.0
data/processed/audio_10s/val/ID15/ID15_hc_0_0_0_w009_45.0s.wav,data/processed/features_10s/val/ID15/ID15_hc_0_0_0_w009_45.0s.npy,ID15,mdvr_kcl,reading_passage,0,val,45.0,0.0
data/processed/audio_10s/val/ID15/ID15_hc_0_0_0_w010_50.0s.wav,data/processed/features_10s/val/ID15/ID15_hc_0_0_0_w010_50.0s.npy,ID15,mdvr_kcl,reading_passage,0,val,50.0,0.0
data/processed/audio_10s/val/ID15/ID15_hc_0_0_0_w011_55.0s.wav,data/processed/features_10s/val/ID15/ID15_hc_0_0_0_w011_55.0s.npy,ID15,mdvr_kcl,reading_passage,0,val,55.0,0.0
data/processed/audio_10s/val/ID15/ID15_hc_0_0_0_w012_60.0s.wav,data/processed/features_10s/val/ID15/ID15_hc_0_0_0_w012_60.0s.npy,ID15,mdvr_kcl,reading_passage,0,val,60.0,0.0
data/processed/audio_10s/val/ID15/ID15_hc_0_0_0_w013_65.0s.wav,data/processed/features_10s/val/ID15/ID15_hc_0_0_0_w013_65.0s.npy,ID15,mdvr_kcl,reading_passage,0,val,65.0,0.0
data/processed/audio_10s/val/ID15/ID15_hc_0_0_0_w014_70.0s.wav,data/processed/features_10s/val/ID15/ID15_hc_0_0_0_w014_70.0s.npy,ID15,mdvr_kcl,reading_passage,0,val,70.0,0.0
data/processed/audio_10s/val/ID15/ID15_hc_0_0_0_w015_75.0s.wav,data/processed/features_10s/val/ID15/ID15_hc_0_0_0_w015_75.0s.npy,ID15,mdvr_kcl,reading_passage,0,val,75.0,0.0
data/processed/audio_10s/val/ID15/ID15_hc_0_0_0_w016_80.0s.wav,data/processed/features_10s/val/ID15/ID15_hc_0_0_0_w016_80.0s.npy,ID15,mdvr_kcl,reading_passage,0,val,80.0,0.0
data/processed/audio_10s/val/ID15/ID15_hc_0_0_0_w017_85.0s.wav,data/processed/features_10s/val/ID15/ID15_hc_0_0_0_w017_85.0s.npy,ID15,mdvr_kcl,reading_passage,0,val,85.0,0.0
data/processed/audio_10s/val/ID15/ID15_hc_0_0_0_w018_90.0s.wav,data/processed/features_10s/val/ID15/ID15_hc_0_0_0_w018_90.0s.npy,ID15,mdvr_kcl,reading_passage,0,val,90.0,0.0
data/processed/audio_10s/val/ID15/ID15_hc_0_0_0_w019_95.0s.wav,data/processed/features_10s/val/ID15/ID15_hc_0_0_0_w019_95.0s.npy,ID15,mdvr_kcl,reading_passage,0,val,95.0,0.0
data/processed/audio_10s/val/ID15/ID15_hc_0_0_0_w020_100.0s.wav,data/processed/features_10s/val/ID15/ID15_hc_0_0_0_w020_100.0s.npy,ID15,mdvr_kcl,reading_passage,0,val,100.0,0.0
data/processed/audio_10s/val/ID15/ID15_hc_0_0_0_w021_105.0s.wav,data/processed/features_10s/val/ID15/ID15_hc_0_0_0_w021_105.0s.npy,ID15,mdvr_kcl,reading_passage,0,val,105.0,0.0
data/processed/audio_10s/val/ID15/ID15_hc_0_0_0_w022_110.0s.wav,data/processed/features_10s/val/ID15/ID15_hc_0_0_0_w022_110.0s.npy,ID15,mdvr_kcl,reading_passage,0,val,110.0,0.0
data/processed/audio_10s/val/ID15/ID15_hc_0_0_0_w023_115.0s.wav,data/processed/features_10s/val/ID15/ID15_hc_0_0_0_w023_115.0s.npy,ID15,mdvr_kcl,reading_passage,0,val,115.0,0.0
data/processed/audio_10s/val/ID15/ID15_hc_0_0_0_w024_120.0s.wav,data/processed/features_10s/val/ID15/ID15_hc_0_0_0_w024_120.0s.npy,ID15,mdvr_kcl,reading_passage,0,val,120.0,0.0
data/processed/audio_10s/val/ID15/ID15_hc_0_0_0_w025_125.0s.wav,data/processed/features_10s/val/ID15/ID15_hc_0_0_0_w025_125.0s.npy,ID15,mdvr_kcl,reading_passage,0,val,125.0,0.0
data/processed/audio_10s/val/ID15/ID15_hc_0_0_0_w026_130.0s.wav,data/processed/features_10s/val/ID15/ID15_hc_0_0_0_w026_130.0s.npy,ID15,mdvr_kcl,reading_passage,0,val,130.0,0.0
data/processed/audio_10s/val/ID15/ID15_hc_0_0_0_w027_135.0s.wav,data/processed/features_10s/val/ID15/ID15_hc_0_0_0_w027_135.0s.npy,ID15,mdvr_kcl,reading_passage,0,val,135.0,0.0
data/processed/audio_10s/val/ID15/ID15_hc_0_0_0_w028_140.0s.wav,data/processed/features_10s/val/ID15/ID15_hc_0_0_0_w028_140.0s.npy,ID15,mdvr_kcl,reading_passage,0,val,140.0,0.0
data/processed/audio_10s/val/ID15/ID15_hc_0_0_0_w029_145.0s.wav,data/processed/features_10s/val/ID15/ID15_hc_0_0_0_w029_145.0s.npy,ID15,mdvr_kcl,reading_passage,0,val,145.0,0.0
data/processed/audio_10s/val/ID15/ID15_hc_0_0_0_w030_150.0s.wav,data/processed/features_10s/val/ID15/ID15_hc_0_0_0_w030_150.0s.npy,ID15,mdvr_kcl,reading_passage,0,val,150.0,0.0
data/processed/audio_10s/val/ID15/ID15_hc_0_0_0_w031_155.0s.wav,data/processed/features_10s/val/ID15/ID15_hc_0_0_0_w031_155.0s.npy,ID15,mdvr_kcl,reading_passage,0,val,155.0,0.0
data/processed/audio_10s/train/ID19/ID19_hc_0_0_0_w000_0.0s.wav,data/processed/features_10s/train/ID19/ID19_hc_0_0_0_w000_0.0s.npy,ID19,mdvr_kcl,reading_passage,0,train,0.0,0.0
data/processed/audio_10s/train/ID19/ID19_hc_0_0_0_w001_5.0s.wav,data/processed/features_10s/train/ID19/ID19_hc_0_0_0_w001_5.0s.npy,ID19,mdvr_kcl,reading_passage,0,train,5.0,0.0
data/processed/audio_10s/train/ID19/ID19_hc_0_0_0_w002_10.0s.wav,data/processed/features_10s/train/ID19/ID19_hc_0_0_0_w002_10.0s.npy,ID19,mdvr_kcl,reading_passage,0,train,10.0,0.0
data/processed/audio_10s/train/ID19/ID19_hc_0_0_0_w003_15.0s.wav,data/processed/features_10s/train/ID19/ID19_hc_0_0_0_w003_15.0s.npy,ID19,mdvr_kcl,reading_passage,0,train,15.0,0.0
data/processed/audio_10s/train/ID19/ID19_hc_0_0_0_w004_20.0s.wav,data/processed/features_10s/train/ID19/ID19_hc_0_0_0_w004_20.0s.npy,ID19,mdvr_kcl,reading_passage,0,train,20.0,0.0
data/processed/audio_10s/train/ID19/ID19_hc_0_0_0_w005_25.0s.wav,data/processed/features_10s/train/ID19/ID19_hc_0_0_0_w005_25.0s.npy,ID19,mdvr_kcl,reading_passage,0,train,25.0,0.0
data/processed/audio_10s/train/ID19/ID19_hc_0_0_0_w006_30.0s.wav,data/processed/features_10s/train/ID19/ID19_hc_0_0_0_w006_30.0s.npy,ID19,mdvr_kcl,reading_passage,0,train,30.0,0.0
data/processed/audio_10s/train/ID19/ID19_hc_0_0_0_w007_35.0s.wav,data/processed/features_10s/train/ID19/ID19_hc_0_0_0_w007_35.0s.npy,ID19,mdvr_kcl,reading_passage,0,train,35.0,0.0
data/processed/audio_10s/train/ID19/ID19_hc_0_0_0_w008_40.0s.wav,data/processed/features_10s/train/ID19/ID19_hc_0_0_0_w008_40.0s.npy,ID19,mdvr_kcl,reading_passage,0,train,40.0,0.0
data/processed/audio_10s/train/ID19/ID19_hc_0_0_0_w009_45.0s.wav,data/processed/features_10s/train/ID19/ID19_hc_0_0_0_w009_45.0s.npy,ID19,mdvr_kcl,reading_passage,0,train,45.0,0.0
data/processed/audio_10s/train/ID19/ID19_hc_0_0_0_w010_50.0s.wav,data/processed/features_10s/train/ID19/ID19_hc_0_0_0_w010_50.0s.npy,ID19,mdvr_kcl,reading_passage,0,train,50.0,0.0
data/processed/audio_10s/train/ID19/ID19_hc_0_0_0_w011_55.0s.wav,data/processed/features_10s/train/ID19/ID19_hc_0_0_0_w011_55.0s.npy,ID19,mdvr_kcl,reading_passage,0,train,55.0,0.0
data/processed/audio_10s/train/ID19/ID19_hc_0_0_0_w012_60.0s.wav,data/processed/features_10s/train/ID19/ID19_hc_0_0_0_w012_60.0s.npy,ID19,mdvr_kcl,reading_passage,0,train,60.0,0.0
data/processed/audio_10s/train/ID19/ID19_hc_0_0_0_w013_65.0s.wav,data/processed/features_10s/train/ID19/ID19_hc_0_0_0_w013_65.0s.npy,ID19,mdvr_kcl,reading_passage,0,train,65.0,0.0
data/processed/audio_10s/train/ID19/ID19_hc_0_0_0_w014_70.0s.wav,data/processed/features_10s/train/ID19/ID19_hc_0_0_0_w014_70.0s.npy,ID19,mdvr_kcl,reading_passage,0,train,70.0,0.0
data/processed/audio_10s/train/ID19/ID19_hc_0_0_0_w015_75.0s.wav,data/processed/features_10s/train/ID19/ID19_hc_0_0_0_w015_75.0s.npy,ID19,mdvr_kcl,reading_passage,0,train,75.0,0.0
data/processed/audio_10s/train/ID19/ID19_hc_0_0_0_w016_80.0s.wav,data/processed/features_10s/train/ID19/ID19_hc_0_0_0_w016_80.0s.npy,ID19,mdvr_kcl,reading_passage,0,train,80.0,0.0
data/processed/audio_10s/train/ID19/ID19_hc_0_0_0_w017_85.0s.wav,data/processed/features_10s/train/ID19/ID19_hc_0_0_0_w017_85.0s.npy,ID19,mdvr_kcl,reading_passage,0,train,85.0,0.0
data/processed/audio_10s/train/ID19/ID19_hc_0_0_0_w018_90.0s.wav,data/processed/features_10s/train/ID19/ID19_hc_0_0_0_w018_90.0s.npy,ID19,mdvr_kcl,reading_passage,0,train,90.0,0.0
data/processed/audio_10s/train/ID19/ID19_hc_0_0_0_w019_95.0s.wav,data/processed/features_10s/train/ID19/ID19_hc_0_0_0_w019_95.0s.npy,ID19,mdvr_kcl,reading_passage,0,train,95.0,0.0
data/processed/audio_10s/train/ID19/ID19_hc_0_0_0_w020_100.0s.wav,data/processed/features_10s/train/ID19/ID19_hc_0_0_0_w020_100.0s.npy,ID19,mdvr_kcl,reading_passage,0,train,100.0,0.0
data/processed/audio_10s/train/ID19/ID19_hc_0_0_0_w021_105.0s.wav,data/processed/features_10s/train/ID19/ID19_hc_0_0_0_w021_105.0s.npy,ID19,mdvr_kcl,reading_passage,0,train,105.0,0.0
data/processed/audio_10s/train/ID19/ID19_hc_0_0_0_w022_110.0s.wav,data/processed/features_10s/train/ID19/ID19_hc_0_0_0_w022_110.0s.npy,ID19,mdvr_kcl,reading_passage,0,train,110.0,0.0
data/processed/audio_10s/train/ID19/ID19_hc_0_0_0_w023_115.0s.wav,data/processed/features_10s/train/ID19/ID19_hc_0_0_0_w023_115.0s.npy,ID19,mdvr_kcl,reading_passage,0,train,115.0,0.0
data/processed/audio_10s/train/ID19/ID19_hc_0_0_0_w024_120.0s.wav,data/processed/features_10s/train/ID19/ID19_hc_0_0_0_w024_120.0s.npy,ID19,mdvr_kcl,reading_passage,0,train,120.0,0.0
data/processed/audio_10s/train/ID19/ID19_hc_0_0_0_w025_125.0s.wav,data/processed/features_10s/train/ID19/ID19_hc_0_0_0_w025_125.0s.npy,ID19,mdvr_kcl,reading_passage,0,train,125.0,0.0
data/processed/audio_10s/val/ID21/ID21_hc_0_0_0_w000_0.0s.wav,data/processed/features_10s/val/ID21/ID21_hc_0_0_0_w000_0.0s.npy,ID21,mdvr_kcl,reading_passage,0,val,0.0,0.0
data/processed/audio_10s/val/ID21/ID21_hc_0_0_0_w001_5.0s.wav,data/processed/features_10s/val/ID21/ID21_hc_0_0_0_w001_5.0s.npy,ID21,mdvr_kcl,reading_passage,0,val,5.0,0.0
data/processed/audio_10s/val/ID21/ID21_hc_0_0_0_w002_10.0s.wav,data/processed/features_10s/val/ID21/ID21_hc_0_0_0_w002_10.0s.npy,ID21,mdvr_kcl,reading_passage,0,val,10.0,0.0
data/processed/audio_10s/val/ID21/ID21_hc_0_0_0_w003_15.0s.wav,data/processed/features_10s/val/ID21/ID21_hc_0_0_0_w003_15.0s.npy,ID21,mdvr_kcl,reading_passage,0,val,15.0,0.0
data/processed/audio_10s/val/ID21/ID21_hc_0_0_0_w004_20.0s.wav,data/processed/features_10s/val/ID21/ID21_hc_0_0_0_w004_20.0s.npy,ID21,mdvr_kcl,reading_passage,0,val,20.0,0.0
data/processed/audio_10s/val/ID21/ID21_hc_0_0_0_w005_25.0s.wav,data/processed/features_10s/val/ID21/ID21_hc_0_0_0_w005_25.0s.npy,ID21,mdvr_kcl,reading_passage,0,val,25.0,0.0
data/processed/audio_10s/val/ID21/ID21_hc_0_0_0_w006_30.0s.wav,data/processed/features_10s/val/ID21/ID21_hc_0_0_0_w006_30.0s.npy,ID21,mdvr_kcl,reading_passage,0,val,30.0,0.0
data/processed/audio_10s/val/ID21/ID21_hc_0_0_0_w007_35.0s.wav,data/processed/features_10s/val/ID21/ID21_hc_0_0_0_w007_35.0s.npy,ID21,mdvr_kcl,reading_passage,0,val,35.0,0.0
data/processed/audio_10s/val/ID21/ID21_hc_0_0_0_w008_40.0s.wav,data/processed/features_10s/val/ID21/ID21_hc_0_0_0_w008_40.0s.npy,ID21,mdvr_kcl,reading_passage,0,val,40.0,0.0
data/processed/audio_10s/val/ID21/ID21_hc_0_0_0_w009_45.0s.wav,data/processed/features_10s/val/ID21/ID21_hc_0_0_0_w009_45.0s.npy,ID21,mdvr_kcl,reading_passage,0,val,45.0,0.0
data/processed/audio_10s/val/ID21/ID21_hc_0_0_0_w010_50.0s.wav,data/processed/features_10s/val/ID21/ID21_hc_0_0_0_w010_50.0s.npy,ID21,mdvr_kcl,reading_passage,0,val,50.0,0.0
data/processed/audio_10s/val/ID21/ID21_hc_0_0_0_w011_55.0s.wav,data/processed/features_10s/val/ID21/ID21_hc_0_0_0_w011_55.0s.npy,ID21,mdvr_kcl,reading_passage,0,val,55.0,0.0
data/processed/audio_10s/val/ID21/ID21_hc_0_0_0_w012_60.0s.wav,data/processed/features_10s/val/ID21/ID21_hc_0_0_0_w012_60.0s.npy,ID21,mdvr_kcl,reading_passage,0,val,60.0,0.0
data/processed/audio_10s/val/ID21/ID21_hc_0_0_0_w013_65.0s.wav,data/processed/features_10s/val/ID21/ID21_hc_0_0_0_w013_65.0s.npy,ID21,mdvr_kcl,reading_passage,0,val,65.0,0.0
data/processed/audio_10s/val/ID21/ID21_hc_0_0_0_w014_70.0s.wav,data/processed/features_10s/val/ID21/ID21_hc_0_0_0_w014_70.0s.npy,ID21,mdvr_kcl,reading_passage,0,val,70.0,0.0
data/processed/audio_10s/val/ID21/ID21_hc_0_0_0_w015_75.0s.wav,data/processed/features_10s/val/ID21/ID21_hc_0_0_0_w015_75.0s.npy,ID21,mdvr_kcl,reading_passage,0,val,75.0,0.0
data/processed/audio_10s/val/ID21/ID21_hc_0_0_0_w016_80.0s.wav,data/processed/features_10s/val/ID21/ID21_hc_0_0_0_w016_80.0s.npy,ID21,mdvr_kcl,reading_passage,0,val,80.0,0.0
data/processed/audio_10s/val/ID21/ID21_hc_0_0_0_w017_85.0s.wav,data/processed/features_10s/val/ID21/ID21_hc_0_0_0_w017_85.0s.npy,ID21,mdvr_kcl,reading_passage,0,val,85.0,0.0
data/processed/audio_10s/val/ID21/ID21_hc_0_0_0_w018_90.0s.wav,data/processed/features_10s/val/ID21/ID21_hc_0_0_0_w018_90.0s.npy,ID21,mdvr_kcl,reading_passage,0,val,90.0,0.0
data/processed/audio_10s/val/ID21/ID21_hc_0_0_0_w019_95.0s.wav,data/processed/features_10s/val/ID21/ID21_hc_0_0_0_w019_95.0s.npy,ID21,mdvr_kcl,reading_passage,0,val,95.0,0.0
data/processed/audio_10s/val/ID21/ID21_hc_0_0_0_w020_100.0s.wav,data/processed/features_10s/val/ID21/ID21_hc_0_0_0_w020_100.0s.npy,ID21,mdvr_kcl,reading_passage,0,val,100.0,0.0
data/processed/audio_10s/val/ID21/ID21_hc_0_0_0_w021_105.0s.wav,data/processed/features_10s/val/ID21/ID21_hc_0_0_0_w021_105.0s.npy,ID21,mdvr_kcl,reading_passage,0,val,105.0,0.0
data/processed/audio_10s/val/ID21/ID21_hc_0_0_0_w022_110.0s.wav,data/processed/features_10s/val/ID21/ID21_hc_0_0_0_w022_110.0s.npy,ID21,mdvr_kcl,reading_passage,0,val,110.0,0.0
data/processed/audio_10s/train/ID22/ID22_hc_0_0_0_w000_0.0s.wav,data/processed/features_10s/train/ID22/ID22_hc_0_0_0_w000_0.0s.npy,ID22,mdvr_kcl,reading_passage,0,train,0.0,0.0
data/processed/audio_10s/train/ID22/ID22_hc_0_0_0_w001_5.0s.wav,data/processed/features_10s/train/ID22/ID22_hc_0_0_0_w001_5.0s.npy,ID22,mdvr_kcl,reading_passage,0,train,5.0,0.0
data/processed/audio_10s/train/ID22/ID22_hc_0_0_0_w002_10.0s.wav,data/processed/features_10s/train/ID22/ID22_hc_0_0_0_w002_10.0s.npy,ID22,mdvr_kcl,reading_passage,0,train,10.0,0.0
data/processed/audio_10s/train/ID22/ID22_hc_0_0_0_w003_15.0s.wav,data/processed/features_10s/train/ID22/ID22_hc_0_0_0_w003_15.0s.npy,ID22,mdvr_kcl,reading_passage,0,train,15.0,0.0
data/processed/audio_10s/train/ID22/ID22_hc_0_0_0_w004_20.0s.wav,data/processed/features_10s/train/ID22/ID22_hc_0_0_0_w004_20.0s.npy,ID22,mdvr_kcl,reading_passage,0,train,20.0,0.0
data/processed/audio_10s/train/ID22/ID22_hc_0_0_0_w005_25.0s.wav,data/processed/features_10s/train/ID22/ID22_hc_0_0_0_w005_25.0s.npy,ID22,mdvr_kcl,reading_passage,0,train,25.0,0.0
data/processed/audio_10s/train/ID22/ID22_hc_0_0_0_w006_30.0s.wav,data/processed/features_10s/train/ID22/ID22_hc_0_0_0_w006_30.0s.npy,ID22,mdvr_kcl,reading_passage,0,train,30.0,0.0
data/processed/audio_10s/train/ID22/ID22_hc_0_0_0_w007_35.0s.wav,data/processed/features_10s/train/ID22/ID22_hc_0_0_0_w007_35.0s.npy,ID22,mdvr_kcl,reading_passage,0,train,35.0,0.0
data/processed/audio_10s/train/ID22/ID22_hc_0_0_0_w008_40.0s.wav,data/processed/features_10s/train/ID22/ID22_hc_0_0_0_w008_40.0s.npy,ID22,mdvr_kcl,reading_passage,0,train,40.0,0.0
data/processed/audio_10s/train/ID22/ID22_hc_0_0_0_w009_45.0s.wav,data/processed/features_10s/train/ID22/ID22_hc_0_0_0_w009_45.0s.npy,ID22,mdvr_kcl,reading_passage,0,train,45.0,0.0
data/processed/audio_10s/train/ID22/ID22_hc_0_0_0_w010_50.0s.wav,data/processed/features_10s/train/ID22/ID22_hc_0_0_0_w010_50.0s.npy,ID22,mdvr_kcl,reading_passage,0,train,50.0,0.0
data/processed/audio_10s/train/ID22/ID22_hc_0_0_0_w011_55.0s.wav,data/processed/features_10s/train/ID22/ID22_hc_0_0_0_w011_55.0s.npy,ID22,mdvr_kcl,reading_passage,0,train,55.0,0.0
data/processed/audio_10s/train/ID22/ID22_hc_0_0_0_w012_60.0s.wav,data/processed/features_10s/train/ID22/ID22_hc_0_0_0_w012_60.0s.npy,ID22,mdvr_kcl,reading_passage,0,train,60.0,0.0
data/processed/audio_10s/train/ID22/ID22_hc_0_0_0_w013_65.0s.wav,data/processed/features_10s/train/ID22/ID22_hc_0_0_0_w013_65.0s.npy,ID22,mdvr_kcl,reading_passage,0,train,65.0,0.0
data/processed/audio_10s/train/ID22/ID22_hc_0_0_0_w014_70.0s.wav,data/processed/features_10s/train/ID22/ID22_hc_0_0_0_w014_70.0s.npy,ID22,mdvr_kcl,reading_passage,0,train,70.0,0.0
data/processed/audio_10s/train/ID22/ID22_hc_0_0_0_w015_75.0s.wav,data/processed/features_10s/train/ID22/ID22_hc_0_0_0_w015_75.0s.npy,ID22,mdvr_kcl,reading_passage,0,train,75.0,0.0
data/processed/audio_10s/train/ID22/ID22_hc_0_0_0_w016_80.0s.wav,data/processed/features_10s/train/ID22/ID22_hc_0_0_0_w016_80.0s.npy,ID22,mdvr_kcl,reading_passage,0,train,80.0,0.0
data/processed/audio_10s/train/ID22/ID22_hc_0_0_0_w017_85.0s.wav,data/processed/features_10s/train/ID22/ID22_hc_0_0_0_w017_85.0s.npy,ID22,mdvr_kcl,reading_passage,0,train,85.0,0.0
data/processed/audio_10s/train/ID22/ID22_hc_0_0_0_w018_90.0s.wav,data/processed/features_10s/train/ID22/ID22_hc_0_0_0_w018_90.0s.npy,ID22,mdvr_kcl,reading_passage,0,train,90.0,0.0
data/processed/audio_10s/train/ID22/ID22_hc_0_0_0_w019_95.0s.wav,data/processed/features_10s/train/ID22/ID22_hc_0_0_0_w019_95.0s.npy,ID22,mdvr_kcl,reading_passage,0,train,95.0,0.0
data/processed/audio_10s/train/ID22/ID22_hc_0_0_0_w020_100.0s.wav,data/processed/features_10s/train/ID22/ID22_hc_0_0_0_w020_100.0s.npy,ID22,mdvr_kcl,reading_passage,0,train,100.0,0.0
data/processed/audio_10s/train/ID22/ID22_hc_0_0_0_w021_105.0s.wav,data/processed/features_10s/train/ID22/ID22_hc_0_0_0_w021_105.0s.npy,ID22,mdvr_kcl,reading_passage,0,train,105.0,0.0
data/processed/audio_10s/train/ID22/ID22_hc_0_0_0_w022_110.0s.wav,data/processed/features_10s/train/ID22/ID22_hc_0_0_0_w022_110.0s.npy,ID22,mdvr_kcl,reading_passage,0,train,110.0,0.0
data/processed/audio_10s/train/ID22/ID22_hc_0_0_0_w023_115.0s.wav,data/processed/features_10s/train/ID22/ID22_hc_0_0_0_w023_115.0s.npy,ID22,mdvr_kcl,reading_passage,0,train,115.0,0.0
data/processed/audio_10s/train/ID22/ID22_hc_0_0_0_w024_120.0s.wav,data/processed/features_10s/train/ID22/ID22_hc_0_0_0_w024_120.0s.npy,ID22,mdvr_kcl,reading_passage,0,train,120.0,0.0
data/processed/audio_10s/train/ID22/ID22_hc_0_0_0_w025_125.0s.wav,data/processed/features_10s/train/ID22/ID22_hc_0_0_0_w025_125.0s.npy,ID22,mdvr_kcl,reading_passage,0,train,125.0,0.0
data/processed/audio_10s/train/ID22/ID22_hc_0_0_0_w026_130.0s.wav,data/processed/features_10s/train/ID22/ID22_hc_0_0_0_w026_130.0s.npy,ID22,mdvr_kcl,reading_passage,0,train,130.0,0.0
data/processed/audio_10s/train/ID22/ID22_hc_0_0_0_w027_135.0s.wav,data/processed/features_10s/train/ID22/ID22_hc_0_0_0_w027_135.0s.npy,ID22,mdvr_kcl,reading_passage,0,train,135.0,0.0
data/processed/audio_10s/train/ID22/ID22_hc_0_0_0_w028_140.0s.wav,data/processed/features_10s/train/ID22/ID22_hc_0_0_0_w028_140.0s.npy,ID22,mdvr_kcl,reading_passage,0,train,140.0,0.0
data/processed/audio_10s/train/ID22/ID22_hc_0_0_0_w029_145.0s.wav,data/processed/features_10s/train/ID22/ID22_hc_0_0_0_w029_145.0s.npy,ID22,mdvr_kcl,reading_passage,0,train,145.0,0.0
data/processed/audio_10s/train/ID22/ID22_hc_0_0_0_w030_150.0s.wav,data/processed/features_10s/train/ID22/ID22_hc_0_0_0_w030_150.0s.npy,ID22,mdvr_kcl,reading_passage,0,train,150.0,0.0
data/processed/audio_10s/train/ID22/ID22_hc_0_0_0_w031_155.0s.wav,data/processed/features_10s/train/ID22/ID22_hc_0_0_0_w031_155.0s.npy,ID22,mdvr_kcl,reading_passage,0,train,155.0,0.0
data/processed/audio_10s/test/ID23/ID23_hc_0_0_0_w000_0.0s.wav,data/processed/features_10s/test/ID23/ID23_hc_0_0_0_w000_0.0s.npy,ID23,mdvr_kcl,reading_passage,0,test,0.0,0.0
data/processed/audio_10s/test/ID23/ID23_hc_0_0_0_w001_5.0s.wav,data/processed/features_10s/test/ID23/ID23_hc_0_0_0_w001_5.0s.npy,ID23,mdvr_kcl,reading_passage,0,test,5.0,0.0
data/processed/audio_10s/test/ID23/ID23_hc_0_0_0_w002_10.0s.wav,data/processed/features_10s/test/ID23/ID23_hc_0_0_0_w002_10.0s.npy,ID23,mdvr_kcl,reading_passage,0,test,10.0,0.0
data/processed/audio_10s/test/ID23/ID23_hc_0_0_0_w003_15.0s.wav,data/processed/features_10s/test/ID23/ID23_hc_0_0_0_w003_15.0s.npy,ID23,mdvr_kcl,reading_passage,0,test,15.0,0.0
data/processed/audio_10s/test/ID23/ID23_hc_0_0_0_w004_20.0s.wav,data/processed/features_10s/test/ID23/ID23_hc_0_0_0_w004_20.0s.npy,ID23,mdvr_kcl,reading_passage,0,test,20.0,0.0
data/processed/audio_10s/test/ID23/ID23_hc_0_0_0_w005_25.0s.wav,data/processed/features_10s/test/ID23/ID23_hc_0_0_0_w005_25.0s.npy,ID23,mdvr_kcl,reading_passage,0,test,25.0,0.0
data/processed/audio_10s/test/ID23/ID23_hc_0_0_0_w006_30.0s.wav,data/processed/features_10s/test/ID23/ID23_hc_0_0_0_w006_30.0s.npy,ID23,mdvr_kcl,reading_passage,0,test,30.0,0.0
data/processed/audio_10s/test/ID23/ID23_hc_0_0_0_w007_35.0s.wav,data/processed/features_10s/test/ID23/ID23_hc_0_0_0_w007_35.0s.npy,ID23,mdvr_kcl,reading_passage,0,test,35.0,0.0
data/processed/audio_10s/test/ID23/ID23_hc_0_0_0_w008_40.0s.wav,data/processed/features_10s/test/ID23/ID23_hc_0_0_0_w008_40.0s.npy,ID23,mdvr_kcl,reading_passage,0,test,40.0,0.0
data/processed/audio_10s/test/ID23/ID23_hc_0_0_0_w009_45.0s.wav,data/processed/features_10s/test/ID23/ID23_hc_0_0_0_w009_45.0s.npy,ID23,mdvr_kcl,reading_passage,0,test,45.0,0.0
data/processed/audio_10s/test/ID23/ID23_hc_0_0_0_w010_50.0s.wav,data/processed/features_10s/test/ID23/ID23_hc_0_0_0_w010_50.0s.npy,ID23,mdvr_kcl,reading_passage,0,test,50.0,0.0
data/processed/audio_10s/test/ID23/ID23_hc_0_0_0_w011_55.0s.wav,data/processed/features_10s/test/ID23/ID23_hc_0_0_0_w011_55.0s.npy,ID23,mdvr_kcl,reading_passage,0,test,55.0,0.0
data/processed/audio_10s/test/ID23/ID23_hc_0_0_0_w012_60.0s.wav,data/processed/features_10s/test/ID23/ID23_hc_0_0_0_w012_60.0s.npy,ID23,mdvr_kcl,reading_passage,0,test,60.0,0.0
data/processed/audio_10s/test/ID23/ID23_hc_0_0_0_w013_65.0s.wav,data/processed/features_10s/test/ID23/ID23_hc_0_0_0_w013_65.0s.npy,ID23,mdvr_kcl,reading_passage,0,test,65.0,0.0
data/processed/audio_10s/test/ID23/ID23_hc_0_0_0_w014_70.0s.wav,data/processed/features_10s/test/ID23/ID23_hc_0_0_0_w014_70.0s.npy,ID23,mdvr_kcl,reading_passage,0,test,70.0,0.0
data/processed/audio_10s/test/ID23/ID23_hc_0_0_0_w015_75.0s.wav,data/processed/features_10s/test/ID23/ID23_hc_0_0_0_w015_75.0s.npy,ID23,mdvr_kcl,reading_passage,0,test,75.0,0.0
data/processed/audio_10s/test/ID23/ID23_hc_0_0_0_w016_80.0s.wav,data/processed/features_10s/test/ID23/ID23_hc_0_0_0_w016_80.0s.npy,ID23,mdvr_kcl,reading_passage,0,test,80.0,0.0
data/processed/audio_10s/test/ID23/ID23_hc_0_0_0_w017_85.0s.wav,data/processed/features_10s/test/ID23/ID23_hc_0_0_0_w017_85.0s.npy,ID23,mdvr_kcl,reading_passage,0,test,85.0,0.0
data/processed/audio_10s/test/ID23/ID23_hc_0_0_0_w018_90.0s.wav,data/processed/features_10s/test/ID23/ID23_hc_0_0_0_w018_90.0s.npy,ID23,mdvr_kcl,reading_passage,0,test,90.0,0.0
data/processed/audio_10s/test/ID23/ID23_hc_0_0_0_w019_95.0s.wav,data/processed/features_10s/test/ID23/ID23_hc_0_0_0_w019_95.0s.npy,ID23,mdvr_kcl,reading_passage,0,test,95.0,0.0
data/processed/audio_10s/test/ID23/ID23_hc_0_0_0_w020_100.0s.wav,data/processed/features_10s/test/ID23/ID23_hc_0_0_0_w020_100.0s.npy,ID23,mdvr_kcl,reading_passage,0,test,100.0,0.0
data/processed/audio_10s/test/ID23/ID23_hc_0_0_0_w021_105.0s.wav,data/processed/features_10s/test/ID23/ID23_hc_0_0_0_w021_105.0s.npy,ID23,mdvr_kcl,reading_passage,0,test,105.0,0.0
data/processed/audio_10s/test/ID23/ID23_hc_0_0_0_w022_110.0s.wav,data/processed/features_10s/test/ID23/ID23_hc_0_0_0_w022_110.0s.npy,ID23,mdvr_kcl,reading_passage,0,test,110.0,0.0
data/processed/audio_10s/test/ID23/ID23_hc_0_0_0_w023_115.0s.wav,data/processed/features_10s/test/ID23/ID23_hc_0_0_0_w023_115.0s.npy,ID23,mdvr_kcl,reading_passage,0,test,115.0,0.0
data/processed/audio_10s/test/ID23/ID23_hc_0_0_0_w024_120.0s.wav,data/processed/features_10s/test/ID23/ID23_hc_0_0_0_w024_120.0s.npy,ID23,mdvr_kcl,reading_passage,0,test,120.0,0.0
data/processed/audio_10s/test/ID23/ID23_hc_0_0_0_w025_125.0s.wav,data/processed/features_10s/test/ID23/ID23_hc_0_0_0_w025_125.0s.npy,ID23,mdvr_kcl,reading_passage,0,test,125.0,0.0
data/processed/audio_10s/test/ID23/ID23_hc_0_0_0_w026_130.0s.wav,data/processed/features_10s/test/ID23/ID23_hc_0_0_0_w026_130.0s.npy,ID23,mdvr_kcl,reading_passage,0,test,130.0,0.0
data/processed/audio_10s/test/ID23/ID23_hc_0_0_0_w027_135.0s.wav,data/processed/features_10s/test/ID23/ID23_hc_0_0_0_w027_135.0s.npy,ID23,mdvr_kcl,reading_passage,0,test,135.0,0.0
data/processed/audio_10s/test/ID23/ID23_hc_0_0_0_w028_140.0s.wav,data/processed/features_10s/test/ID23/ID23_hc_0_0_0_w028_140.0s.npy,ID23,mdvr_kcl,reading_passage,0,test,140.0,0.0
data/processed/audio_10s/test/ID23/ID23_hc_0_0_0_w029_145.0s.wav,data/processed/features_10s/test/ID23/ID23_hc_0_0_0_w029_145.0s.npy,ID23,mdvr_kcl,reading_passage,0,test,145.0,0.0
data/processed/audio_10s/test/ID23/ID23_hc_0_0_0_w030_150.0s.wav,data/processed/features_10s/test/ID23/ID23_hc_0_0_0_w030_150.0s.npy,ID23,mdvr_kcl,reading_passage,0,test,150.0,0.0
data/processed/audio_10s/test/ID23/ID23_hc_0_0_0_w031_155.0s.wav,data/processed/features_10s/test/ID23/ID23_hc_0_0_0_w031_155.0s.npy,ID23,mdvr_kcl,reading_passage,0,test,155.0,0.0
data/processed/audio_10s/test/ID23/ID23_hc_0_0_0_w032_160.0s.wav,data/processed/features_10s/test/ID23/ID23_hc_0_0_0_w032_160.0s.npy,ID23,mdvr_kcl,reading_passage,0,test,160.0,0.0
data/processed/audio_10s/test/ID23/ID23_hc_0_0_0_w033_165.0s.wav,data/processed/features_10s/test/ID23/ID23_hc_0_0_0_w033_165.0s.npy,ID23,mdvr_kcl,reading_passage,0,test,165.0,0.0
data/processed/audio_10s/test/ID23/ID23_hc_0_0_0_w034_170.0s.wav,data/processed/features_10s/test/ID23/ID23_hc_0_0_0_w034_170.0s.npy,ID23,mdvr_kcl,reading_passage,0,test,170.0,0.0
data/processed/audio_10s/test/ID23/ID23_hc_0_0_0_w035_175.0s.wav,data/processed/features_10s/test/ID23/ID23_hc_0_0_0_w035_175.0s.npy,ID23,mdvr_kcl,reading_passage,0,test,175.0,0.0
data/processed/audio_10s/test/ID23/ID23_hc_0_0_0_w036_180.0s.wav,data/processed/features_10s/test/ID23/ID23_hc_0_0_0_w036_180.0s.npy,ID23,mdvr_kcl,reading_passage,0,test,180.0,0.0
data/processed/audio_10s/test/ID23/ID23_hc_0_0_0_w037_185.0s.wav,data/processed/features_10s/test/ID23/ID23_hc_0_0_0_w037_185.0s.npy,ID23,mdvr_kcl,reading_passage,0,test,185.0,0.0
data/processed/audio_10s/test/ID23/ID23_hc_0_0_0_w038_190.0s.wav,data/processed/features_10s/test/ID23/ID23_hc_0_0_0_w038_190.0s.npy,ID23,mdvr_kcl,reading_passage,0,test,190.0,0.0
data/processed/audio_10s/train/ID25/ID25_hc_0_0_0_w000_0.0s.wav,data/processed/features_10s/train/ID25/ID25_hc_0_0_0_w000_0.0s.npy,ID25,mdvr_kcl,reading_passage,0,train,0.0,0.0
data/processed/audio_10s/train/ID25/ID25_hc_0_0_0_w001_5.0s.wav,data/processed/features_10s/train/ID25/ID25_hc_0_0_0_w001_5.0s.npy,ID25,mdvr_kcl,reading_passage,0,train,5.0,0.0
data/processed/audio_10s/train/ID25/ID25_hc_0_0_0_w002_10.0s.wav,data/processed/features_10s/train/ID25/ID25_hc_0_0_0_w002_10.0s.npy,ID25,mdvr_kcl,reading_passage,0,train,10.0,0.0
data/processed/audio_10s/train/ID25/ID25_hc_0_0_0_w003_15.0s.wav,data/processed/features_10s/train/ID25/ID25_hc_0_0_0_w003_15.0s.npy,ID25,mdvr_kcl,reading_passage,0,train,15.0,0.0
data/processed/audio_10s/train/ID25/ID25_hc_0_0_0_w004_20.0s.wav,data/processed/features_10s/train/ID25/ID25_hc_0_0_0_w004_20.0s.npy,ID25,mdvr_kcl,reading_passage,0,train,20.0,0.0
data/processed/audio_10s/train/ID25/ID25_hc_0_0_0_w005_25.0s.wav,data/processed/features_10s/train/ID25/ID25_hc_0_0_0_w005_25.0s.npy,ID25,mdvr_kcl,reading_passage,0,train,25.0,0.0
data/processed/audio_10s/train/ID25/ID25_hc_0_0_0_w006_30.0s.wav,data/processed/features_10s/train/ID25/ID25_hc_0_0_0_w006_30.0s.npy,ID25,mdvr_kcl,reading_passage,0,train,30.0,0.0
data/processed/audio_10s/train/ID25/ID25_hc_0_0_0_w007_35.0s.wav,data/processed/features_10s/train/ID25/ID25_hc_0_0_0_w007_35.0s.npy,ID25,mdvr_kcl,reading_passage,0,train,35.0,0.0
data/processed/audio_10s/train/ID25/ID25_hc_0_0_0_w008_40.0s.wav,data/processed/features_10s/train/ID25/ID25_hc_0_0_0_w008_40.0s.npy,ID25,mdvr_kcl,reading_passage,0,train,40.0,0.0
data/processed/audio_10s/train/ID25/ID25_hc_0_0_0_w009_45.0s.wav,data/processed/features_10s/train/ID25/ID25_hc_0_0_0_w009_45.0s.npy,ID25,mdvr_kcl,reading_passage,0,train,45.0,0.0
data/processed/audio_10s/train/ID25/ID25_hc_0_0_0_w010_50.0s.wav,data/processed/features_10s/train/ID25/ID25_hc_0_0_0_w010_50.0s.npy,ID25,mdvr_kcl,reading_passage,0,train,50.0,0.0
data/processed/audio_10s/train/ID25/ID25_hc_0_0_0_w011_55.0s.wav,data/processed/features_10s/train/ID25/ID25_hc_0_0_0_w011_55.0s.npy,ID25,mdvr_kcl,reading_passage,0,train,55.0,0.0
data/processed/audio_10s/train/ID25/ID25_hc_0_0_0_w012_60.0s.wav,data/processed/features_10s/train/ID25/ID25_hc_0_0_0_w012_60.0s.npy,ID25,mdvr_kcl,reading_passage,0,train,60.0,0.0
data/processed/audio_10s/train/ID25/ID25_hc_0_0_0_w013_65.0s.wav,data/processed/features_10s/train/ID25/ID25_hc_0_0_0_w013_65.0s.npy,ID25,mdvr_kcl,reading_passage,0,train,65.0,0.0
data/processed/audio_10s/train/ID25/ID25_hc_0_0_0_w014_70.0s.wav,data/processed/features_10s/train/ID25/ID25_hc_0_0_0_w014_70.0s.npy,ID25,mdvr_kcl,reading_passage,0,train,70.0,0.0
data/processed/audio_10s/train/ID25/ID25_hc_0_0_0_w015_75.0s.wav,data/processed/features_10s/train/ID25/ID25_hc_0_0_0_w015_75.0s.npy,ID25,mdvr_kcl,reading_passage,0,train,75.0,0.0
data/processed/audio_10s/train/ID25/ID25_hc_0_0_0_w016_80.0s.wav,data/processed/features_10s/train/ID25/ID25_hc_0_0_0_w016_80.0s.npy,ID25,mdvr_kcl,reading_passage,0,train,80.0,0.0
data/processed/audio_10s/train/ID25/ID25_hc_0_0_0_w017_85.0s.wav,data/processed/features_10s/train/ID25/ID25_hc_0_0_0_w017_85.0s.npy,ID25,mdvr_kcl,reading_passage,0,train,85.0,0.0
data/processed/audio_10s/train/ID25/ID25_hc_0_0_0_w018_90.0s.wav,data/processed/features_10s/train/ID25/ID25_hc_0_0_0_w018_90.0s.npy,ID25,mdvr_kcl,reading_passage,0,train,90.0,0.0
data/processed/audio_10s/train/ID25/ID25_hc_0_0_0_w019_95.0s.wav,data/processed/features_10s/train/ID25/ID25_hc_0_0_0_w019_95.0s.npy,ID25,mdvr_kcl,reading_passage,0,train,95.0,0.0
data/processed/audio_10s/train/ID25/ID25_hc_0_0_0_w020_100.0s.wav,data/processed/features_10s/train/ID25/ID25_hc_0_0_0_w020_100.0s.npy,ID25,mdvr_kcl,reading_passage,0,train,100.0,0.0
data/processed/audio_10s/train/ID25/ID25_hc_0_0_0_w021_105.0s.wav,data/processed/features_10s/train/ID25/ID25_hc_0_0_0_w021_105.0s.npy,ID25,mdvr_kcl,reading_passage,0,train,105.0,0.0
data/processed/audio_10s/train/ID25/ID25_hc_0_0_0_w022_110.0s.wav,data/processed/features_10s/train/ID25/ID25_hc_0_0_0_w022_110.0s.npy,ID25,mdvr_kcl,reading_passage,0,train,110.0,0.0
data/processed/audio_10s/train/ID25/ID25_hc_0_0_0_w023_115.0s.wav,data/processed/features_10s/train/ID25/ID25_hc_0_0_0_w023_115.0s.npy,ID25,mdvr_kcl,reading_passage,0,train,115.0,0.0
data/processed/audio_10s/train/ID25/ID25_hc_0_0_0_w024_120.0s.wav,data/processed/features_10s/train/ID25/ID25_hc_0_0_0_w024_120.0s.npy,ID25,mdvr_kcl,reading_passage,0,train,120.0,0.0
data/processed/audio_10s/train/ID25/ID25_hc_0_0_0_w025_125.0s.wav,data/processed/features_10s/train/ID25/ID25_hc_0_0_0_w025_125.0s.npy,ID25,mdvr_kcl,reading_passage,0,train,125.0,0.0
data/processed/audio_10s/train/ID25/ID25_hc_0_0_0_w026_130.0s.wav,data/processed/features_10s/train/ID25/ID25_hc_0_0_0_w026_130.0s.npy,ID25,mdvr_kcl,reading_passage,0,train,130.0,0.0
data/processed/audio_10s/train/ID25/ID25_hc_0_0_0_w027_135.0s.wav,data/processed/features_10s/train/ID25/ID25_hc_0_0_0_w027_135.0s.npy,ID25,mdvr_kcl,reading_passage,0,train,135.0,0.0
data/processed/audio_10s/train/ID25/ID25_hc_0_0_0_w028_140.0s.wav,data/processed/features_10s/train/ID25/ID25_hc_0_0_0_w028_140.0s.npy,ID25,mdvr_kcl,reading_passage,0,train,140.0,0.0
data/processed/audio_10s/train/ID25/ID25_hc_0_0_0_w029_145.0s.wav,data/processed/features_10s/train/ID25/ID25_hc_0_0_0_w029_145.0s.npy,ID25,mdvr_kcl,reading_passage,0,train,145.0,0.0
data/processed/audio_10s/train/ID25/ID25_hc_0_0_0_w030_150.0s.wav,data/processed/features_10s/train/ID25/ID25_hc_0_0_0_w030_150.0s.npy,ID25,mdvr_kcl,reading_passage,0,train,150.0,0.0
data/processed/audio_10s/train/ID25/ID25_hc_0_0_0_w031_155.0s.wav,data/processed/features_10s/train/ID25/ID25_hc_0_0_0_w031_155.0s.npy,ID25,mdvr_kcl,reading_passage,0,train,155.0,0.0
data/processed/audio_10s/train/ID25/ID25_hc_0_0_0_w032_160.0s.wav,data/processed/features_10s/train/ID25/ID25_hc_0_0_0_w032_160.0s.npy,ID25,mdvr_kcl,reading_passage,0,train,160.0,0.0
data/processed/audio_10s/train/ID26/ID26_hc_0_0_0_w000_0.0s.wav,data/processed/features_10s/train/ID26/ID26_hc_0_0_0_w000_0.0s.npy,ID26,mdvr_kcl,reading_passage,0,train,0.0,0.0
data/processed/audio_10s/train/ID26/ID26_hc_0_0_0_w001_5.0s.wav,data/processed/features_10s/train/ID26/ID26_hc_0_0_0_w001_5.0s.npy,ID26,mdvr_kcl,reading_passage,0,train,5.0,0.0
data/processed/audio_10s/train/ID26/ID26_hc_0_0_0_w002_10.0s.wav,data/processed/features_10s/train/ID26/ID26_hc_0_0_0_w002_10.0s.npy,ID26,mdvr_kcl,reading_passage,0,train,10.0,0.0
data/processed/audio_10s/train/ID26/ID26_hc_0_0_0_w003_15.0s.wav,data/processed/features_10s/train/ID26/ID26_hc_0_0_0_w003_15.0s.npy,ID26,mdvr_kcl,reading_passage,0,train,15.0,0.0
data/processed/audio_10s/train/ID26/ID26_hc_0_0_0_w004_20.0s.wav,data/processed/features_10s/train/ID26/ID26_hc_0_0_0_w004_20.0s.npy,ID26,mdvr_kcl,reading_passage,0,train,20.0,0.0
data/processed/audio_10s/train/ID26/ID26_hc_0_0_0_w005_25.0s.wav,data/processed/features_10s/train/ID26/ID26_hc_0_0_0_w005_25.0s.npy,ID26,mdvr_kcl,reading_passage,0,train,25.0,0.0
data/processed/audio_10s/train/ID26/ID26_hc_0_0_0_w006_30.0s.wav,data/processed/features_10s/train/ID26/ID26_hc_0_0_0_w006_30.0s.npy,ID26,mdvr_kcl,reading_passage,0,train,30.0,0.0
data/processed/audio_10s/train/ID26/ID26_hc_0_0_0_w007_35.0s.wav,data/processed/features_10s/train/ID26/ID26_hc_0_0_0_w007_35.0s.npy,ID26,mdvr_kcl,reading_passage,0,train,35.0,0.0
data/processed/audio_10s/train/ID26/ID26_hc_0_0_0_w008_40.0s.wav,data/processed/features_10s/train/ID26/ID26_hc_0_0_0_w008_40.0s.npy,ID26,mdvr_kcl,reading_passage,0,train,40.0,0.0
data/processed/audio_10s/train/ID26/ID26_hc_0_0_0_w009_45.0s.wav,data/processed/features_10s/train/ID26/ID26_hc_0_0_0_w009_45.0s.npy,ID26,mdvr_kcl,reading_passage,0,train,45.0,0.0
data/processed/audio_10s/train/ID26/ID26_hc_0_0_0_w010_50.0s.wav,data/processed/features_10s/train/ID26/ID26_hc_0_0_0_w010_50.0s.npy,ID26,mdvr_kcl,reading_passage,0,train,50.0,0.0
data/processed/audio_10s/train/ID26/ID26_hc_0_0_0_w011_55.0s.wav,data/processed/features_10s/train/ID26/ID26_hc_0_0_0_w011_55.0s.npy,ID26,mdvr_kcl,reading_passage,0,train,55.0,0.0
data/processed/audio_10s/train/ID26/ID26_hc_0_0_0_w012_60.0s.wav,data/processed/features_10s/train/ID26/ID26_hc_0_0_0_w012_60.0s.npy,ID26,mdvr_kcl,reading_passage,0,train,60.0,0.0
data/processed/audio_10s/train/ID26/ID26_hc_0_0_0_w013_65.0s.wav,data/processed/features_10s/train/ID26/ID26_hc_0_0_0_w013_65.0s.npy,ID26,mdvr_kcl,reading_passage,0,train,65.0,0.0
data/processed/audio_10s/train/ID26/ID26_hc_0_0_0_w014_70.0s.wav,data/processed/features_10s/train/ID26/ID26_hc_0_0_0_w014_70.0s.npy,ID26,mdvr_kcl,reading_passage,0,train,70.0,0.0
data/processed/audio_10s/train/ID26/ID26_hc_0_0_0_w015_75.0s.wav,data/processed/features_10s/train/ID26/ID26_hc_0_0_0_w015_75.0s.npy,ID26,mdvr_kcl,reading_passage,0,train,75.0,0.0
data/processed/audio_10s/train/ID26/ID26_hc_0_0_0_w016_80.0s.wav,data/processed/features_10s/train/ID26/ID26_hc_0_0_0_w016_80.0s.npy,ID26,mdvr_kcl,reading_passage,0,train,80.0,0.0
data/processed/audio_10s/train/ID26/ID26_hc_0_0_0_w017_85.0s.wav,data/processed/features_10s/train/ID26/ID26_hc_0_0_0_w017_85.0s.npy,ID26,mdvr_kcl,reading_passage,0,train,85.0,0.0
data/processed/audio_10s/train/ID26/ID26_hc_0_0_0_w018_90.0s.wav,data/processed/features_10s/train/ID26/ID26_hc_0_0_0_w018_90.0s.npy,ID26,mdvr_kcl,reading_passage,0,train,90.0,0.0
data/processed/audio_10s/train/ID26/ID26_hc_0_0_0_w019_95.0s.wav,data/processed/features_10s/train/ID26/ID26_hc_0_0_0_w019_95.0s.npy,ID26,mdvr_kcl,reading_passage,0,train,95.0,0.0
data/processed/audio_10s/train/ID26/ID26_hc_0_0_0_w020_100.0s.wav,data/processed/features_10s/train/ID26/ID26_hc_0_0_0_w020_100.0s.npy,ID26,mdvr_kcl,reading_passage,0,train,100.0,0.0
data/processed/audio_10s/train/ID26/ID26_hc_0_0_0_w021_105.0s.wav,data/processed/features_10s/train/ID26/ID26_hc_0_0_0_w021_105.0s.npy,ID26,mdvr_kcl,reading_passage,0,train,105.0,0.0
data/processed/audio_10s/train/ID26/ID26_hc_0_0_0_w022_110.0s.wav,data/processed/features_10s/train/ID26/ID26_hc_0_0_0_w022_110.0s.npy,ID26,mdvr_kcl,reading_passage,0,train,110.0,0.0
data/processed/audio_10s/train/ID26/ID26_hc_0_0_0_w023_115.0s.wav,data/processed/features_10s/train/ID26/ID26_hc_0_0_0_w023_115.0s.npy,ID26,mdvr_kcl,reading_passage,0,train,115.0,0.0
data/processed/audio_10s/train/ID26/ID26_hc_0_0_0_w024_120.0s.wav,data/processed/features_10s/train/ID26/ID26_hc_0_0_0_w024_120.0s.npy,ID26,mdvr_kcl,reading_passage,0,train,120.0,0.0
data/processed/audio_10s/train/ID26/ID26_hc_0_0_0_w025_125.0s.wav,data/processed/features_10s/train/ID26/ID26_hc_0_0_0_w025_125.0s.npy,ID26,mdvr_kcl,reading_passage,0,train,125.0,0.0
data/processed/audio_10s/train/ID26/ID26_hc_0_0_0_w026_130.0s.wav,data/processed/features_10s/train/ID26/ID26_hc_0_0_0_w026_130.0s.npy,ID26,mdvr_kcl,reading_passage,0,train,130.0,0.0
data/processed/audio_10s/train/ID26/ID26_hc_0_0_0_w027_135.0s.wav,data/processed/features_10s/train/ID26/ID26_hc_0_0_0_w027_135.0s.npy,ID26,mdvr_kcl,reading_passage,0,train,135.0,0.0
data/processed/audio_10s/train/ID26/ID26_hc_0_0_0_w028_140.0s.wav,data/processed/features_10s/train/ID26/ID26_hc_0_0_0_w028_140.0s.npy,ID26,mdvr_kcl,reading_passage,0,train,140.0,0.0
data/processed/audio_10s/train/ID28/ID28_hc_0_0_0_w000_0.0s.wav,data/processed/features_10s/train/ID28/ID28_hc_0_0_0_w000_0.0s.npy,ID28,mdvr_kcl,reading_passage,0,train,0.0,0.0
data/processed/audio_10s/train/ID28/ID28_hc_0_0_0_w001_5.0s.wav,data/processed/features_10s/train/ID28/ID28_hc_0_0_0_w001_5.0s.npy,ID28,mdvr_kcl,reading_passage,0,train,5.0,0.0
data/processed/audio_10s/train/ID28/ID28_hc_0_0_0_w002_10.0s.wav,data/processed/features_10s/train/ID28/ID28_hc_0_0_0_w002_10.0s.npy,ID28,mdvr_kcl,reading_passage,0,train,10.0,0.0
data/processed/audio_10s/train/ID28/ID28_hc_0_0_0_w003_15.0s.wav,data/processed/features_10s/train/ID28/ID28_hc_0_0_0_w003_15.0s.npy,ID28,mdvr_kcl,reading_passage,0,train,15.0,0.0
data/processed/audio_10s/train/ID28/ID28_hc_0_0_0_w004_20.0s.wav,data/processed/features_10s/train/ID28/ID28_hc_0_0_0_w004_20.0s.npy,ID28,mdvr_kcl,reading_passage,0,train,20.0,0.0
data/processed/audio_10s/train/ID28/ID28_hc_0_0_0_w005_25.0s.wav,data/processed/features_10s/train/ID28/ID28_hc_0_0_0_w005_25.0s.npy,ID28,mdvr_kcl,reading_passage,0,train,25.0,0.0
data/processed/audio_10s/train/ID28/ID28_hc_0_0_0_w006_30.0s.wav,data/processed/features_10s/train/ID28/ID28_hc_0_0_0_w006_30.0s.npy,ID28,mdvr_kcl,reading_passage,0,train,30.0,0.0
data/processed/audio_10s/train/ID28/ID28_hc_0_0_0_w007_35.0s.wav,data/processed/features_10s/train/ID28/ID28_hc_0_0_0_w007_35.0s.npy,ID28,mdvr_kcl,reading_passage,0,train,35.0,0.0
data/processed/audio_10s/train/ID28/ID28_hc_0_0_0_w008_40.0s.wav,data/processed/features_10s/train/ID28/ID28_hc_0_0_0_w008_40.0s.npy,ID28,mdvr_kcl,reading_passage,0,train,40.0,0.0
data/processed/audio_10s/train/ID28/ID28_hc_0_0_0_w009_45.0s.wav,data/processed/features_10s/train/ID28/ID28_hc_0_0_0_w009_45.0s.npy,ID28,mdvr_kcl,reading_passage,0,train,45.0,0.0
data/processed/audio_10s/train/ID28/ID28_hc_0_0_0_w010_50.0s.wav,data/processed/features_10s/train/ID28/ID28_hc_0_0_0_w010_50.0s.npy,ID28,mdvr_kcl,reading_passage,0,train,50.0,0.0
data/processed/audio_10s/train/ID28/ID28_hc_0_0_0_w011_55.0s.wav,data/processed/features_10s/train/ID28/ID28_hc_0_0_0_w011_55.0s.npy,ID28,mdvr_kcl,reading_passage,0,train,55.0,0.0
data/processed/audio_10s/train/ID28/ID28_hc_0_0_0_w012_60.0s.wav,data/processed/features_10s/train/ID28/ID28_hc_0_0_0_w012_60.0s.npy,ID28,mdvr_kcl,reading_passage,0,train,60.0,0.0
data/processed/audio_10s/train/ID28/ID28_hc_0_0_0_w013_65.0s.wav,data/processed/features_10s/train/ID28/ID28_hc_0_0_0_w013_65.0s.npy,ID28,mdvr_kcl,reading_passage,0,train,65.0,0.0
data/processed/audio_10s/train/ID28/ID28_hc_0_0_0_w014_70.0s.wav,data/processed/features_10s/train/ID28/ID28_hc_0_0_0_w014_70.0s.npy,ID28,mdvr_kcl,reading_passage,0,train,70.0,0.0
data/processed/audio_10s/train/ID28/ID28_hc_0_0_0_w015_75.0s.wav,data/processed/features_10s/train/ID28/ID28_hc_0_0_0_w015_75.0s.npy,ID28,mdvr_kcl,reading_passage,0,train,75.0,0.0
data/processed/audio_10s/train/ID28/ID28_hc_0_0_0_w016_80.0s.wav,data/processed/features_10s/train/ID28/ID28_hc_0_0_0_w016_80.0s.npy,ID28,mdvr_kcl,reading_passage,0,train,80.0,0.0
data/processed/audio_10s/train/ID28/ID28_hc_0_0_0_w017_85.0s.wav,data/processed/features_10s/train/ID28/ID28_hc_0_0_0_w017_85.0s.npy,ID28,mdvr_kcl,reading_passage,0,train,85.0,0.0
data/processed/audio_10s/train/ID28/ID28_hc_0_0_0_w018_90.0s.wav,data/processed/features_10s/train/ID28/ID28_hc_0_0_0_w018_90.0s.npy,ID28,mdvr_kcl,reading_passage,0,train,90.0,0.0
data/processed/audio_10s/train/ID28/ID28_hc_0_0_0_w019_95.0s.wav,data/processed/features_10s/train/ID28/ID28_hc_0_0_0_w019_95.0s.npy,ID28,mdvr_kcl,reading_passage,0,train,95.0,0.0
data/processed/audio_10s/train/ID28/ID28_hc_0_0_0_w020_100.0s.wav,data/processed/features_10s/train/ID28/ID28_hc_0_0_0_w020_100.0s.npy,ID28,mdvr_kcl,reading_passage,0,train,100.0,0.0
data/processed/audio_10s/train/ID28/ID28_hc_0_0_0_w021_105.0s.wav,data/processed/features_10s/train/ID28/ID28_hc_0_0_0_w021_105.0s.npy,ID28,mdvr_kcl,reading_passage,0,train,105.0,0.0
data/processed/audio_10s/train/ID28/ID28_hc_0_0_0_w022_110.0s.wav,data/processed/features_10s/train/ID28/ID28_hc_0_0_0_w022_110.0s.npy,ID28,mdvr_kcl,reading_passage,0,train,110.0,0.0
data/processed/audio_10s/train/ID28/ID28_hc_0_0_0_w023_115.0s.wav,data/processed/features_10s/train/ID28/ID28_hc_0_0_0_w023_115.0s.npy,ID28,mdvr_kcl,reading_passage,0,train,115.0,0.0
data/processed/audio_10s/train/ID28/ID28_hc_0_0_0_w024_120.0s.wav,data/processed/features_10s/train/ID28/ID28_hc_0_0_0_w024_120.0s.npy,ID28,mdvr_kcl,reading_passage,0,train,120.0,0.0
data/processed/audio_10s/train/ID28/ID28_hc_0_0_0_w025_125.0s.wav,data/processed/features_10s/train/ID28/ID28_hc_0_0_0_w025_125.0s.npy,ID28,mdvr_kcl,reading_passage,0,train,125.0,0.0
data/processed/audio_10s/train/ID28/ID28_hc_0_0_0_w026_130.0s.wav,data/processed/features_10s/train/ID28/ID28_hc_0_0_0_w026_130.0s.npy,ID28,mdvr_kcl,reading_passage,0,train,130.0,0.0
data/processed/audio_10s/train/ID31/ID31_hc_0_1_1_w000_0.0s.wav,data/processed/features_10s/train/ID31/ID31_hc_0_1_1_w000_0.0s.npy,ID31,mdvr_kcl,reading_passage,0,train,0.0,0.0
data/processed/audio_10s/train/ID31/ID31_hc_0_1_1_w001_5.0s.wav,data/processed/features_10s/train/ID31/ID31_hc_0_1_1_w001_5.0s.npy,ID31,mdvr_kcl,reading_passage,0,train,5.0,0.0
data/processed/audio_10s/train/ID31/ID31_hc_0_1_1_w002_10.0s.wav,data/processed/features_10s/train/ID31/ID31_hc_0_1_1_w002_10.0s.npy,ID31,mdvr_kcl,reading_passage,0,train,10.0,0.0
data/processed/audio_10s/train/ID31/ID31_hc_0_1_1_w003_15.0s.wav,data/processed/features_10s/train/ID31/ID31_hc_0_1_1_w003_15.0s.npy,ID31,mdvr_kcl,reading_passage,0,train,15.0,0.0
data/processed/audio_10s/train/ID31/ID31_hc_0_1_1_w004_20.0s.wav,data/processed/features_10s/train/ID31/ID31_hc_0_1_1_w004_20.0s.npy,ID31,mdvr_kcl,reading_passage,0,train,20.0,0.0
data/processed/audio_10s/train/ID31/ID31_hc_0_1_1_w005_25.0s.wav,data/processed/features_10s/train/ID31/ID31_hc_0_1_1_w005_25.0s.npy,ID31,mdvr_kcl,reading_passage,0,train,25.0,0.0
data/processed/audio_10s/train/ID31/ID31_hc_0_1_1_w006_30.0s.wav,data/processed/features_10s/train/ID31/ID31_hc_0_1_1_w006_30.0s.npy,ID31,mdvr_kcl,reading_passage,0,train,30.0,0.0
data/processed/audio_10s/train/ID31/ID31_hc_0_1_1_w007_35.0s.wav,data/processed/features_10s/train/ID31/ID31_hc_0_1_1_w007_35.0s.npy,ID31,mdvr_kcl,reading_passage,0,train,35.0,0.0
data/processed/audio_10s/train/ID31/ID31_hc_0_1_1_w008_40.0s.wav,data/processed/features_10s/train/ID31/ID31_hc_0_1_1_w008_40.0s.npy,ID31,mdvr_kcl,reading_passage,0,train,40.0,0.0
data/processed/audio_10s/train/ID31/ID31_hc_0_1_1_w009_45.0s.wav,data/processed/features_10s/train/ID31/ID31_hc_0_1_1_w009_45.0s.npy,ID31,mdvr_kcl,reading_passage,0,train,45.0,0.0
data/processed/audio_10s/train/ID31/ID31_hc_0_1_1_w010_50.0s.wav,data/processed/features_10s/train/ID31/ID31_hc_0_1_1_w010_50.0s.npy,ID31,mdvr_kcl,reading_passage,0,train,50.0,0.0
data/processed/audio_10s/train/ID31/ID31_hc_0_1_1_w011_55.0s.wav,data/processed/features_10s/train/ID31/ID31_hc_0_1_1_w011_55.0s.npy,ID31,mdvr_kcl,reading_passage,0,train,55.0,0.0
data/processed/audio_10s/train/ID31/ID31_hc_0_1_1_w012_60.0s.wav,data/processed/features_10s/train/ID31/ID31_hc_0_1_1_w012_60.0s.npy,ID31,mdvr_kcl,reading_passage,0,train,60.0,0.0
data/processed/audio_10s/train/ID31/ID31_hc_0_1_1_w013_65.0s.wav,data/processed/features_10s/train/ID31/ID31_hc_0_1_1_w013_65.0s.npy,ID31,mdvr_kcl,reading_passage,0,train,65.0,0.0
data/processed/audio_10s/train/ID31/ID31_hc_0_1_1_w014_70.0s.wav,data/processed/features_10s/train/ID31/ID31_hc_0_1_1_w014_70.0s.npy,ID31,mdvr_kcl,reading_passage,0,train,70.0,0.0
data/processed/audio_10s/train/ID31/ID31_hc_0_1_1_w015_75.0s.wav,data/processed/features_10s/train/ID31/ID31_hc_0_1_1_w015_75.0s.npy,ID31,mdvr_kcl,reading_passage,0,train,75.0,0.0
data/processed/audio_10s/train/ID31/ID31_hc_0_1_1_w016_80.0s.wav,data/processed/features_10s/train/ID31/ID31_hc_0_1_1_w016_80.0s.npy,ID31,mdvr_kcl,reading_passage,0,train,80.0,0.0
data/processed/audio_10s/train/ID31/ID31_hc_0_1_1_w017_85.0s.wav,data/processed/features_10s/train/ID31/ID31_hc_0_1_1_w017_85.0s.npy,ID31,mdvr_kcl,reading_passage,0,train,85.0,0.0
data/processed/audio_10s/train/ID31/ID31_hc_0_1_1_w018_90.0s.wav,data/processed/features_10s/train/ID31/ID31_hc_0_1_1_w018_90.0s.npy,ID31,mdvr_kcl,reading_passage,0,train,90.0,0.0
data/processed/audio_10s/train/ID31/ID31_hc_0_1_1_w019_95.0s.wav,data/processed/features_10s/train/ID31/ID31_hc_0_1_1_w019_95.0s.npy,ID31,mdvr_kcl,reading_passage,0,train,95.0,0.0
data/processed/audio_10s/train/ID31/ID31_hc_0_1_1_w020_100.0s.wav,data/processed/features_10s/train/ID31/ID31_hc_0_1_1_w020_100.0s.npy,ID31,mdvr_kcl,reading_passage,0,train,100.0,0.0
data/processed/audio_10s/train/ID31/ID31_hc_0_1_1_w021_105.0s.wav,data/processed/features_10s/train/ID31/ID31_hc_0_1_1_w021_105.0s.npy,ID31,mdvr_kcl,reading_passage,0,train,105.0,0.0
data/processed/audio_10s/train/ID31/ID31_hc_0_1_1_w022_110.0s.wav,data/processed/features_10s/train/ID31/ID31_hc_0_1_1_w022_110.0s.npy,ID31,mdvr_kcl,reading_passage,0,train,110.0,0.0
data/processed/audio_10s/train/ID31/ID31_hc_0_1_1_w023_115.0s.wav,data/processed/features_10s/train/ID31/ID31_hc_0_1_1_w023_115.0s.npy,ID31,mdvr_kcl,reading_passage,0,train,115.0,0.0
data/processed/audio_10s/train/ID31/ID31_hc_0_1_1_w024_120.0s.wav,data/processed/features_10s/train/ID31/ID31_hc_0_1_1_w024_120.0s.npy,ID31,mdvr_kcl,reading_passage,0,train,120.0,0.0
data/processed/audio_10s/train/ID31/ID31_hc_0_1_1_w025_125.0s.wav,data/processed/features_10s/train/ID31/ID31_hc_0_1_1_w025_125.0s.npy,ID31,mdvr_kcl,reading_passage,0,train,125.0,0.0
data/processed/audio_10s/train/ID31/ID31_hc_0_1_1_w026_130.0s.wav,data/processed/features_10s/train/ID31/ID31_hc_0_1_1_w026_130.0s.npy,ID31,mdvr_kcl,reading_passage,0,train,130.0,0.0
data/processed/audio_10s/train/ID31/ID31_hc_0_1_1_w027_135.0s.wav,data/processed/features_10s/train/ID31/ID31_hc_0_1_1_w027_135.0s.npy,ID31,mdvr_kcl,reading_passage,0,train,135.0,0.0
data/processed/audio_10s/train/ID31/ID31_hc_0_1_1_w028_140.0s.wav,data/processed/features_10s/train/ID31/ID31_hc_0_1_1_w028_140.0s.npy,ID31,mdvr_kcl,reading_passage,0,train,140.0,0.0
data/processed/audio_10s/train/ID31/ID31_hc_0_1_1_w029_145.0s.wav,data/processed/features_10s/train/ID31/ID31_hc_0_1_1_w029_145.0s.npy,ID31,mdvr_kcl,reading_passage,0,train,145.0,0.0
data/processed/audio_10s/train/ID31/ID31_hc_0_1_1_w030_150.0s.wav,data/processed/features_10s/train/ID31/ID31_hc_0_1_1_w030_150.0s.npy,ID31,mdvr_kcl,reading_passage,0,train,150.0,0.0
data/processed/audio_10s/train/ID31/ID31_hc_0_1_1_w031_155.0s.wav,data/processed/features_10s/train/ID31/ID31_hc_0_1_1_w031_155.0s.npy,ID31,mdvr_kcl,reading_passage,0,train,155.0,0.0
data/processed/audio_10s/train/ID31/ID31_hc_0_1_1_w032_160.0s.wav,data/processed/features_10s/train/ID31/ID31_hc_0_1_1_w032_160.0s.npy,ID31,mdvr_kcl,reading_passage,0,train,160.0,0.0
data/processed/audio_10s/train/ID31/ID31_hc_0_1_1_w033_165.0s.wav,data/processed/features_10s/train/ID31/ID31_hc_0_1_1_w033_165.0s.npy,ID31,mdvr_kcl,reading_passage,0,train,165.0,0.0
data/processed/audio_10s/train/ID31/ID31_hc_0_1_1_w034_170.0s.wav,data/processed/features_10s/train/ID31/ID31_hc_0_1_1_w034_170.0s.npy,ID31,mdvr_kcl,reading_passage,0,train,170.0,0.0
data/processed/audio_10s/train/ID31/ID31_hc_0_1_1_w035_175.0s.wav,data/processed/features_10s/train/ID31/ID31_hc_0_1_1_w035_175.0s.npy,ID31,mdvr_kcl,reading_passage,0,train,175.0,0.0
data/processed/audio_10s/train/ID31/ID31_hc_0_1_1_w036_180.0s.wav,data/processed/features_10s/train/ID31/ID31_hc_0_1_1_w036_180.0s.npy,ID31,mdvr_kcl,reading_passage,0,train,180.0,0.0
data/processed/audio_10s/test/ID35/ID35_hc_0_0_0_w000_0.0s.wav,data/processed/features_10s/test/ID35/ID35_hc_0_0_0_w000_0.0s.npy,ID35,mdvr_kcl,reading_passage,0,test,0.0,0.0
data/processed/audio_10s/test/ID35/ID35_hc_0_0_0_w001_5.0s.wav,data/processed/features_10s/test/ID35/ID35_hc_0_0_0_w001_5.0s.npy,ID35,mdvr_kcl,reading_passage,0,test,5.0,0.0
data/processed/audio_10s/test/ID35/ID35_hc_0_0_0_w002_10.0s.wav,data/processed/features_10s/test/ID35/ID35_hc_0_0_0_w002_10.0s.npy,ID35,mdvr_kcl,reading_passage,0,test,10.0,0.0
data/processed/audio_10s/test/ID35/ID35_hc_0_0_0_w003_15.0s.wav,data/processed/features_10s/test/ID35/ID35_hc_0_0_0_w003_15.0s.npy,ID35,mdvr_kcl,reading_passage,0,test,15.0,0.0
data/processed/audio_10s/test/ID35/ID35_hc_0_0_0_w004_20.0s.wav,data/processed/features_10s/test/ID35/ID35_hc_0_0_0_w004_20.0s.npy,ID35,mdvr_kcl,reading_passage,0,test,20.0,0.0
data/processed/audio_10s/test/ID35/ID35_hc_0_0_0_w005_25.0s.wav,data/processed/features_10s/test/ID35/ID35_hc_0_0_0_w005_25.0s.npy,ID35,mdvr_kcl,reading_passage,0,test,25.0,0.0
data/processed/audio_10s/test/ID35/ID35_hc_0_0_0_w006_30.0s.wav,data/processed/features_10s/test/ID35/ID35_hc_0_0_0_w006_30.0s.npy,ID35,mdvr_kcl,reading_passage,0,test,30.0,0.0
data/processed/audio_10s/test/ID35/ID35_hc_0_0_0_w007_35.0s.wav,data/processed/features_10s/test/ID35/ID35_hc_0_0_0_w007_35.0s.npy,ID35,mdvr_kcl,reading_passage,0,test,35.0,0.0
data/processed/audio_10s/test/ID35/ID35_hc_0_0_0_w008_40.0s.wav,data/processed/features_10s/test/ID35/ID35_hc_0_0_0_w008_40.0s.npy,ID35,mdvr_kcl,reading_passage,0,test,40.0,0.0
data/processed/audio_10s/test/ID35/ID35_hc_0_0_0_w009_45.0s.wav,data/processed/features_10s/test/ID35/ID35_hc_0_0_0_w009_45.0s.npy,ID35,mdvr_kcl,reading_passage,0,test,45.0,0.0
data/processed/audio_10s/test/ID35/ID35_hc_0_0_0_w010_50.0s.wav,data/processed/features_10s/test/ID35/ID35_hc_0_0_0_w010_50.0s.npy,ID35,mdvr_kcl,reading_passage,0,test,50.0,0.0
data/processed/audio_10s/test/ID35/ID35_hc_0_0_0_w011_55.0s.wav,data/processed/features_10s/test/ID35/ID35_hc_0_0_0_w011_55.0s.npy,ID35,mdvr_kcl,reading_passage,0,test,55.0,0.0
data/processed/audio_10s/test/ID35/ID35_hc_0_0_0_w012_60.0s.wav,data/processed/features_10s/test/ID35/ID35_hc_0_0_0_w012_60.0s.npy,ID35,mdvr_kcl,reading_passage,0,test,60.0,0.0
data/processed/audio_10s/test/ID35/ID35_hc_0_0_0_w013_65.0s.wav,data/processed/features_10s/test/ID35/ID35_hc_0_0_0_w013_65.0s.npy,ID35,mdvr_kcl,reading_passage,0,test,65.0,0.0
data/processed/audio_10s/test/ID35/ID35_hc_0_0_0_w014_70.0s.wav,data/processed/features_10s/test/ID35/ID35_hc_0_0_0_w014_70.0s.npy,ID35,mdvr_kcl,reading_passage,0,test,70.0,0.0
data/processed/audio_10s/test/ID35/ID35_hc_0_0_0_w015_75.0s.wav,data/processed/features_10s/test/ID35/ID35_hc_0_0_0_w015_75.0s.npy,ID35,mdvr_kcl,reading_passage,0,test,75.0,0.0
data/processed/audio_10s/test/ID35/ID35_hc_0_0_0_w016_80.0s.wav,data/processed/features_10s/test/ID35/ID35_hc_0_0_0_w016_80.0s.npy,ID35,mdvr_kcl,reading_passage,0,test,80.0,0.0
data/processed/audio_10s/train/ID36/ID36_hc_0_0_0_w000_0.0s.wav,data/processed/features_10s/train/ID36/ID36_hc_0_0_0_w000_0.0s.npy,ID36,mdvr_kcl,reading_passage,0,train,0.0,0.0
data/processed/audio_10s/train/ID36/ID36_hc_0_0_0_w001_5.0s.wav,data/processed/features_10s/train/ID36/ID36_hc_0_0_0_w001_5.0s.npy,ID36,mdvr_kcl,reading_passage,0,train,5.0,0.0
data/processed/audio_10s/train/ID36/ID36_hc_0_0_0_w002_10.0s.wav,data/processed/features_10s/train/ID36/ID36_hc_0_0_0_w002_10.0s.npy,ID36,mdvr_kcl,reading_passage,0,train,10.0,0.0
data/processed/audio_10s/train/ID36/ID36_hc_0_0_0_w003_15.0s.wav,data/processed/features_10s/train/ID36/ID36_hc_0_0_0_w003_15.0s.npy,ID36,mdvr_kcl,reading_passage,0,train,15.0,0.0
data/processed/audio_10s/train/ID36/ID36_hc_0_0_0_w004_20.0s.wav,data/processed/features_10s/train/ID36/ID36_hc_0_0_0_w004_20.0s.npy,ID36,mdvr_kcl,reading_passage,0,train,20.0,0.0
data/processed/audio_10s/train/ID36/ID36_hc_0_0_0_w005_25.0s.wav,data/processed/features_10s/train/ID36/ID36_hc_0_0_0_w005_25.0s.npy,ID36,mdvr_kcl,reading_passage,0,train,25.0,0.0
data/processed/audio_10s/train/ID36/ID36_hc_0_0_0_w006_30.0s.wav,data/processed/features_10s/train/ID36/ID36_hc_0_0_0_w006_30.0s.npy,ID36,mdvr_kcl,reading_passage,0,train,30.0,0.0
data/processed/audio_10s/train/ID36/ID36_hc_0_0_0_w007_35.0s.wav,data/processed/features_10s/train/ID36/ID36_hc_0_0_0_w007_35.0s.npy,ID36,mdvr_kcl,reading_passage,0,train,35.0,0.0
data/processed/audio_10s/train/ID36/ID36_hc_0_0_0_w008_40.0s.wav,data/processed/features_10s/train/ID36/ID36_hc_0_0_0_w008_40.0s.npy,ID36,mdvr_kcl,reading_passage,0,train,40.0,0.0
data/processed/audio_10s/train/ID36/ID36_hc_0_0_0_w009_45.0s.wav,data/processed/features_10s/train/ID36/ID36_hc_0_0_0_w009_45.0s.npy,ID36,mdvr_kcl,reading_passage,0,train,45.0,0.0
data/processed/audio_10s/train/ID36/ID36_hc_0_0_0_w010_50.0s.wav,data/processed/features_10s/train/ID36/ID36_hc_0_0_0_w010_50.0s.npy,ID36,mdvr_kcl,reading_passage,0,train,50.0,0.0
data/processed/audio_10s/train/ID36/ID36_hc_0_0_0_w011_55.0s.wav,data/processed/features_10s/train/ID36/ID36_hc_0_0_0_w011_55.0s.npy,ID36,mdvr_kcl,reading_passage,0,train,55.0,0.0
data/processed/audio_10s/train/ID36/ID36_hc_0_0_0_w012_60.0s.wav,data/processed/features_10s/train/ID36/ID36_hc_0_0_0_w012_60.0s.npy,ID36,mdvr_kcl,reading_passage,0,train,60.0,0.0
data/processed/audio_10s/train/ID36/ID36_hc_0_0_0_w013_65.0s.wav,data/processed/features_10s/train/ID36/ID36_hc_0_0_0_w013_65.0s.npy,ID36,mdvr_kcl,reading_passage,0,train,65.0,0.0
data/processed/audio_10s/train/ID36/ID36_hc_0_0_0_w014_70.0s.wav,data/processed/features_10s/train/ID36/ID36_hc_0_0_0_w014_70.0s.npy,ID36,mdvr_kcl,reading_passage,0,train,70.0,0.0
data/processed/audio_10s/train/ID36/ID36_hc_0_0_0_w015_75.0s.wav,data/processed/features_10s/train/ID36/ID36_hc_0_0_0_w015_75.0s.npy,ID36,mdvr_kcl,reading_passage,0,train,75.0,0.0
data/processed/audio_10s/train/ID36/ID36_hc_0_0_0_w016_80.0s.wav,data/processed/features_10s/train/ID36/ID36_hc_0_0_0_w016_80.0s.npy,ID36,mdvr_kcl,reading_passage,0,train,80.0,0.0
data/processed/audio_10s/train/ID36/ID36_hc_0_0_0_w017_85.0s.wav,data/processed/features_10s/train/ID36/ID36_hc_0_0_0_w017_85.0s.npy,ID36,mdvr_kcl,reading_passage,0,train,85.0,0.0
data/processed/audio_10s/train/ID36/ID36_hc_0_0_0_w018_90.0s.wav,data/processed/features_10s/train/ID36/ID36_hc_0_0_0_w018_90.0s.npy,ID36,mdvr_kcl,reading_passage,0,train,90.0,0.0
data/processed/audio_10s/train/ID36/ID36_hc_0_0_0_w019_95.0s.wav,data/processed/features_10s/train/ID36/ID36_hc_0_0_0_w019_95.0s.npy,ID36,mdvr_kcl,reading_passage,0,train,95.0,0.0
data/processed/audio_10s/train/ID36/ID36_hc_0_0_0_w020_100.0s.wav,data/processed/features_10s/train/ID36/ID36_hc_0_0_0_w020_100.0s.npy,ID36,mdvr_kcl,reading_passage,0,train,100.0,0.0
data/processed/audio_10s/train/ID36/ID36_hc_0_0_0_w021_105.0s.wav,data/processed/features_10s/train/ID36/ID36_hc_0_0_0_w021_105.0s.npy,ID36,mdvr_kcl,reading_passage,0,train,105.0,0.0
data/processed/audio_10s/train/ID36/ID36_hc_0_0_0_w022_110.0s.wav,data/processed/features_10s/train/ID36/ID36_hc_0_0_0_w022_110.0s.npy,ID36,mdvr_kcl,reading_passage,0,train,110.0,0.0
data/processed/audio_10s/train/ID36/ID36_hc_0_0_0_w023_115.0s.wav,data/processed/features_10s/train/ID36/ID36_hc_0_0_0_w023_115.0s.npy,ID36,mdvr_kcl,reading_passage,0,train,115.0,0.0
data/processed/audio_10s/train/ID36/ID36_hc_0_0_0_w024_120.0s.wav,data/processed/features_10s/train/ID36/ID36_hc_0_0_0_w024_120.0s.npy,ID36,mdvr_kcl,reading_passage,0,train,120.0,0.0
data/processed/audio_10s/train/ID36/ID36_hc_0_0_0_w025_125.0s.wav,data/processed/features_10s/train/ID36/ID36_hc_0_0_0_w025_125.0s.npy,ID36,mdvr_kcl,reading_passage,0,train,125.0,0.0
data/processed/audio_10s/train/ID36/ID36_hc_0_0_0_w026_130.0s.wav,data/processed/features_10s/train/ID36/ID36_hc_0_0_0_w026_130.0s.npy,ID36,mdvr_kcl,reading_passage,0,train,130.0,0.0
data/processed/audio_10s/train/ID36/ID36_hc_0_0_0_w027_135.0s.wav,data/processed/features_10s/train/ID36/ID36_hc_0_0_0_w027_135.0s.npy,ID36,mdvr_kcl,reading_passage,0,train,135.0,0.0
data/processed/audio_10s/train/ID36/ID36_hc_0_0_0_w028_140.0s.wav,data/processed/features_10s/train/ID36/ID36_hc_0_0_0_w028_140.0s.npy,ID36,mdvr_kcl,reading_passage,0,train,140.0,0.0
data/processed/audio_10s/train/ID36/ID36_hc_0_0_0_w029_145.0s.wav,data/processed/features_10s/train/ID36/ID36_hc_0_0_0_w029_145.0s.npy,ID36,mdvr_kcl,reading_passage,0,train,145.0,0.0
data/processed/audio_10s/val/ID02/ID02_pd_2_0_0_w000_0.0s.wav,data/processed/features_10s/val/ID02/ID02_pd_2_0_0_w000_0.0s.npy,ID02,mdvr_kcl,reading_passage,1,val,0.0,0.0
data/processed/audio_10s/val/ID02/ID02_pd_2_0_0_w001_5.0s.wav,data/processed/features_10s/val/ID02/ID02_pd_2_0_0_w001_5.0s.npy,ID02,mdvr_kcl,reading_passage,1,val,5.0,0.0
data/processed/audio_10s/val/ID02/ID02_pd_2_0_0_w002_10.0s.wav,data/processed/features_10s/val/ID02/ID02_pd_2_0_0_w002_10.0s.npy,ID02,mdvr_kcl,reading_passage,1,val,10.0,0.0
data/processed/audio_10s/val/ID02/ID02_pd_2_0_0_w003_15.0s.wav,data/processed/features_10s/val/ID02/ID02_pd_2_0_0_w003_15.0s.npy,ID02,mdvr_kcl,reading_passage,1,val,15.0,0.0
data/processed/audio_10s/val/ID02/ID02_pd_2_0_0_w004_20.0s.wav,data/processed/features_10s/val/ID02/ID02_pd_2_0_0_w004_20.0s.npy,ID02,mdvr_kcl,reading_passage,1,val,20.0,0.0
data/processed/audio_10s/val/ID02/ID02_pd_2_0_0_w005_25.0s.wav,data/processed/features_10s/val/ID02/ID02_pd_2_0_0_w005_25.0s.npy,ID02,mdvr_kcl,reading_passage,1,val,25.0,0.0
data/processed/audio_10s/val/ID02/ID02_pd_2_0_0_w006_30.0s.wav,data/processed/features_10s/val/ID02/ID02_pd_2_0_0_w006_30.0s.npy,ID02,mdvr_kcl,reading_passage,1,val,30.0,0.0
data/processed/audio_10s/val/ID02/ID02_pd_2_0_0_w007_35.0s.wav,data/processed/features_10s/val/ID02/ID02_pd_2_0_0_w007_35.0s.npy,ID02,mdvr_kcl,reading_passage,1,val,35.0,0.0
data/processed/audio_10s/val/ID02/ID02_pd_2_0_0_w008_40.0s.wav,data/processed/features_10s/val/ID02/ID02_pd_2_0_0_w008_40.0s.npy,ID02,mdvr_kcl,reading_passage,1,val,40.0,0.0
data/processed/audio_10s/val/ID02/ID02_pd_2_0_0_w009_45.0s.wav,data/processed/features_10s/val/ID02/ID02_pd_2_0_0_w009_45.0s.npy,ID02,mdvr_kcl,reading_passage,1,val,45.0,0.0
data/processed/audio_10s/val/ID02/ID02_pd_2_0_0_w010_50.0s.wav,data/processed/features_10s/val/ID02/ID02_pd_2_0_0_w010_50.0s.npy,ID02,mdvr_kcl,reading_passage,1,val,50.0,0.0
data/processed/audio_10s/val/ID02/ID02_pd_2_0_0_w011_55.0s.wav,data/processed/features_10s/val/ID02/ID02_pd_2_0_0_w011_55.0s.npy,ID02,mdvr_kcl,reading_passage,1,val,55.0,0.0
data/processed/audio_10s/val/ID02/ID02_pd_2_0_0_w012_60.0s.wav,data/processed/features_10s/val/ID02/ID02_pd_2_0_0_w012_60.0s.npy,ID02,mdvr_kcl,reading_passage,1,val,60.0,0.0
data/processed/audio_10s/val/ID02/ID02_pd_2_0_0_w013_65.0s.wav,data/processed/features_10s/val/ID02/ID02_pd_2_0_0_w013_65.0s.npy,ID02,mdvr_kcl,reading_passage,1,val,65.0,0.0
data/processed/audio_10s/val/ID02/ID02_pd_2_0_0_w014_70.0s.wav,data/processed/features_10s/val/ID02/ID02_pd_2_0_0_w014_70.0s.npy,ID02,mdvr_kcl,reading_passage,1,val,70.0,0.0
data/processed/audio_10s/val/ID02/ID02_pd_2_0_0_w015_75.0s.wav,data/processed/features_10s/val/ID02/ID02_pd_2_0_0_w015_75.0s.npy,ID02,mdvr_kcl,reading_passage,1,val,75.0,0.0
data/processed/audio_10s/val/ID02/ID02_pd_2_0_0_w016_80.0s.wav,data/processed/features_10s/val/ID02/ID02_pd_2_0_0_w016_80.0s.npy,ID02,mdvr_kcl,reading_passage,1,val,80.0,0.0
data/processed/audio_10s/val/ID02/ID02_pd_2_0_0_w017_85.0s.wav,data/processed/features_10s/val/ID02/ID02_pd_2_0_0_w017_85.0s.npy,ID02,mdvr_kcl,reading_passage,1,val,85.0,0.0
data/processed/audio_10s/val/ID02/ID02_pd_2_0_0_w018_90.0s.wav,data/processed/features_10s/val/ID02/ID02_pd_2_0_0_w018_90.0s.npy,ID02,mdvr_kcl,reading_passage,1,val,90.0,0.0
data/processed/audio_10s/val/ID02/ID02_pd_2_0_0_w019_95.0s.wav,data/processed/features_10s/val/ID02/ID02_pd_2_0_0_w019_95.0s.npy,ID02,mdvr_kcl,reading_passage,1,val,95.0,0.0
data/processed/audio_10s/val/ID02/ID02_pd_2_0_0_w020_100.0s.wav,data/processed/features_10s/val/ID02/ID02_pd_2_0_0_w020_100.0s.npy,ID02,mdvr_kcl,reading_passage,1,val,100.0,0.0
data/processed/audio_10s/val/ID02/ID02_pd_2_0_0_w021_105.0s.wav,data/processed/features_10s/val/ID02/ID02_pd_2_0_0_w021_105.0s.npy,ID02,mdvr_kcl,reading_passage,1,val,105.0,0.0
data/processed/audio_10s/val/ID02/ID02_pd_2_0_0_w022_110.0s.wav,data/processed/features_10s/val/ID02/ID02_pd_2_0_0_w022_110.0s.npy,ID02,mdvr_kcl,reading_passage,1,val,110.0,0.0
data/processed/audio_10s/val/ID02/ID02_pd_2_0_0_w023_115.0s.wav,data/processed/features_10s/val/ID02/ID02_pd_2_0_0_w023_115.0s.npy,ID02,mdvr_kcl,reading_passage,1,val,115.0,0.0
data/processed/audio_10s/val/ID02/ID02_pd_2_0_0_w024_120.0s.wav,data/processed/features_10s/val/ID02/ID02_pd_2_0_0_w024_120.0s.npy,ID02,mdvr_kcl,reading_passage,1,val,120.0,0.0
data/processed/audio_10s/val/ID02/ID02_pd_2_0_0_w025_125.0s.wav,data/processed/features_10s/val/ID02/ID02_pd_2_0_0_w025_125.0s.npy,ID02,mdvr_kcl,reading_passage,1,val,125.0,0.0
data/processed/audio_10s/val/ID02/ID02_pd_2_0_0_w026_130.0s.wav,data/processed/features_10s/val/ID02/ID02_pd_2_0_0_w026_130.0s.npy,ID02,mdvr_kcl,reading_passage,1,val,130.0,0.0
data/processed/audio_10s/val/ID02/ID02_pd_2_0_0_w027_135.0s.wav,data/processed/features_10s/val/ID02/ID02_pd_2_0_0_w027_135.0s.npy,ID02,mdvr_kcl,reading_passage,1,val,135.0,0.0
data/processed/audio_10s/val/ID02/ID02_pd_2_0_0_w028_140.0s.wav,data/processed/features_10s/val/ID02/ID02_pd_2_0_0_w028_140.0s.npy,ID02,mdvr_kcl,reading_passage,1,val,140.0,0.0
data/processed/audio_10s/val/ID02/ID02_pd_2_0_0_w029_145.0s.wav,data/processed/features_10s/val/ID02/ID02_pd_2_0_0_w029_145.0s.npy,ID02,mdvr_kcl,reading_passage,1,val,145.0,0.0
data/processed/audio_10s/test/ID04/ID04_pd_2_0_1_w000_0.0s.wav,data/processed/features_10s/test/ID04/ID04_pd_2_0_1_w000_0.0s.npy,ID04,mdvr_kcl,reading_passage,1,test,0.0,0.0
data/processed/audio_10s/test/ID04/ID04_pd_2_0_1_w001_5.0s.wav,data/processed/features_10s/test/ID04/ID04_pd_2_0_1_w001_5.0s.npy,ID04,mdvr_kcl,reading_passage,1,test,5.0,0.0
data/processed/audio_10s/test/ID04/ID04_pd_2_0_1_w002_10.0s.wav,data/processed/features_10s/test/ID04/ID04_pd_2_0_1_w002_10.0s.npy,ID04,mdvr_kcl,reading_passage,1,test,10.0,0.0
data/processed/audio_10s/test/ID04/ID04_pd_2_0_1_w003_15.0s.wav,data/processed/features_10s/test/ID04/ID04_pd_2_0_1_w003_15.0s.npy,ID04,mdvr_kcl,reading_passage,1,test,15.0,0.0
data/processed/audio_10s/test/ID04/ID04_pd_2_0_1_w004_20.0s.wav,data/processed/features_10s/test/ID04/ID04_pd_2_0_1_w004_20.0s.npy,ID04,mdvr_kcl,reading_passage,1,test,20.0,0.0
data/processed/audio_10s/test/ID04/ID04_pd_2_0_1_w005_25.0s.wav,data/processed/features_10s/test/ID04/ID04_pd_2_0_1_w005_25.0s.npy,ID04,mdvr_kcl,reading_passage,1,test,25.0,0.0
data/processed/audio_10s/test/ID04/ID04_pd_2_0_1_w006_30.0s.wav,data/processed/features_10s/test/ID04/ID04_pd_2_0_1_w006_30.0s.npy,ID04,mdvr_kcl,reading_passage,1,test,30.0,0.0
data/processed/audio_10s/test/ID04/ID04_pd_2_0_1_w007_35.0s.wav,data/processed/features_10s/test/ID04/ID04_pd_2_0_1_w007_35.0s.npy,ID04,mdvr_kcl,reading_passage,1,test,35.0,0.0
data/processed/audio_10s/test/ID04/ID04_pd_2_0_1_w008_40.0s.wav,data/processed/features_10s/test/ID04/ID04_pd_2_0_1_w008_40.0s.npy,ID04,mdvr_kcl,reading_passage,1,test,40.0,0.0
data/processed/audio_10s/test/ID04/ID04_pd_2_0_1_w009_45.0s.wav,data/processed/features_10s/test/ID04/ID04_pd_2_0_1_w009_45.0s.npy,ID04,mdvr_kcl,reading_passage,1,test,45.0,0.0
data/processed/audio_10s/test/ID04/ID04_pd_2_0_1_w010_50.0s.wav,data/processed/features_10s/test/ID04/ID04_pd_2_0_1_w010_50.0s.npy,ID04,mdvr_kcl,reading_passage,1,test,50.0,0.0
data/processed/audio_10s/test/ID04/ID04_pd_2_0_1_w011_55.0s.wav,data/processed/features_10s/test/ID04/ID04_pd_2_0_1_w011_55.0s.npy,ID04,mdvr_kcl,reading_passage,1,test,55.0,0.0
data/processed/audio_10s/test/ID04/ID04_pd_2_0_1_w012_60.0s.wav,data/processed/features_10s/test/ID04/ID04_pd_2_0_1_w012_60.0s.npy,ID04,mdvr_kcl,reading_passage,1,test,60.0,0.0
data/processed/audio_10s/test/ID04/ID04_pd_2_0_1_w013_65.0s.wav,data/processed/features_10s/test/ID04/ID04_pd_2_0_1_w013_65.0s.npy,ID04,mdvr_kcl,reading_passage,1,test,65.0,0.0
data/processed/audio_10s/test/ID04/ID04_pd_2_0_1_w014_70.0s.wav,data/processed/features_10s/test/ID04/ID04_pd_2_0_1_w014_70.0s.npy,ID04,mdvr_kcl,reading_passage,1,test,70.0,0.0
data/processed/audio_10s/test/ID04/ID04_pd_2_0_1_w015_75.0s.wav,data/processed/features_10s/test/ID04/ID04_pd_2_0_1_w015_75.0s.npy,ID04,mdvr_kcl,reading_passage,1,test,75.0,0.0
data/processed/audio_10s/test/ID04/ID04_pd_2_0_1_w016_80.0s.wav,data/processed/features_10s/test/ID04/ID04_pd_2_0_1_w016_80.0s.npy,ID04,mdvr_kcl,reading_passage,1,test,80.0,0.0
data/processed/audio_10s/test/ID04/ID04_pd_2_0_1_w017_85.0s.wav,data/processed/features_10s/test/ID04/ID04_pd_2_0_1_w017_85.0s.npy,ID04,mdvr_kcl,reading_passage,1,test,85.0,0.0
data/processed/audio_10s/test/ID04/ID04_pd_2_0_1_w018_90.0s.wav,data/processed/features_10s/test/ID04/ID04_pd_2_0_1_w018_90.0s.npy,ID04,mdvr_kcl,reading_passage,1,test,90.0,0.0
data/processed/audio_10s/test/ID04/ID04_pd_2_0_1_w019_95.0s.wav,data/processed/features_10s/test/ID04/ID04_pd_2_0_1_w019_95.0s.npy,ID04,mdvr_kcl,reading_passage,1,test,95.0,0.0
data/processed/audio_10s/test/ID04/ID04_pd_2_0_1_w020_100.0s.wav,data/processed/features_10s/test/ID04/ID04_pd_2_0_1_w020_100.0s.npy,ID04,mdvr_kcl,reading_passage,1,test,100.0,0.0
data/processed/audio_10s/test/ID04/ID04_pd_2_0_1_w021_105.0s.wav,data/processed/features_10s/test/ID04/ID04_pd_2_0_1_w021_105.0s.npy,ID04,mdvr_kcl,reading_passage,1,test,105.0,0.0
data/processed/audio_10s/test/ID04/ID04_pd_2_0_1_w022_110.0s.wav,data/processed/features_10s/test/ID04/ID04_pd_2_0_1_w022_110.0s.npy,ID04,mdvr_kcl,reading_passage,1,test,110.0,0.0
data/processed/audio_10s/train/ID06/ID06_pd_3_1_1_w000_0.0s.wav,data/processed/features_10s/train/ID06/ID06_pd_3_1_1_w000_0.0s.npy,ID06,mdvr_kcl,reading_passage,1,train,0.0,0.0
data/processed/audio_10s/train/ID06/ID06_pd_3_1_1_w001_5.0s.wav,data/processed/features_10s/train/ID06/ID06_pd_3_1_1_w001_5.0s.npy,ID06,mdvr_kcl,reading_passage,1,train,5.0,0.0
data/processed/audio_10s/train/ID06/ID06_pd_3_1_1_w002_10.0s.wav,data/processed/features_10s/train/ID06/ID06_pd_3_1_1_w002_10.0s.npy,ID06,mdvr_kcl,reading_passage,1,train,10.0,0.0
data/processed/audio_10s/train/ID06/ID06_pd_3_1_1_w003_15.0s.wav,data/processed/features_10s/train/ID06/ID06_pd_3_1_1_w003_15.0s.npy,ID06,mdvr_kcl,reading_passage,1,train,15.0,0.0
data/processed/audio_10s/train/ID06/ID06_pd_3_1_1_w004_20.0s.wav,data/processed/features_10s/train/ID06/ID06_pd_3_1_1_w004_20.0s.npy,ID06,mdvr_kcl,reading_passage,1,train,20.0,0.0
data/processed/audio_10s/train/ID06/ID06_pd_3_1_1_w005_25.0s.wav,data/processed/features_10s/train/ID06/ID06_pd_3_1_1_w005_25.0s.npy,ID06,mdvr_kcl,reading_passage,1,train,25.0,0.0
data/processed/audio_10s/train/ID06/ID06_pd_3_1_1_w006_30.0s.wav,data/processed/features_10s/train/ID06/ID06_pd_3_1_1_w006_30.0s.npy,ID06,mdvr_kcl,reading_passage,1,train,30.0,0.0
data/processed/audio_10s/train/ID06/ID06_pd_3_1_1_w007_35.0s.wav,data/processed/features_10s/train/ID06/ID06_pd_3_1_1_w007_35.0s.npy,ID06,mdvr_kcl,reading_passage,1,train,35.0,0.0
data/processed/audio_10s/train/ID06/ID06_pd_3_1_1_w008_40.0s.wav,data/processed/features_10s/train/ID06/ID06_pd_3_1_1_w008_40.0s.npy,ID06,mdvr_kcl,reading_passage,1,train,40.0,0.0
data/processed/audio_10s/train/ID06/ID06_pd_3_1_1_w009_45.0s.wav,data/processed/features_10s/train/ID06/ID06_pd_3_1_1_w009_45.0s.npy,ID06,mdvr_kcl,reading_passage,1,train,45.0,0.0
data/processed/audio_10s/train/ID06/ID06_pd_3_1_1_w010_50.0s.wav,data/processed/features_10s/train/ID06/ID06_pd_3_1_1_w010_50.0s.npy,ID06,mdvr_kcl,reading_passage,1,train,50.0,0.0
data/processed/audio_10s/train/ID06/ID06_pd_3_1_1_w011_55.0s.wav,data/processed/features_10s/train/ID06/ID06_pd_3_1_1_w011_55.0s.npy,ID06,mdvr_kcl,reading_passage,1,train,55.0,0.0
data/processed/audio_10s/train/ID06/ID06_pd_3_1_1_w012_60.0s.wav,data/processed/features_10s/train/ID06/ID06_pd_3_1_1_w012_60.0s.npy,ID06,mdvr_kcl,reading_passage,1,train,60.0,0.0
data/processed/audio_10s/train/ID06/ID06_pd_3_1_1_w013_65.0s.wav,data/processed/features_10s/train/ID06/ID06_pd_3_1_1_w013_65.0s.npy,ID06,mdvr_kcl,reading_passage,1,train,65.0,0.0
data/processed/audio_10s/train/ID06/ID06_pd_3_1_1_w014_70.0s.wav,data/processed/features_10s/train/ID06/ID06_pd_3_1_1_w014_70.0s.npy,ID06,mdvr_kcl,reading_passage,1,train,70.0,0.0
data/processed/audio_10s/train/ID06/ID06_pd_3_1_1_w015_75.0s.wav,data/processed/features_10s/train/ID06/ID06_pd_3_1_1_w015_75.0s.npy,ID06,mdvr_kcl,reading_passage,1,train,75.0,0.0
data/processed/audio_10s/train/ID06/ID06_pd_3_1_1_w016_80.0s.wav,data/processed/features_10s/train/ID06/ID06_pd_3_1_1_w016_80.0s.npy,ID06,mdvr_kcl,reading_passage,1,train,80.0,0.0
data/processed/audio_10s/train/ID06/ID06_pd_3_1_1_w017_85.0s.wav,data/processed/features_10s/train/ID06/ID06_pd_3_1_1_w017_85.0s.npy,ID06,mdvr_kcl,reading_passage,1,train,85.0,0.0
data/processed/audio_10s/train/ID06/ID06_pd_3_1_1_w018_90.0s.wav,data/processed/features_10s/train/ID06/ID06_pd_3_1_1_w018_90.0s.npy,ID06,mdvr_kcl,reading_passage,1,train,90.0,0.0
data/processed/audio_10s/train/ID06/ID06_pd_3_1_1_w019_95.0s.wav,data/processed/features_10s/train/ID06/ID06_pd_3_1_1_w019_95.0s.npy,ID06,mdvr_kcl,reading_passage,1,train,95.0,0.0
data/processed/audio_10s/train/ID06/ID06_pd_3_1_1_w020_100.0s.wav,data/processed/features_10s/train/ID06/ID06_pd_3_1_1_w020_100.0s.npy,ID06,mdvr_kcl,reading_passage,1,train,100.0,0.0
data/processed/audio_10s/train/ID06/ID06_pd_3_1_1_w021_105.0s.wav,data/processed/features_10s/train/ID06/ID06_pd_3_1_1_w021_105.0s.npy,ID06,mdvr_kcl,reading_passage,1,train,105.0,0.0
data/processed/audio_10s/train/ID06/ID06_pd_3_1_1_w022_110.0s.wav,data/processed/features_10s/train/ID06/ID06_pd_3_1_1_w022_110.0s.npy,ID06,mdvr_kcl,reading_passage,1,train,110.0,0.0
data/processed/audio_10s/train/ID06/ID06_pd_3_1_1_w023_115.0s.wav,data/processed/features_10s/train/ID06/ID06_pd_3_1_1_w023_115.0s.npy,ID06,mdvr_kcl,reading_passage,1,train,115.0,0.0
data/processed/audio_10s/train/ID06/ID06_pd_3_1_1_w024_120.0s.wav,data/processed/features_10s/train/ID06/ID06_pd_3_1_1_w024_120.0s.npy,ID06,mdvr_kcl,reading_passage,1,train,120.0,0.0
data/processed/audio_10s/train/ID06/ID06_pd_3_1_1_w025_125.0s.wav,data/processed/features_10s/train/ID06/ID06_pd_3_1_1_w025_125.0s.npy,ID06,mdvr_kcl,reading_passage,1,train,125.0,0.0
data/processed/audio_10s/train/ID06/ID06_pd_3_1_1_w026_130.0s.wav,data/processed/features_10s/train/ID06/ID06_pd_3_1_1_w026_130.0s.npy,ID06,mdvr_kcl,reading_passage,1,train,130.0,0.0
data/processed/audio_10s/train/ID06/ID06_pd_3_1_1_w027_135.0s.wav,data/processed/features_10s/train/ID06/ID06_pd_3_1_1_w027_135.0s.npy,ID06,mdvr_kcl,reading_passage,1,train,135.0,0.0
data/processed/audio_10s/train/ID06/ID06_pd_3_1_1_w028_140.0s.wav,data/processed/features_10s/train/ID06/ID06_pd_3_1_1_w028_140.0s.npy,ID06,mdvr_kcl,reading_passage,1,train,140.0,0.0
data/processed/audio_10s/train/ID06/ID06_pd_3_1_1_w029_145.0s.wav,data/processed/features_10s/train/ID06/ID06_pd_3_1_1_w029_145.0s.npy,ID06,mdvr_kcl,reading_passage,1,train,145.0,0.0
data/processed/audio_10s/train/ID06/ID06_pd_3_1_1_w030_150.0s.wav,data/processed/features_10s/train/ID06/ID06_pd_3_1_1_w030_150.0s.npy,ID06,mdvr_kcl,reading_passage,1,train,150.0,0.0
data/processed/audio_10s/train/ID06/ID06_pd_3_1_1_w031_155.0s.wav,data/processed/features_10s/train/ID06/ID06_pd_3_1_1_w031_155.0s.npy,ID06,mdvr_kcl,reading_passage,1,train,155.0,0.0
data/processed/audio_10s/train/ID06/ID06_pd_3_1_1_w032_160.0s.wav,data/processed/features_10s/train/ID06/ID06_pd_3_1_1_w032_160.0s.npy,ID06,mdvr_kcl,reading_passage,1,train,160.0,0.0
data/processed/audio_10s/train/ID06/ID06_pd_3_1_1_w033_165.0s.wav,data/processed/features_10s/train/ID06/ID06_pd_3_1_1_w033_165.0s.npy,ID06,mdvr_kcl,reading_passage,1,train,165.0,0.0
data/processed/audio_10s/train/ID07/ID07_pd_2_0_0_w000_0.0s.wav,data/processed/features_10s/train/ID07/ID07_pd_2_0_0_w000_0.0s.npy,ID07,mdvr_kcl,reading_passage,1,train,0.0,0.0
data/processed/audio_10s/train/ID07/ID07_pd_2_0_0_w001_5.0s.wav,data/processed/features_10s/train/ID07/ID07_pd_2_0_0_w001_5.0s.npy,ID07,mdvr_kcl,reading_passage,1,train,5.0,0.0
data/processed/audio_10s/train/ID07/ID07_pd_2_0_0_w002_10.0s.wav,data/processed/features_10s/train/ID07/ID07_pd_2_0_0_w002_10.0s.npy,ID07,mdvr_kcl,reading_passage,1,train,10.0,0.0
data/processed/audio_10s/train/ID07/ID07_pd_2_0_0_w003_15.0s.wav,data/processed/features_10s/train/ID07/ID07_pd_2_0_0_w003_15.0s.npy,ID07,mdvr_kcl,reading_passage,1,train,15.0,0.0
data/processed/audio_10s/train/ID07/ID07_pd_2_0_0_w004_20.0s.wav,data/processed/features_10s/train/ID07/ID07_pd_2_0_0_w004_20.0s.npy,ID07,mdvr_kcl,reading_passage,1,train,20.0,0.0
data/processed/audio_10s/train/ID07/ID07_pd_2_0_0_w005_25.0s.wav,data/processed/features_10s/train/ID07/ID07_pd_2_0_0_w005_25.0s.npy,ID07,mdvr_kcl,reading_passage,1,train,25.0,0.0
data/processed/audio_10s/train/ID07/ID07_pd_2_0_0_w006_30.0s.wav,data/processed/features_10s/train/ID07/ID07_pd_2_0_0_w006_30.0s.npy,ID07,mdvr_kcl,reading_passage,1,train,30.0,0.0
data/processed/audio_10s/train/ID07/ID07_pd_2_0_0_w007_35.0s.wav,data/processed/features_10s/train/ID07/ID07_pd_2_0_0_w007_35.0s.npy,ID07,mdvr_kcl,reading_passage,1,train,35.0,0.0
data/processed/audio_10s/train/ID07/ID07_pd_2_0_0_w008_40.0s.wav,data/processed/features_10s/train/ID07/ID07_pd_2_0_0_w008_40.0s.npy,ID07,mdvr_kcl,reading_passage,1,train,40.0,0.0
data/processed/audio_10s/train/ID07/ID07_pd_2_0_0_w009_45.0s.wav,data/processed/features_10s/train/ID07/ID07_pd_2_0_0_w009_45.0s.npy,ID07,mdvr_kcl,reading_passage,1,train,45.0,0.0
data/processed/audio_10s/train/ID07/ID07_pd_2_0_0_w010_50.0s.wav,data/processed/features_10s/train/ID07/ID07_pd_2_0_0_w010_50.0s.npy,ID07,mdvr_kcl,reading_passage,1,train,50.0,0.0
data/processed/audio_10s/train/ID07/ID07_pd_2_0_0_w011_55.0s.wav,data/processed/features_10s/train/ID07/ID07_pd_2_0_0_w011_55.0s.npy,ID07,mdvr_kcl,reading_passage,1,train,55.0,0.0
data/processed/audio_10s/train/ID07/ID07_pd_2_0_0_w012_60.0s.wav,data/processed/features_10s/train/ID07/ID07_pd_2_0_0_w012_60.0s.npy,ID07,mdvr_kcl,reading_passage,1,train,60.0,0.0
data/processed/audio_10s/train/ID07/ID07_pd_2_0_0_w013_65.0s.wav,data/processed/features_10s/train/ID07/ID07_pd_2_0_0_w013_65.0s.npy,ID07,mdvr_kcl,reading_passage,1,train,65.0,0.0
data/processed/audio_10s/train/ID07/ID07_pd_2_0_0_w014_70.0s.wav,data/processed/features_10s/train/ID07/ID07_pd_2_0_0_w014_70.0s.npy,ID07,mdvr_kcl,reading_passage,1,train,70.0,0.0
data/processed/audio_10s/train/ID07/ID07_pd_2_0_0_w015_75.0s.wav,data/processed/features_10s/train/ID07/ID07_pd_2_0_0_w015_75.0s.npy,ID07,mdvr_kcl,reading_passage,1,train,75.0,0.0
data/processed/audio_10s/train/ID07/ID07_pd_2_0_0_w016_80.0s.wav,data/processed/features_10s/train/ID07/ID07_pd_2_0_0_w016_80.0s.npy,ID07,mdvr_kcl,reading_passage,1,train,80.0,0.0
data/processed/audio_10s/train/ID07/ID07_pd_2_0_0_w017_85.0s.wav,data/processed/features_10s/train/ID07/ID07_pd_2_0_0_w017_85.0s.npy,ID07,mdvr_kcl,reading_passage,1,train,85.0,0.0
data/processed/audio_10s/train/ID07/ID07_pd_2_0_0_w018_90.0s.wav,data/processed/features_10s/train/ID07/ID07_pd_2_0_0_w018_90.0s.npy,ID07,mdvr_kcl,reading_passage,1,train,90.0,0.0
data/processed/audio_10s/train/ID07/ID07_pd_2_0_0_w019_95.0s.wav,data/processed/features_10s/train/ID07/ID07_pd_2_0_0_w019_95.0s.npy,ID07,mdvr_kcl,reading_passage,1,train,95.0,0.0
data/processed/audio_10s/train/ID07/ID07_pd_2_0_0_w020_100.0s.wav,data/processed/features_10s/train/ID07/ID07_pd_2_0_0_w020_100.0s.npy,ID07,mdvr_kcl,reading_passage,1,train,100.0,0.0
data/processed/audio_10s/train/ID07/ID07_pd_2_0_0_w021_105.0s.wav,data/processed/features_10s/train/ID07/ID07_pd_2_0_0_w021_105.0s.npy,ID07,mdvr_kcl,reading_passage,1,train,105.0,0.0
data/processed/audio_10s/train/ID07/ID07_pd_2_0_0_w022_110.0s.wav,data/processed/features_10s/train/ID07/ID07_pd_2_0_0_w022_110.0s.npy,ID07,mdvr_kcl,reading_passage,1,train,110.0,0.0
data/processed/audio_10s/train/ID07/ID07_pd_2_0_0_w023_115.0s.wav,data/processed/features_10s/train/ID07/ID07_pd_2_0_0_w023_115.0s.npy,ID07,mdvr_kcl,reading_passage,1,train,115.0,0.0
data/processed/audio_10s/train/ID07/ID07_pd_2_0_0_w024_120.0s.wav,data/processed/features_10s/train/ID07/ID07_pd_2_0_0_w024_120.0s.npy,ID07,mdvr_kcl,reading_passage,1,train,120.0,0.0
data/processed/audio_10s/train/ID07/ID07_pd_2_0_0_w025_125.0s.wav,data/processed/features_10s/train/ID07/ID07_pd_2_0_0_w025_125.0s.npy,ID07,mdvr_kcl,reading_passage,1,train,125.0,0.0
data/processed/audio_10s/train/ID07/ID07_pd_2_0_0_w026_130.0s.wav,data/processed/features_10s/train/ID07/ID07_pd_2_0_0_w026_130.0s.npy,ID07,mdvr_kcl,reading_passage,1,train,130.0,0.0
data/processed/audio_10s/train/ID07/ID07_pd_2_0_0_w027_135.0s.wav,data/processed/features_10s/train/ID07/ID07_pd_2_0_0_w027_135.0s.npy,ID07,mdvr_kcl,reading_passage,1,train,135.0,0.0
data/processed/audio_10s/test/ID13/ID13_pd_3_2_2_w000_0.0s.wav,data/processed/features_10s/test/ID13/ID13_pd_3_2_2_w000_0.0s.npy,ID13,mdvr_kcl,reading_passage,1,test,0.0,0.0
data/processed/audio_10s/test/ID13/ID13_pd_3_2_2_w001_5.0s.wav,data/processed/features_10s/test/ID13/ID13_pd_3_2_2_w001_5.0s.npy,ID13,mdvr_kcl,reading_passage,1,test,5.0,0.0
data/processed/audio_10s/test/ID13/ID13_pd_3_2_2_w002_10.0s.wav,data/processed/features_10s/test/ID13/ID13_pd_3_2_2_w002_10.0s.npy,ID13,mdvr_kcl,reading_passage,1,test,10.0,0.0
data/processed/audio_10s/test/ID13/ID13_pd_3_2_2_w003_15.0s.wav,data/processed/features_10s/test/ID13/ID13_pd_3_2_2_w003_15.0s.npy,ID13,mdvr_kcl,reading_passage,1,test,15.0,0.0
data/processed/audio_10s/test/ID13/ID13_pd_3_2_2_w004_20.0s.wav,data/processed/features_10s/test/ID13/ID13_pd_3_2_2_w004_20.0s.npy,ID13,mdvr_kcl,reading_passage,1,test,20.0,0.0
data/processed/audio_10s/test/ID13/ID13_pd_3_2_2_w005_25.0s.wav,data/processed/features_10s/test/ID13/ID13_pd_3_2_2_w005_25.0s.npy,ID13,mdvr_kcl,reading_passage,1,test,25.0,0.0
data/processed/audio_10s/test/ID13/ID13_pd_3_2_2_w006_30.0s.wav,data/processed/features_10s/test/ID13/ID13_pd_3_2_2_w006_30.0s.npy,ID13,mdvr_kcl,reading_passage,1,test,30.0,0.0
data/processed/audio_10s/test/ID13/ID13_pd_3_2_2_w007_35.0s.wav,data/processed/features_10s/test/ID13/ID13_pd_3_2_2_w007_35.0s.npy,ID13,mdvr_kcl,reading_passage,1,test,35.0,0.0
data/processed/audio_10s/test/ID13/ID13_pd_3_2_2_w008_40.0s.wav,data/processed/features_10s/test/ID13/ID13_pd_3_2_2_w008_40.0s.npy,ID13,mdvr_kcl,reading_passage,1,test,40.0,0.0
data/processed/audio_10s/test/ID13/ID13_pd_3_2_2_w009_45.0s.wav,data/processed/features_10s/test/ID13/ID13_pd_3_2_2_w009_45.0s.npy,ID13,mdvr_kcl,reading_passage,1,test,45.0,0.0
data/processed/audio_10s/test/ID13/ID13_pd_3_2_2_w010_50.0s.wav,data/processed/features_10s/test/ID13/ID13_pd_3_2_2_w010_50.0s.npy,ID13,mdvr_kcl,reading_passage,1,test,50.0,0.0
data/processed/audio_10s/test/ID13/ID13_pd_3_2_2_w011_55.0s.wav,data/processed/features_10s/test/ID13/ID13_pd_3_2_2_w011_55.0s.npy,ID13,mdvr_kcl,reading_passage,1,test,55.0,0.0
data/processed/audio_10s/test/ID13/ID13_pd_3_2_2_w012_60.0s.wav,data/processed/features_10s/test/ID13/ID13_pd_3_2_2_w012_60.0s.npy,ID13,mdvr_kcl,reading_passage,1,test,60.0,0.0
data/processed/audio_10s/test/ID13/ID13_pd_3_2_2_w013_65.0s.wav,data/processed/features_10s/test/ID13/ID13_pd_3_2_2_w013_65.0s.npy,ID13,mdvr_kcl,reading_passage,1,test,65.0,0.0
data/processed/audio_10s/test/ID13/ID13_pd_3_2_2_w014_70.0s.wav,data/processed/features_10s/test/ID13/ID13_pd_3_2_2_w014_70.0s.npy,ID13,mdvr_kcl,reading_passage,1,test,70.0,0.0
data/processed/audio_10s/test/ID13/ID13_pd_3_2_2_w015_75.0s.wav,data/processed/features_10s/test/ID13/ID13_pd_3_2_2_w015_75.0s.npy,ID13,mdvr_kcl,reading_passage,1,test,75.0,0.0
data/processed/audio_10s/test/ID13/ID13_pd_3_2_2_w016_80.0s.wav,data/processed/features_10s/test/ID13/ID13_pd_3_2_2_w016_80.0s.npy,ID13,mdvr_kcl,reading_passage,1,test,80.0,0.0
data/processed/audio_10s/train/ID16/ID16_pd_2_0_0_w000_0.0s.wav,data/processed/features_10s/train/ID16/ID16_pd_2_0_0_w000_0.0s.npy,ID16,mdvr_kcl,reading_passage,1,train,0.0,0.0
data/processed/audio_10s/train/ID16/ID16_pd_2_0_0_w001_5.0s.wav,data/processed/features_10s/train/ID16/ID16_pd_2_0_0_w001_5.0s.npy,ID16,mdvr_kcl,reading_passage,1,train,5.0,0.0
data/processed/audio_10s/train/ID16/ID16_pd_2_0_0_w002_10.0s.wav,data/processed/features_10s/train/ID16/ID16_pd_2_0_0_w002_10.0s.npy,ID16,mdvr_kcl,reading_passage,1,train,10.0,0.0
data/processed/audio_10s/train/ID16/ID16_pd_2_0_0_w003_15.0s.wav,data/processed/features_10s/train/ID16/ID16_pd_2_0_0_w003_15.0s.npy,ID16,mdvr_kcl,reading_passage,1,train,15.0,0.0
data/processed/audio_10s/train/ID16/ID16_pd_2_0_0_w004_20.0s.wav,data/processed/features_10s/train/ID16/ID16_pd_2_0_0_w004_20.0s.npy,ID16,mdvr_kcl,reading_passage,1,train,20.0,0.0
data/processed/audio_10s/train/ID16/ID16_pd_2_0_0_w005_25.0s.wav,data/processed/features_10s/train/ID16/ID16_pd_2_0_0_w005_25.0s.npy,ID16,mdvr_kcl,reading_passage,1,train,25.0,0.0
data/processed/audio_10s/train/ID16/ID16_pd_2_0_0_w006_30.0s.wav,data/processed/features_10s/train/ID16/ID16_pd_2_0_0_w006_30.0s.npy,ID16,mdvr_kcl,reading_passage,1,train,30.0,0.0
data/processed/audio_10s/train/ID16/ID16_pd_2_0_0_w007_35.0s.wav,data/processed/features_10s/train/ID16/ID16_pd_2_0_0_w007_35.0s.npy,ID16,mdvr_kcl,reading_passage,1,train,35.0,0.0
data/processed/audio_10s/train/ID16/ID16_pd_2_0_0_w008_40.0s.wav,data/processed/features_10s/train/ID16/ID16_pd_2_0_0_w008_40.0s.npy,ID16,mdvr_kcl,reading_passage,1,train,40.0,0.0
data/processed/audio_10s/train/ID16/ID16_pd_2_0_0_w009_45.0s.wav,data/processed/features_10s/train/ID16/ID16_pd_2_0_0_w009_45.0s.npy,ID16,mdvr_kcl,reading_passage,1,train,45.0,0.0
data/processed/audio_10s/train/ID16/ID16_pd_2_0_0_w010_50.0s.wav,data/processed/features_10s/train/ID16/ID16_pd_2_0_0_w010_50.0s.npy,ID16,mdvr_kcl,reading_passage,1,train,50.0,0.0
data/processed/audio_10s/train/ID16/ID16_pd_2_0_0_w011_55.0s.wav,data/processed/features_10s/train/ID16/ID16_pd_2_0_0_w011_55.0s.npy,ID16,mdvr_kcl,reading_passage,1,train,55.0,0.0
data/processed/audio_10s/train/ID16/ID16_pd_2_0_0_w012_60.0s.wav,data/processed/features_10s/train/ID16/ID16_pd_2_0_0_w012_60.0s.npy,ID16,mdvr_kcl,reading_passage,1,train,60.0,0.0
data/processed/audio_10s/train/ID16/ID16_pd_2_0_0_w013_65.0s.wav,data/processed/features_10s/train/ID16/ID16_pd_2_0_0_w013_65.0s.npy,ID16,mdvr_kcl,reading_passage,1,train,65.0,0.0
data/processed/audio_10s/train/ID16/ID16_pd_2_0_0_w014_70.0s.wav,data/processed/features_10s/train/ID16/ID16_pd_2_0_0_w014_70.0s.npy,ID16,mdvr_kcl,reading_passage,1,train,70.0,0.0
data/processed/audio_10s/train/ID16/ID16_pd_2_0_0_w015_75.0s.wav,data/processed/features_10s/train/ID16/ID16_pd_2_0_0_w015_75.0s.npy,ID16,mdvr_kcl,reading_passage,1,train,75.0,0.0
data/processed/audio_10s/train/ID16/ID16_pd_2_0_0_w016_80.0s.wav,data/processed/features_10s/train/ID16/ID16_pd_2_0_0_w016_80.0s.npy,ID16,mdvr_kcl,reading_passage,1,train,80.0,0.0
data/processed/audio_10s/train/ID16/ID16_pd_2_0_0_w017_85.0s.wav,data/processed/features_10s/train/ID16/ID16_pd_2_0_0_w017_85.0s.npy,ID16,mdvr_kcl,reading_passage,1,train,85.0,0.0
data/processed/audio_10s/train/ID16/ID16_pd_2_0_0_w018_90.0s.wav,data/processed/features_10s/train/ID16/ID16_pd_2_0_0_w018_90.0s.npy,ID16,mdvr_kcl,reading_passage,1,train,90.0,0.0
data/processed/audio_10s/train/ID16/ID16_pd_2_0_0_w019_95.0s.wav,data/processed/features_10s/train/ID16/ID16_pd_2_0_0_w019_95.0s.npy,ID16,mdvr_kcl,reading_passage,1,train,95.0,0.0
data/processed/audio_10s/train/ID16/ID16_pd_2_0_0_w020_100.0s.wav,data/processed/features_10s/train/ID16/ID16_pd_2_0_0_w020_100.0s.npy,ID16,mdvr_kcl,reading_passage,1,train,100.0,0.0
data/processed/audio_10s/train/ID16/ID16_pd_2_0_0_w021_105.0s.wav,data/processed/features_10s/train/ID16/ID16_pd_2_0_0_w021_105.0s.npy,ID16,mdvr_kcl,reading_passage,1,train,105.0,0.0
data/processed/audio_10s/train/ID16/ID16_pd_2_0_0_w022_110.0s.wav,data/processed/features_10s/train/ID16/ID16_pd_2_0_0_w022_110.0s.npy,ID16,mdvr_kcl,reading_passage,1,train,110.0,0.0
data/processed/audio_10s/train/ID16/ID16_pd_2_0_0_w023_115.0s.wav,data/processed/features_10s/train/ID16/ID16_pd_2_0_0_w023_115.0s.npy,ID16,mdvr_kcl,reading_passage,1,train,115.0,0.0
data/processed/audio_10s/train/ID16/ID16_pd_2_0_0_w024_120.0s.wav,data/processed/features_10s/train/ID16/ID16_pd_2_0_0_w024_120.0s.npy,ID16,mdvr_kcl,reading_passage,1,train,120.0,0.0
data/processed/audio_10s/train/ID16/ID16_pd_2_0_0_w025_125.0s.wav,data/processed/features_10s/train/ID16/ID16_pd_2_0_0_w025_125.0s.npy,ID16,mdvr_kcl,reading_passage,1,train,125.0,0.0
data/processed/audio_10s/train/ID16/ID16_pd_2_0_0_w026_130.0s.wav,data/processed/features_10s/train/ID16/ID16_pd_2_0_0_w026_130.0s.npy,ID16,mdvr_kcl,reading_passage,1,train,130.0,0.0
data/processed/audio_10s/train/ID16/ID16_pd_2_0_0_w027_135.0s.wav,data/processed/features_10s/train/ID16/ID16_pd_2_0_0_w027_135.0s.npy,ID16,mdvr_kcl,reading_passage,1,train,135.0,0.0
data/processed/audio_10s/train/ID16/ID16_pd_2_0_0_w028_140.0s.wav,data/processed/features_10s/train/ID16/ID16_pd_2_0_0_w028_140.0s.npy,ID16,mdvr_kcl,reading_passage,1,train,140.0,0.0
data/processed/audio_10s/train/ID16/ID16_pd_2_0_0_w029_145.0s.wav,data/processed/features_10s/train/ID16/ID16_pd_2_0_0_w029_145.0s.npy,ID16,mdvr_kcl,reading_passage,1,train,145.0,0.0
data/processed/audio_10s/train/ID16/ID16_pd_2_0_0_w030_150.0s.wav,data/processed/features_10s/train/ID16/ID16_pd_2_0_0_w030_150.0s.npy,ID16,mdvr_kcl,reading_passage,1,train,150.0,0.0
data/processed/audio_10s/train/ID16/ID16_pd_2_0_0_w031_155.0s.wav,data/processed/features_10s/train/ID16/ID16_pd_2_0_0_w031_155.0s.npy,ID16,mdvr_kcl,reading_passage,1,train,155.0,0.0
data/processed/audio_10s/train/ID17/ID17_pd_2_1_0_w000_0.0s.wav,data/processed/features_10s/train/ID17/ID17_pd_2_1_0_w000_0.0s.npy,ID17,mdvr_kcl,reading_passage,1,train,0.0,0.0
data/processed/audio_10s/train/ID17/ID17_pd_2_1_0_w001_5.0s.wav,data/processed/features_10s/train/ID17/ID17_pd_2_1_0_w001_5.0s.npy,ID17,mdvr_kcl,reading_passage,1,train,5.0,0.0
data/processed/audio_10s/train/ID17/ID17_pd_2_1_0_w002_10.0s.wav,data/processed/features_10s/train/ID17/ID17_pd_2_1_0_w002_10.0s.npy,ID17,mdvr_kcl,reading_passage,1,train,10.0,0.0
data/processed/audio_10s/train/ID17/ID17_pd_2_1_0_w003_15.0s.wav,data/processed/features_10s/train/ID17/ID17_pd_2_1_0_w003_15.0s.npy,ID17,mdvr_kcl,reading_passage,1,train,15.0,0.0
data/processed/audio_10s/train/ID17/ID17_pd_2_1_0_w004_20.0s.wav,data/processed/features_10s/train/ID17/ID17_pd_2_1_0_w004_20.0s.npy,ID17,mdvr_kcl,reading_passage,1,train,20.0,0.0
data/processed/audio_10s/train/ID17/ID17_pd_2_1_0_w005_25.0s.wav,data/processed/features_10s/train/ID17/ID17_pd_2_1_0_w005_25.0s.npy,ID17,mdvr_kcl,reading_passage,1,train,25.0,0.0
data/processed/audio_10s/train/ID17/ID17_pd_2_1_0_w006_30.0s.wav,data/processed/features_10s/train/ID17/ID17_pd_2_1_0_w006_30.0s.npy,ID17,mdvr_kcl,reading_passage,1,train,30.0,0.0
data/processed/audio_10s/train/ID17/ID17_pd_2_1_0_w007_35.0s.wav,data/processed/features_10s/train/ID17/ID17_pd_2_1_0_w007_35.0s.npy,ID17,mdvr_kcl,reading_passage,1,train,35.0,0.0
data/processed/audio_10s/train/ID17/ID17_pd_2_1_0_w008_40.0s.wav,data/processed/features_10s/train/ID17/ID17_pd_2_1_0_w008_40.0s.npy,ID17,mdvr_kcl,reading_passage,1,train,40.0,0.0
data/processed/audio_10s/train/ID17/ID17_pd_2_1_0_w009_45.0s.wav,data/processed/features_10s/train/ID17/ID17_pd_2_1_0_w009_45.0s.npy,ID17,mdvr_kcl,reading_passage,1,train,45.0,0.0
data/processed/audio_10s/train/ID17/ID17_pd_2_1_0_w010_50.0s.wav,data/processed/features_10s/train/ID17/ID17_pd_2_1_0_w010_50.0s.npy,ID17,mdvr_kcl,reading_passage,1,train,50.0,0.0
data/processed/audio_10s/train/ID17/ID17_pd_2_1_0_w011_55.0s.wav,data/processed/features_10s/train/ID17/ID17_pd_2_1_0_w011_55.0s.npy,ID17,mdvr_kcl,reading_passage,1,train,55.0,0.0
data/processed/audio_10s/train/ID17/ID17_pd_2_1_0_w012_60.0s.wav,data/processed/features_10s/train/ID17/ID17_pd_2_1_0_w012_60.0s.npy,ID17,mdvr_kcl,reading_passage,1,train,60.0,0.0
data/processed/audio_10s/train/ID17/ID17_pd_2_1_0_w013_65.0s.wav,data/processed/features_10s/train/ID17/ID17_pd_2_1_0_w013_65.0s.npy,ID17,mdvr_kcl,reading_passage,1,train,65.0,0.0
data/processed/audio_10s/train/ID17/ID17_pd_2_1_0_w014_70.0s.wav,data/processed/features_10s/train/ID17/ID17_pd_2_1_0_w014_70.0s.npy,ID17,mdvr_kcl,reading_passage,1,train,70.0,0.0
data/processed/audio_10s/train/ID17/ID17_pd_2_1_0_w015_75.0s.wav,data/processed/features_10s/train/ID17/ID17_pd_2_1_0_w015_75.0s.npy,ID17,mdvr_kcl,reading_passage,1,train,75.0,0.0
data/processed/audio_10s/train/ID17/ID17_pd_2_1_0_w016_80.0s.wav,data/processed/features_10s/train/ID17/ID17_pd_2_1_0_w016_80.0s.npy,ID17,mdvr_kcl,reading_passage,1,train,80.0,0.0
data/processed/audio_10s/train/ID17/ID17_pd_2_1_0_w017_85.0s.wav,data/processed/features_10s/train/ID17/ID17_pd_2_1_0_w017_85.0s.npy,ID17,mdvr_kcl,reading_passage,1,train,85.0,0.0
data/processed/audio_10s/train/ID17/ID17_pd_2_1_0_w018_90.0s.wav,data/processed/features_10s/train/ID17/ID17_pd_2_1_0_w018_90.0s.npy,ID17,mdvr_kcl,reading_passage,1,train,90.0,0.0
data/processed/audio_10s/train/ID17/ID17_pd_2_1_0_w019_95.0s.wav,data/processed/features_10s/train/ID17/ID17_pd_2_1_0_w019_95.0s.npy,ID17,mdvr_kcl,reading_passage,1,train,95.0,0.0
data/processed/audio_10s/train/ID18/ID18_pd_4_3_3_w000_0.0s.wav,data/processed/features_10s/train/ID18/ID18_pd_4_3_3_w000_0.0s.npy,ID18,mdvr_kcl,reading_passage,1,train,0.0,0.0
data/processed/audio_10s/train/ID18/ID18_pd_4_3_3_w001_5.0s.wav,data/processed/features_10s/train/ID18/ID18_pd_4_3_3_w001_5.0s.npy,ID18,mdvr_kcl,reading_passage,1,train,5.0,0.0
data/processed/audio_10s/train/ID18/ID18_pd_4_3_3_w002_10.0s.wav,data/processed/features_10s/train/ID18/ID18_pd_4_3_3_w002_10.0s.npy,ID18,mdvr_kcl,reading_passage,1,train,10.0,0.0
data/processed/audio_10s/train/ID18/ID18_pd_4_3_3_w003_15.0s.wav,data/processed/features_10s/train/ID18/ID18_pd_4_3_3_w003_15.0s.npy,ID18,mdvr_kcl,reading_passage,1,train,15.0,0.0
data/processed/audio_10s/train/ID18/ID18_pd_4_3_3_w004_20.0s.wav,data/processed/features_10s/train/ID18/ID18_pd_4_3_3_w004_20.0s.npy,ID18,mdvr_kcl,reading_passage,1,train,20.0,0.0
data/processed/audio_10s/train/ID18/ID18_pd_4_3_3_w005_25.0s.wav,data/processed/features_10s/train/ID18/ID18_pd_4_3_3_w005_25.0s.npy,ID18,mdvr_kcl,reading_passage,1,train,25.0,0.0
data/processed/audio_10s/train/ID18/ID18_pd_4_3_3_w006_30.0s.wav,data/processed/features_10s/train/ID18/ID18_pd_4_3_3_w006_30.0s.npy,ID18,mdvr_kcl,reading_passage,1,train,30.0,0.0
data/processed/audio_10s/train/ID18/ID18_pd_4_3_3_w007_35.0s.wav,data/processed/features_10s/train/ID18/ID18_pd_4_3_3_w007_35.0s.npy,ID18,mdvr_kcl,reading_passage,1,train,35.0,0.0
data/processed/audio_10s/train/ID18/ID18_pd_4_3_3_w008_40.0s.wav,data/processed/features_10s/train/ID18/ID18_pd_4_3_3_w008_40.0s.npy,ID18,mdvr_kcl,reading_passage,1,train,40.0,0.0
data/processed/audio_10s/train/ID18/ID18_pd_4_3_3_w009_45.0s.wav,data/processed/features_10s/train/ID18/ID18_pd_4_3_3_w009_45.0s.npy,ID18,mdvr_kcl,reading_passage,1,train,45.0,0.0
data/processed/audio_10s/train/ID18/ID18_pd_4_3_3_w010_50.0s.wav,data/processed/features_10s/train/ID18/ID18_pd_4_3_3_w010_50.0s.npy,ID18,mdvr_kcl,reading_passage,1,train,50.0,0.0
data/processed/audio_10s/train/ID18/ID18_pd_4_3_3_w011_55.0s.wav,data/processed/features_10s/train/ID18/ID18_pd_4_3_3_w011_55.0s.npy,ID18,mdvr_kcl,reading_passage,1,train,55.0,0.0
data/processed/audio_10s/train/ID18/ID18_pd_4_3_3_w012_60.0s.wav,data/processed/features_10s/train/ID18/ID18_pd_4_3_3_w012_60.0s.npy,ID18,mdvr_kcl,reading_passage,1,train,60.0,0.0
data/processed/audio_10s/train/ID18/ID18_pd_4_3_3_w013_65.0s.wav,data/processed/features_10s/train/ID18/ID18_pd_4_3_3_w013_65.0s.npy,ID18,mdvr_kcl,reading_passage,1,train,65.0,0.0
data/processed/audio_10s/train/ID18/ID18_pd_4_3_3_w014_70.0s.wav,data/processed/features_10s/train/ID18/ID18_pd_4_3_3_w014_70.0s.npy,ID18,mdvr_kcl,reading_passage,1,train,70.0,0.0
data/processed/audio_10s/train/ID20/ID20_pd_3_0_1_w000_0.0s.wav,data/processed/features_10s/train/ID20/ID20_pd_3_0_1_w000_0.0s.npy,ID20,mdvr_kcl,reading_passage,1,train,0.0,0.0
data/processed/audio_10s/train/ID20/ID20_pd_3_0_1_w001_5.0s.wav,data/processed/features_10s/train/ID20/ID20_pd_3_0_1_w001_5.0s.npy,ID20,mdvr_kcl,reading_passage,1,train,5.0,0.0
data/processed/audio_10s/train/ID20/ID20_pd_3_0_1_w002_10.0s.wav,data/processed/features_10s/train/ID20/ID20_pd_3_0_1_w002_10.0s.npy,ID20,mdvr_kcl,reading_passage,1,train,10.0,0.0
data/processed/audio_10s/train/ID20/ID20_pd_3_0_1_w003_15.0s.wav,data/processed/features_10s/train/ID20/ID20_pd_3_0_1_w003_15.0s.npy,ID20,mdvr_kcl,reading_passage,1,train,15.0,0.0
data/processed/audio_10s/train/ID20/ID20_pd_3_0_1_w004_20.0s.wav,data/processed/features_10s/train/ID20/ID20_pd_3_0_1_w004_20.0s.npy,ID20,mdvr_kcl,reading_passage,1,train,20.0,0.0
data/processed/audio_10s/train/ID20/ID20_pd_3_0_1_w005_25.0s.wav,data/processed/features_10s/train/ID20/ID20_pd_3_0_1_w005_25.0s.npy,ID20,mdvr_kcl,reading_passage,1,train,25.0,0.0
data/processed/audio_10s/train/ID20/ID20_pd_3_0_1_w006_30.0s.wav,data/processed/features_10s/train/ID20/ID20_pd_3_0_1_w006_30.0s.npy,ID20,mdvr_kcl,reading_passage,1,train,30.0,0.0
data/processed/audio_10s/train/ID20/ID20_pd_3_0_1_w007_35.0s.wav,data/processed/features_10s/train/ID20/ID20_pd_3_0_1_w007_35.0s.npy,ID20,mdvr_kcl,reading_passage,1,train,35.0,0.0
data/processed/audio_10s/train/ID20/ID20_pd_3_0_1_w008_40.0s.wav,data/processed/features_10s/train/ID20/ID20_pd_3_0_1_w008_40.0s.npy,ID20,mdvr_kcl,reading_passage,1,train,40.0,0.0
data/processed/audio_10s/train/ID20/ID20_pd_3_0_1_w009_45.0s.wav,data/processed/features_10s/train/ID20/ID20_pd_3_0_1_w009_45.0s.npy,ID20,mdvr_kcl,reading_passage,1,train,45.0,0.0
data/processed/audio_10s/train/ID20/ID20_pd_3_0_1_w010_50.0s.wav,data/processed/features_10s/train/ID20/ID20_pd_3_0_1_w010_50.0s.npy,ID20,mdvr_kcl,reading_passage,1,train,50.0,0.0
data/processed/audio_10s/train/ID20/ID20_pd_3_0_1_w011_55.0s.wav,data/processed/features_10s/train/ID20/ID20_pd_3_0_1_w011_55.0s.npy,ID20,mdvr_kcl,reading_passage,1,train,55.0,0.0
data/processed/audio_10s/train/ID20/ID20_pd_3_0_1_w012_60.0s.wav,data/processed/features_10s/train/ID20/ID20_pd_3_0_1_w012_60.0s.npy,ID20,mdvr_kcl,reading_passage,1,train,60.0,0.0
data/processed/audio_10s/train/ID20/ID20_pd_3_0_1_w013_65.0s.wav,data/processed/features_10s/train/ID20/ID20_pd_3_0_1_w013_65.0s.npy,ID20,mdvr_kcl,reading_passage,1,train,65.0,0.0
data/processed/audio_10s/train/ID20/ID20_pd_3_0_1_w014_70.0s.wav,data/processed/features_10s/train/ID20/ID20_pd_3_0_1_w014_70.0s.npy,ID20,mdvr_kcl,reading_passage,1,train,70.0,0.0
data/processed/audio_10s/train/ID20/ID20_pd_3_0_1_w015_75.0s.wav,data/processed/features_10s/train/ID20/ID20_pd_3_0_1_w015_75.0s.npy,ID20,mdvr_kcl,reading_passage,1,train,75.0,0.0
data/processed/audio_10s/train/ID20/ID20_pd_3_0_1_w016_80.0s.wav,data/processed/features_10s/train/ID20/ID20_pd_3_0_1_w016_80.0s.npy,ID20,mdvr_kcl,reading_passage,1,train,80.0,0.0
data/processed/audio_10s/train/ID20/ID20_pd_3_0_1_w017_85.0s.wav,data/processed/features_10s/train/ID20/ID20_pd_3_0_1_w017_85.0s.npy,ID20,mdvr_kcl,reading_passage,1,train,85.0,0.0
data/processed/audio_10s/train/ID20/ID20_pd_3_0_1_w018_90.0s.wav,data/processed/features_10s/train/ID20/ID20_pd_3_0_1_w018_90.0s.npy,ID20,mdvr_kcl,reading_passage,1,train,90.0,0.0
data/processed/audio_10s/train/ID20/ID20_pd_3_0_1_w019_95.0s.wav,data/processed/features_10s/train/ID20/ID20_pd_3_0_1_w019_95.0s.npy,ID20,mdvr_kcl,reading_passage,1,train,95.0,0.0
data/processed/audio_10s/train/ID20/ID20_pd_3_0_1_w020_100.0s.wav,data/processed/features_10s/train/ID20/ID20_pd_3_0_1_w020_100.0s.npy,ID20,mdvr_kcl,reading_passage,1,train,100.0,0.0
data/processed/audio_10s/train/ID20/ID20_pd_3_0_1_w021_105.0s.wav,data/processed/features_10s/train/ID20/ID20_pd_3_0_1_w021_105.0s.npy,ID20,mdvr_kcl,reading_passage,1,train,105.0,0.0
data/processed/audio_10s/train/ID20/ID20_pd_3_0_1_w022_110.0s.wav,data/processed/features_10s/train/ID20/ID20_pd_3_0_1_w022_110.0s.npy,ID20,mdvr_kcl,reading_passage,1,train,110.0,0.0
data/processed/audio_10s/train/ID20/ID20_pd_3_0_1_w023_115.0s.wav,data/processed/features_10s/train/ID20/ID20_pd_3_0_1_w023_115.0s.npy,ID20,mdvr_kcl,reading_passage,1,train,115.0,0.0
data/processed/audio_10s/train/ID20/ID20_pd_3_0_1_w024_120.0s.wav,data/processed/features_10s/train/ID20/ID20_pd_3_0_1_w024_120.0s.npy,ID20,mdvr_kcl,reading_passage,1,train,120.0,0.0
data/processed/audio_10s/train/ID20/ID20_pd_3_0_1_w025_125.0s.wav,data/processed/features_10s/train/ID20/ID20_pd_3_0_1_w025_125.0s.npy,ID20,mdvr_kcl,reading_passage,1,train,125.0,0.0
data/processed/audio_10s/train/ID24/ID24_pd_2_0_0_w000_0.0s.wav,data/processed/features_10s/train/ID24/ID24_pd_2_0_0_w000_0.0s.npy,ID24,mdvr_kcl,reading_passage,1,train,0.0,0.0
data/processed/audio_10s/train/ID24/ID24_pd_2_0_0_w001_5.0s.wav,data/processed/features_10s/train/ID24/ID24_pd_2_0_0_w001_5.0s.npy,ID24,mdvr_kcl,reading_passage,1,train,5.0,0.0
data/processed/audio_10s/train/ID24/ID24_pd_2_0_0_w002_10.0s.wav,data/processed/features_10s/train/ID24/ID24_pd_2_0_0_w002_10.0s.npy,ID24,mdvr_kcl,reading_passage,1,train,10.0,0.0
data/processed/audio_10s/train/ID24/ID24_pd_2_0_0_w003_15.0s.wav,data/processed/features_10s/train/ID24/ID24_pd_2_0_0_w003_15.0s.npy,ID24,mdvr_kcl,reading_passage,1,train,15.0,0.0
data/processed/audio_10s/train/ID24/ID24_pd_2_0_0_w004_20.0s.wav,data/processed/features_10s/train/ID24/ID24_pd_2_0_0_w004_20.0s.npy,ID24,mdvr_kcl,reading_passage,1,train,20.0,0.0
data/processed/audio_10s/train/ID24/ID24_pd_2_0_0_w005_25.0s.wav,data/processed/features_10s/train/ID24/ID24_pd_2_0_0_w005_25.0s.npy,ID24,mdvr_kcl,reading_passage,1,train,25.0,0.0
data/processed/audio_10s/train/ID24/ID24_pd_2_0_0_w006_30.0s.wav,data/processed/features_10s/train/ID24/ID24_pd_2_0_0_w006_30.0s.npy,ID24,mdvr_kcl,reading_passage,1,train,30.0,0.0
data/processed/audio_10s/train/ID24/ID24_pd_2_0_0_w007_35.0s.wav,data/processed/features_10s/train/ID24/ID24_pd_2_0_0_w007_35.0s.npy,ID24,mdvr_kcl,reading_passage,1,train,35.0,0.0
data/processed/audio_10s/train/ID24/ID24_pd_2_0_0_w008_40.0s.wav,data/processed/features_10s/train/ID24/ID24_pd_2_0_0_w008_40.0s.npy,ID24,mdvr_kcl,reading_passage,1,train,40.0,0.0
data/processed/audio_10s/train/ID24/ID24_pd_2_0_0_w009_45.0s.wav,data/processed/features_10s/train/ID24/ID24_pd_2_0_0_w009_45.0s.npy,ID24,mdvr_kcl,reading_passage,1,train,45.0,0.0
data/processed/audio_10s/train/ID24/ID24_pd_2_0_0_w010_50.0s.wav,data/processed/features_10s/train/ID24/ID24_pd_2_0_0_w010_50.0s.npy,ID24,mdvr_kcl,reading_passage,1,train,50.0,0.0
data/processed/audio_10s/train/ID24/ID24_pd_2_0_0_w011_55.0s.wav,data/processed/features_10s/train/ID24/ID24_pd_2_0_0_w011_55.0s.npy,ID24,mdvr_kcl,reading_passage,1,train,55.0,0.0
data/processed/audio_10s/train/ID24/ID24_pd_2_0_0_w012_60.0s.wav,data/processed/features_10s/train/ID24/ID24_pd_2_0_0_w012_60.0s.npy,ID24,mdvr_kcl,reading_passage,1,train,60.0,0.0
data/processed/audio_10s/train/ID24/ID24_pd_2_0_0_w013_65.0s.wav,data/processed/features_10s/train/ID24/ID24_pd_2_0_0_w013_65.0s.npy,ID24,mdvr_kcl,reading_passage,1,train,65.0,0.0
data/processed/audio_10s/train/ID24/ID24_pd_2_0_0_w014_70.0s.wav,data/processed/features_10s/train/ID24/ID24_pd_2_0_0_w014_70.0s.npy,ID24,mdvr_kcl,reading_passage,1,train,70.0,0.0
data/processed/audio_10s/train/ID24/ID24_pd_2_0_0_w015_75.0s.wav,data/processed/features_10s/train/ID24/ID24_pd_2_0_0_w015_75.0s.npy,ID24,mdvr_kcl,reading_passage,1,train,75.0,0.0
data/processed/audio_10s/train/ID24/ID24_pd_2_0_0_w016_80.0s.wav,data/processed/features_10s/train/ID24/ID24_pd_2_0_0_w016_80.0s.npy,ID24,mdvr_kcl,reading_passage,1,train,80.0,0.0
data/processed/audio_10s/train/ID24/ID24_pd_2_0_0_w017_85.0s.wav,data/processed/features_10s/train/ID24/ID24_pd_2_0_0_w017_85.0s.npy,ID24,mdvr_kcl,reading_passage,1,train,85.0,0.0
data/processed/audio_10s/train/ID24/ID24_pd_2_0_0_w018_90.0s.wav,data/processed/features_10s/train/ID24/ID24_pd_2_0_0_w018_90.0s.npy,ID24,mdvr_kcl,reading_passage,1,train,90.0,0.0
data/processed/audio_10s/train/ID24/ID24_pd_2_0_0_w019_95.0s.wav,data/processed/features_10s/train/ID24/ID24_pd_2_0_0_w019_95.0s.npy,ID24,mdvr_kcl,reading_passage,1,train,95.0,0.0
data/processed/audio_10s/train/ID24/ID24_pd_2_0_0_w020_100.0s.wav,data/processed/features_10s/train/ID24/ID24_pd_2_0_0_w020_100.0s.npy,ID24,mdvr_kcl,reading_passage,1,train,100.0,0.0
data/processed/audio_10s/train/ID24/ID24_pd_2_0_0_w021_105.0s.wav,data/processed/features_10s/train/ID24/ID24_pd_2_0_0_w021_105.0s.npy,ID24,mdvr_kcl,reading_passage,1,train,105.0,0.0
data/processed/audio_10s/train/ID24/ID24_pd_2_0_0_w022_110.0s.wav,data/processed/features_10s/train/ID24/ID24_pd_2_0_0_w022_110.0s.npy,ID24,mdvr_kcl,reading_passage,1,train,110.0,0.0
data/processed/audio_10s/train/ID24/ID24_pd_2_0_0_w023_115.0s.wav,data/processed/features_10s/train/ID24/ID24_pd_2_0_0_w023_115.0s.npy,ID24,mdvr_kcl,reading_passage,1,train,115.0,0.0
data/processed/audio_10s/train/ID24/ID24_pd_2_0_0_w024_120.0s.wav,data/processed/features_10s/train/ID24/ID24_pd_2_0_0_w024_120.0s.npy,ID24,mdvr_kcl,reading_passage,1,train,120.0,0.0
data/processed/audio_10s/train/ID24/ID24_pd_2_0_0_w025_125.0s.wav,data/processed/features_10s/train/ID24/ID24_pd_2_0_0_w025_125.0s.npy,ID24,mdvr_kcl,reading_passage,1,train,125.0,0.0
data/processed/audio_10s/train/ID27/ID27_pd_4_1_1_w000_0.0s.wav,data/processed/features_10s/train/ID27/ID27_pd_4_1_1_w000_0.0s.npy,ID27,mdvr_kcl,reading_passage,1,train,0.0,0.0
data/processed/audio_10s/train/ID27/ID27_pd_4_1_1_w001_5.0s.wav,data/processed/features_10s/train/ID27/ID27_pd_4_1_1_w001_5.0s.npy,ID27,mdvr_kcl,reading_passage,1,train,5.0,0.0
data/processed/audio_10s/train/ID27/ID27_pd_4_1_1_w002_10.0s.wav,data/processed/features_10s/train/ID27/ID27_pd_4_1_1_w002_10.0s.npy,ID27,mdvr_kcl,reading_passage,1,train,10.0,0.0
data/processed/audio_10s/train/ID27/ID27_pd_4_1_1_w003_15.0s.wav,data/processed/features_10s/train/ID27/ID27_pd_4_1_1_w003_15.0s.npy,ID27,mdvr_kcl,reading_passage,1,train,15.0,0.0
data/processed/audio_10s/train/ID27/ID27_pd_4_1_1_w004_20.0s.wav,data/processed/features_10s/train/ID27/ID27_pd_4_1_1_w004_20.0s.npy,ID27,mdvr_kcl,reading_passage,1,train,20.0,0.0
data/processed/audio_10s/train/ID27/ID27_pd_4_1_1_w005_25.0s.wav,data/processed/features_10s/train/ID27/ID27_pd_4_1_1_w005_25.0s.npy,ID27,mdvr_kcl,reading_passage,1,train,25.0,0.0
data/processed/audio_10s/train/ID27/ID27_pd_4_1_1_w006_30.0s.wav,data/processed/features_10s/train/ID27/ID27_pd_4_1_1_w006_30.0s.npy,ID27,mdvr_kcl,reading_passage,1,train,30.0,0.0
data/processed/audio_10s/train/ID27/ID27_pd_4_1_1_w007_35.0s.wav,data/processed/features_10s/train/ID27/ID27_pd_4_1_1_w007_35.0s.npy,ID27,mdvr_kcl,reading_passage,1,train,35.0,0.0
data/processed/audio_10s/train/ID27/ID27_pd_4_1_1_w008_40.0s.wav,data/processed/features_10s/train/ID27/ID27_pd_4_1_1_w008_40.0s.npy,ID27,mdvr_kcl,reading_passage,1,train,40.0,0.0
data/processed/audio_10s/train/ID27/ID27_pd_4_1_1_w009_45.0s.wav,data/processed/features_10s/train/ID27/ID27_pd_4_1_1_w009_45.0s.npy,ID27,mdvr_kcl,reading_passage,1,train,45.0,0.0
data/processed/audio_10s/train/ID27/ID27_pd_4_1_1_w010_50.0s.wav,data/processed/features_10s/train/ID27/ID27_pd_4_1_1_w010_50.0s.npy,ID27,mdvr_kcl,reading_passage,1,train,50.0,0.0
data/processed/audio_10s/train/ID27/ID27_pd_4_1_1_w011_55.0s.wav,data/processed/features_10s/train/ID27/ID27_pd_4_1_1_w011_55.0s.npy,ID27,mdvr_kcl,reading_passage,1,train,55.0,0.0
data/processed/audio_10s/train/ID27/ID27_pd_4_1_1_w012_60.0s.wav,data/processed/features_10s/train/ID27/ID27_pd_4_1_1_w012_60.0s.npy,ID27,mdvr_kcl,reading_passage,1,train,60.0,0.0
data/processed/audio_10s/train/ID27/ID27_pd_4_1_1_w013_65.0s.wav,data/processed/features_10s/train/ID27/ID27_pd_4_1_1_w013_65.0s.npy,ID27,mdvr_kcl,reading_passage,1,train,65.0,0.0
data/processed/audio_10s/train/ID27/ID27_pd_4_1_1_w014_70.0s.wav,data/processed/features_10s/train/ID27/ID27_pd_4_1_1_w014_70.0s.npy,ID27,mdvr_kcl,reading_passage,1,train,70.0,0.0
data/processed/audio_10s/test/ID29/ID29_pd_3_1_2_w000_0.0s.wav,data/processed/features_10s/test/ID29/ID29_pd_3_1_2_w000_0.0s.npy,ID29,mdvr_kcl,reading_passage,1,test,0.0,0.0
data/processed/audio_10s/test/ID29/ID29_pd_3_1_2_w001_5.0s.wav,data/processed/features_10s/test/ID29/ID29_pd_3_1_2_w001_5.0s.npy,ID29,mdvr_kcl,reading_passage,1,test,5.0,0.0
data/processed/audio_10s/test/ID29/ID29_pd_3_1_2_w002_10.0s.wav,data/processed/features_10s/test/ID29/ID29_pd_3_1_2_w002_10.0s.npy,ID29,mdvr_kcl,reading_passage,1,test,10.0,0.0
data/processed/audio_10s/test/ID29/ID29_pd_3_1_2_w003_15.0s.wav,data/processed/features_10s/test/ID29/ID29_pd_3_1_2_w003_15.0s.npy,ID29,mdvr_kcl,reading_passage,1,test,15.0,0.0
data/processed/audio_10s/test/ID29/ID29_pd_3_1_2_w004_20.0s.wav,data/processed/features_10s/test/ID29/ID29_pd_3_1_2_w004_20.0s.npy,ID29,mdvr_kcl,reading_passage,1,test,20.0,0.0
data/processed/audio_10s/test/ID29/ID29_pd_3_1_2_w005_25.0s.wav,data/processed/features_10s/test/ID29/ID29_pd_3_1_2_w005_25.0s.npy,ID29,mdvr_kcl,reading_passage,1,test,25.0,0.0
data/processed/audio_10s/test/ID29/ID29_pd_3_1_2_w006_30.0s.wav,data/processed/features_10s/test/ID29/ID29_pd_3_1_2_w006_30.0s.npy,ID29,mdvr_kcl,reading_passage,1,test,30.0,0.0
data/processed/audio_10s/test/ID29/ID29_pd_3_1_2_w007_35.0s.wav,data/processed/features_10s/test/ID29/ID29_pd_3_1_2_w007_35.0s.npy,ID29,mdvr_kcl,reading_passage,1,test,35.0,0.0
data/processed/audio_10s/test/ID29/ID29_pd_3_1_2_w008_40.0s.wav,data/processed/features_10s/test/ID29/ID29_pd_3_1_2_w008_40.0s.npy,ID29,mdvr_kcl,reading_passage,1,test,40.0,0.0
data/processed/audio_10s/test/ID29/ID29_pd_3_1_2_w009_45.0s.wav,data/processed/features_10s/test/ID29/ID29_pd_3_1_2_w009_45.0s.npy,ID29,mdvr_kcl,reading_passage,1,test,45.0,0.0
data/processed/audio_10s/test/ID29/ID29_pd_3_1_2_w010_50.0s.wav,data/processed/features_10s/test/ID29/ID29_pd_3_1_2_w010_50.0s.npy,ID29,mdvr_kcl,reading_passage,1,test,50.0,0.0
data/processed/audio_10s/test/ID29/ID29_pd_3_1_2_w011_55.0s.wav,data/processed/features_10s/test/ID29/ID29_pd_3_1_2_w011_55.0s.npy,ID29,mdvr_kcl,reading_passage,1,test,55.0,0.0
data/processed/audio_10s/test/ID29/ID29_pd_3_1_2_w012_60.0s.wav,data/processed/features_10s/test/ID29/ID29_pd_3_1_2_w012_60.0s.npy,ID29,mdvr_kcl,reading_passage,1,test,60.0,0.0
data/processed/audio_10s/test/ID29/ID29_pd_3_1_2_w013_65.0s.wav,data/processed/features_10s/test/ID29/ID29_pd_3_1_2_w013_65.0s.npy,ID29,mdvr_kcl,reading_passage,1,test,65.0,0.0
data/processed/audio_10s/test/ID29/ID29_pd_3_1_2_w014_70.0s.wav,data/processed/features_10s/test/ID29/ID29_pd_3_1_2_w014_70.0s.npy,ID29,mdvr_kcl,reading_passage,1,test,70.0,0.0
data/processed/audio_10s/test/ID29/ID29_pd_3_1_2_w015_75.0s.wav,data/processed/features_10s/test/ID29/ID29_pd_3_1_2_w015_75.0s.npy,ID29,mdvr_kcl,reading_passage,1,test,75.0,0.0
data/processed/audio_10s/test/ID29/ID29_pd_3_1_2_w016_80.0s.wav,data/processed/features_10s/test/ID29/ID29_pd_3_1_2_w016_80.0s.npy,ID29,mdvr_kcl,reading_passage,1,test,80.0,0.0
data/processed/audio_10s/test/ID29/ID29_pd_3_1_2_w017_85.0s.wav,data/processed/features_10s/test/ID29/ID29_pd_3_1_2_w017_85.0s.npy,ID29,mdvr_kcl,reading_passage,1,test,85.0,0.0
data/processed/audio_10s/test/ID29/ID29_pd_3_1_2_w018_90.0s.wav,data/processed/features_10s/test/ID29/ID29_pd_3_1_2_w018_90.0s.npy,ID29,mdvr_kcl,reading_passage,1,test,90.0,0.0
data/processed/audio_10s/test/ID29/ID29_pd_3_1_2_w019_95.0s.wav,data/processed/features_10s/test/ID29/ID29_pd_3_1_2_w019_95.0s.npy,ID29,mdvr_kcl,reading_passage,1,test,95.0,0.0
data/processed/audio_10s/test/ID29/ID29_pd_3_1_2_w020_100.0s.wav,data/processed/features_10s/test/ID29/ID29_pd_3_1_2_w020_100.0s.npy,ID29,mdvr_kcl,reading_passage,1,test,100.0,0.0
data/processed/audio_10s/test/ID29/ID29_pd_3_1_2_w021_105.0s.wav,data/processed/features_10s/test/ID29/ID29_pd_3_1_2_w021_105.0s.npy,ID29,mdvr_kcl,reading_passage,1,test,105.0,0.0
data/processed/audio_10s/test/ID29/ID29_pd_3_1_2_w022_110.0s.wav,data/processed/features_10s/test/ID29/ID29_pd_3_1_2_w022_110.0s.npy,ID29,mdvr_kcl,reading_passage,1,test,110.0,0.0
data/processed/audio_10s/test/ID29/ID29_pd_3_1_2_w023_115.0s.wav,data/processed/features_10s/test/ID29/ID29_pd_3_1_2_w023_115.0s.npy,ID29,mdvr_kcl,reading_passage,1,test,115.0,0.0
data/processed/audio_10s/test/ID29/ID29_pd_3_1_2_w024_120.0s.wav,data/processed/features_10s/test/ID29/ID29_pd_3_1_2_w024_120.0s.npy,ID29,mdvr_kcl,reading_passage,1,test,120.0,0.0
data/processed/audio_10s/test/ID29/ID29_pd_3_1_2_w025_125.0s.wav,data/processed/features_10s/test/ID29/ID29_pd_3_1_2_w025_125.0s.npy,ID29,mdvr_kcl,reading_passage,1,test,125.0,0.0
data/processed/audio_10s/test/ID29/ID29_pd_3_1_2_w026_130.0s.wav,data/processed/features_10s/test/ID29/ID29_pd_3_1_2_w026_130.0s.npy,ID29,mdvr_kcl,reading_passage,1,test,130.0,0.0
data/processed/audio_10s/test/ID29/ID29_pd_3_1_2_w027_135.0s.wav,data/processed/features_10s/test/ID29/ID29_pd_3_1_2_w027_135.0s.npy,ID29,mdvr_kcl,reading_passage,1,test,135.0,0.0
data/processed/audio_10s/test/ID29/ID29_pd_3_1_2_w028_140.0s.wav,data/processed/features_10s/test/ID29/ID29_pd_3_1_2_w028_140.0s.npy,ID29,mdvr_kcl,reading_passage,1,test,140.0,0.0
data/processed/audio_10s/train/ID30/ID30_pd_2_1_1_w000_0.0s.wav,data/processed/features_10s/train/ID30/ID30_pd_2_1_1_w000_0.0s.npy,ID30,mdvr_kcl,reading_passage,1,train,0.0,0.0
data/processed/audio_10s/train/ID30/ID30_pd_2_1_1_w001_5.0s.wav,data/processed/features_10s/train/ID30/ID30_pd_2_1_1_w001_5.0s.npy,ID30,mdvr_kcl,reading_passage,1,train,5.0,0.0
data/processed/audio_10s/train/ID30/ID30_pd_2_1_1_w002_10.0s.wav,data/processed/features_10s/train/ID30/ID30_pd_2_1_1_w002_10.0s.npy,ID30,mdvr_kcl,reading_passage,1,train,10.0,0.0
data/processed/audio_10s/train/ID30/ID30_pd_2_1_1_w003_15.0s.wav,data/processed/features_10s/train/ID30/ID30_pd_2_1_1_w003_15.0s.npy,ID30,mdvr_kcl,reading_passage,1,train,15.0,0.0
data/processed/audio_10s/train/ID30/ID30_pd_2_1_1_w004_20.0s.wav,data/processed/features_10s/train/ID30/ID30_pd_2_1_1_w004_20.0s.npy,ID30,mdvr_kcl,reading_passage,1,train,20.0,0.0
data/processed/audio_10s/train/ID30/ID30_pd_2_1_1_w005_25.0s.wav,data/processed/features_10s/train/ID30/ID30_pd_2_1_1_w005_25.0s.npy,ID30,mdvr_kcl,reading_passage,1,train,25.0,0.0
data/processed/audio_10s/train/ID30/ID30_pd_2_1_1_w006_30.0s.wav,data/processed/features_10s/train/ID30/ID30_pd_2_1_1_w006_30.0s.npy,ID30,mdvr_kcl,reading_passage,1,train,30.0,0.0
data/processed/audio_10s/train/ID30/ID30_pd_2_1_1_w007_35.0s.wav,data/processed/features_10s/train/ID30/ID30_pd_2_1_1_w007_35.0s.npy,ID30,mdvr_kcl,reading_passage,1,train,35.0,0.0
data/processed/audio_10s/train/ID30/ID30_pd_2_1_1_w008_40.0s.wav,data/processed/features_10s/train/ID30/ID30_pd_2_1_1_w008_40.0s.npy,ID30,mdvr_kcl,reading_passage,1,train,40.0,0.0
data/processed/audio_10s/train/ID30/ID30_pd_2_1_1_w009_45.0s.wav,data/processed/features_10s/train/ID30/ID30_pd_2_1_1_w009_45.0s.npy,ID30,mdvr_kcl,reading_passage,1,train,45.0,0.0
data/processed/audio_10s/train/ID30/ID30_pd_2_1_1_w010_50.0s.wav,data/processed/features_10s/train/ID30/ID30_pd_2_1_1_w010_50.0s.npy,ID30,mdvr_kcl,reading_passage,1,train,50.0,0.0
data/processed/audio_10s/train/ID30/ID30_pd_2_1_1_w011_55.0s.wav,data/processed/features_10s/train/ID30/ID30_pd_2_1_1_w011_55.0s.npy,ID30,mdvr_kcl,reading_passage,1,train,55.0,0.0
data/processed/audio_10s/train/ID30/ID30_pd_2_1_1_w012_60.0s.wav,data/processed/features_10s/train/ID30/ID30_pd_2_1_1_w012_60.0s.npy,ID30,mdvr_kcl,reading_passage,1,train,60.0,0.0
data/processed/audio_10s/train/ID30/ID30_pd_2_1_1_w013_65.0s.wav,data/processed/features_10s/train/ID30/ID30_pd_2_1_1_w013_65.0s.npy,ID30,mdvr_kcl,reading_passage,1,train,65.0,0.0
data/processed/audio_10s/train/ID30/ID30_pd_2_1_1_w014_70.0s.wav,data/processed/features_10s/train/ID30/ID30_pd_2_1_1_w014_70.0s.npy,ID30,mdvr_kcl,reading_passage,1,train,70.0,0.0
data/processed/audio_10s/train/ID30/ID30_pd_2_1_1_w015_75.0s.wav,data/processed/features_10s/train/ID30/ID30_pd_2_1_1_w015_75.0s.npy,ID30,mdvr_kcl,reading_passage,1,train,75.0,0.0
data/processed/audio_10s/train/ID30/ID30_pd_2_1_1_w016_80.0s.wav,data/processed/features_10s/train/ID30/ID30_pd_2_1_1_w016_80.0s.npy,ID30,mdvr_kcl,reading_passage,1,train,80.0,0.0
data/processed/audio_10s/train/ID30/ID30_pd_2_1_1_w017_85.0s.wav,data/processed/features_10s/train/ID30/ID30_pd_2_1_1_w017_85.0s.npy,ID30,mdvr_kcl,reading_passage,1,train,85.0,0.0
data/processed/audio_10s/train/ID30/ID30_pd_2_1_1_w018_90.0s.wav,data/processed/features_10s/train/ID30/ID30_pd_2_1_1_w018_90.0s.npy,ID30,mdvr_kcl,reading_passage,1,train,90.0,0.0
data/processed/audio_10s/train/ID30/ID30_pd_2_1_1_w019_95.0s.wav,data/processed/features_10s/train/ID30/ID30_pd_2_1_1_w019_95.0s.npy,ID30,mdvr_kcl,reading_passage,1,train,95.0,0.0
data/processed/audio_10s/train/ID30/ID30_pd_2_1_1_w020_100.0s.wav,data/processed/features_10s/train/ID30/ID30_pd_2_1_1_w020_100.0s.npy,ID30,mdvr_kcl,reading_passage,1,train,100.0,0.0
data/processed/audio_10s/train/ID30/ID30_pd_2_1_1_w021_105.0s.wav,data/processed/features_10s/train/ID30/ID30_pd_2_1_1_w021_105.0s.npy,ID30,mdvr_kcl,reading_passage,1,train,105.0,0.0
data/processed/audio_10s/train/ID30/ID30_pd_2_1_1_w022_110.0s.wav,data/processed/features_10s/train/ID30/ID30_pd_2_1_1_w022_110.0s.npy,ID30,mdvr_kcl,reading_passage,1,train,110.0,0.0
data/processed/audio_10s/train/ID30/ID30_pd_2_1_1_w023_115.0s.wav,data/processed/features_10s/train/ID30/ID30_pd_2_1_1_w023_115.0s.npy,ID30,mdvr_kcl,reading_passage,1,train,115.0,0.0
data/processed/audio_10s/train/ID32/ID32_pd_3_1_1_w000_0.0s.wav,data/processed/features_10s/train/ID32/ID32_pd_3_1_1_w000_0.0s.npy,ID32,mdvr_kcl,reading_passage,1,train,0.0,0.0
data/processed/audio_10s/train/ID32/ID32_pd_3_1_1_w001_5.0s.wav,data/processed/features_10s/train/ID32/ID32_pd_3_1_1_w001_5.0s.npy,ID32,mdvr_kcl,reading_passage,1,train,5.0,0.0
data/processed/audio_10s/train/ID32/ID32_pd_3_1_1_w002_10.0s.wav,data/processed/features_10s/train/ID32/ID32_pd_3_1_1_w002_10.0s.npy,ID32,mdvr_kcl,reading_passage,1,train,10.0,0.0
data/processed/audio_10s/train/ID32/ID32_pd_3_1_1_w003_15.0s.wav,data/processed/features_10s/train/ID32/ID32_pd_3_1_1_w003_15.0s.npy,ID32,mdvr_kcl,reading_passage,1,train,15.0,0.0
data/processed/audio_10s/train/ID32/ID32_pd_3_1_1_w004_20.0s.wav,data/processed/features_10s/train/ID32/ID32_pd_3_1_1_w004_20.0s.npy,ID32,mdvr_kcl,reading_passage,1,train,20.0,0.0
data/processed/audio_10s/train/ID32/ID32_pd_3_1_1_w005_25.0s.wav,data/processed/features_10s/train/ID32/ID32_pd_3_1_1_w005_25.0s.npy,ID32,mdvr_kcl,reading_passage,1,train,25.0,0.0
data/processed/audio_10s/train/ID32/ID32_pd_3_1_1_w006_30.0s.wav,data/processed/features_10s/train/ID32/ID32_pd_3_1_1_w006_30.0s.npy,ID32,mdvr_kcl,reading_passage,1,train,30.0,0.0
data/processed/audio_10s/train/ID32/ID32_pd_3_1_1_w007_35.0s.wav,data/processed/features_10s/train/ID32/ID32_pd_3_1_1_w007_35.0s.npy,ID32,mdvr_kcl,reading_passage,1,train,35.0,0.0
data/processed/audio_10s/train/ID32/ID32_pd_3_1_1_w008_40.0s.wav,data/processed/features_10s/train/ID32/ID32_pd_3_1_1_w008_40.0s.npy,ID32,mdvr_kcl,reading_passage,1,train,40.0,0.0
data/processed/audio_10s/train/ID32/ID32_pd_3_1_1_w009_45.0s.wav,data/processed/features_10s/train/ID32/ID32_pd_3_1_1_w009_45.0s.npy,ID32,mdvr_kcl,reading_passage,1,train,45.0,0.0
data/processed/audio_10s/train/ID32/ID32_pd_3_1_1_w010_50.0s.wav,data/processed/features_10s/train/ID32/ID32_pd_3_1_1_w010_50.0s.npy,ID32,mdvr_kcl,reading_passage,1,train,50.0,0.0
data/processed/audio_10s/train/ID32/ID32_pd_3_1_1_w011_55.0s.wav,data/processed/features_10s/train/ID32/ID32_pd_3_1_1_w011_55.0s.npy,ID32,mdvr_kcl,reading_passage,1,train,55.0,0.0
data/processed/audio_10s/train/ID32/ID32_pd_3_1_1_w012_60.0s.wav,data/processed/features_10s/train/ID32/ID32_pd_3_1_1_w012_60.0s.npy,ID32,mdvr_kcl,reading_passage,1,train,60.0,0.0
data/processed/audio_10s/val/ID33/ID33_pd_3_2_2_w000_0.0s.wav,data/processed/features_10s/val/ID33/ID33_pd_3_2_2_w000_0.0s.npy,ID33,mdvr_kcl,reading_passage,1,val,0.0,0.0
data/processed/audio_10s/val/ID33/ID33_pd_3_2_2_w001_5.0s.wav,data/processed/features_10s/val/ID33/ID33_pd_3_2_2_w001_5.0s.npy,ID33,mdvr_kcl,reading_passage,1,val,5.0,0.0
data/processed/audio_10s/val/ID33/ID33_pd_3_2_2_w002_10.0s.wav,data/processed/features_10s/val/ID33/ID33_pd_3_2_2_w002_10.0s.npy,ID33,mdvr_kcl,reading_passage,1,val,10.0,0.0
data/processed/audio_10s/val/ID33/ID33_pd_3_2_2_w003_15.0s.wav,data/processed/features_10s/val/ID33/ID33_pd_3_2_2_w003_15.0s.npy,ID33,mdvr_kcl,reading_passage,1,val,15.0,0.0
data/processed/audio_10s/val/ID33/ID33_pd_3_2_2_w004_20.0s.wav,data/processed/features_10s/val/ID33/ID33_pd_3_2_2_w004_20.0s.npy,ID33,mdvr_kcl,reading_passage,1,val,20.0,0.0
data/processed/audio_10s/val/ID33/ID33_pd_3_2_2_w005_25.0s.wav,data/processed/features_10s/val/ID33/ID33_pd_3_2_2_w005_25.0s.npy,ID33,mdvr_kcl,reading_passage,1,val,25.0,0.0
data/processed/audio_10s/val/ID33/ID33_pd_3_2_2_w006_30.0s.wav,data/processed/features_10s/val/ID33/ID33_pd_3_2_2_w006_30.0s.npy,ID33,mdvr_kcl,reading_passage,1,val,30.0,0.0
data/processed/audio_10s/val/ID33/ID33_pd_3_2_2_w007_35.0s.wav,data/processed/features_10s/val/ID33/ID33_pd_3_2_2_w007_35.0s.npy,ID33,mdvr_kcl,reading_passage,1,val,35.0,0.0
data/processed/audio_10s/val/ID33/ID33_pd_3_2_2_w008_40.0s.wav,data/processed/features_10s/val/ID33/ID33_pd_3_2_2_w008_40.0s.npy,ID33,mdvr_kcl,reading_passage,1,val,40.0,0.0
data/processed/audio_10s/val/ID33/ID33_pd_3_2_2_w009_45.0s.wav,data/processed/features_10s/val/ID33/ID33_pd_3_2_2_w009_45.0s.npy,ID33,mdvr_kcl,reading_passage,1,val,45.0,0.0
data/processed/audio_10s/val/ID33/ID33_pd_3_2_2_w010_50.0s.wav,data/processed/features_10s/val/ID33/ID33_pd_3_2_2_w010_50.0s.npy,ID33,mdvr_kcl,reading_passage,1,val,50.0,0.0
data/processed/audio_10s/val/ID33/ID33_pd_3_2_2_w011_55.0s.wav,data/processed/features_10s/val/ID33/ID33_pd_3_2_2_w011_55.0s.npy,ID33,mdvr_kcl,reading_passage,1,val,55.0,0.0
data/processed/audio_10s/val/ID33/ID33_pd_3_2_2_w012_60.0s.wav,data/processed/features_10s/val/ID33/ID33_pd_3_2_2_w012_60.0s.npy,ID33,mdvr_kcl,reading_passage,1,val,60.0,0.0
data/processed/audio_10s/val/ID33/ID33_pd_3_2_2_w013_65.0s.wav,data/processed/features_10s/val/ID33/ID33_pd_3_2_2_w013_65.0s.npy,ID33,mdvr_kcl,reading_passage,1,val,65.0,0.0
data/processed/audio_10s/val/ID33/ID33_pd_3_2_2_w014_70.0s.wav,data/processed/features_10s/val/ID33/ID33_pd_3_2_2_w014_70.0s.npy,ID33,mdvr_kcl,reading_passage,1,val,70.0,0.0
data/processed/audio_10s/val/ID33/ID33_pd_3_2_2_w015_75.0s.wav,data/processed/features_10s/val/ID33/ID33_pd_3_2_2_w015_75.0s.npy,ID33,mdvr_kcl,reading_passage,1,val,75.0,0.0
data/processed/audio_10s/val/ID33/ID33_pd_3_2_2_w016_80.0s.wav,data/processed/features_10s/val/ID33/ID33_pd_3_2_2_w016_80.0s.npy,ID33,mdvr_kcl,reading_passage,1,val,80.0,0.0
data/processed/audio_10s/val/ID33/ID33_pd_3_2_2_w017_85.0s.wav,data/processed/features_10s/val/ID33/ID33_pd_3_2_2_w017_85.0s.npy,ID33,mdvr_kcl,reading_passage,1,val,85.0,0.0
data/processed/audio_10s/val/ID33/ID33_pd_3_2_2_w018_90.0s.wav,data/processed/features_10s/val/ID33/ID33_pd_3_2_2_w018_90.0s.npy,ID33,mdvr_kcl,reading_passage,1,val,90.0,0.0
data/processed/audio_10s/val/ID33/ID33_pd_3_2_2_w019_95.0s.wav,data/processed/features_10s/val/ID33/ID33_pd_3_2_2_w019_95.0s.npy,ID33,mdvr_kcl,reading_passage,1,val,95.0,0.0
data/processed/audio_10s/val/ID33/ID33_pd_3_2_2_w020_100.0s.wav,data/processed/features_10s/val/ID33/ID33_pd_3_2_2_w020_100.0s.npy,ID33,mdvr_kcl,reading_passage,1,val,100.0,0.0
data/processed/audio_10s/val/ID33/ID33_pd_3_2_2_w021_105.0s.wav,data/processed/features_10s/val/ID33/ID33_pd_3_2_2_w021_105.0s.npy,ID33,mdvr_kcl,reading_passage,1,val,105.0,0.0
data/processed/audio_10s/train/ID34/ID34_pd_2_0_0_w000_0.0s.wav,data/processed/features_10s/train/ID34/ID34_pd_2_0_0_w000_0.0s.npy,ID34,mdvr_kcl,reading_passage,1,train,0.0,0.0
data/processed/audio_10s/train/ID34/ID34_pd_2_0_0_w001_5.0s.wav,data/processed/features_10s/train/ID34/ID34_pd_2_0_0_w001_5.0s.npy,ID34,mdvr_kcl,reading_passage,1,train,5.0,0.0
data/processed/audio_10s/train/ID34/ID34_pd_2_0_0_w002_10.0s.wav,data/processed/features_10s/train/ID34/ID34_pd_2_0_0_w002_10.0s.npy,ID34,mdvr_kcl,reading_passage,1,train,10.0,0.0
data/processed/audio_10s/train/ID34/ID34_pd_2_0_0_w003_15.0s.wav,data/processed/features_10s/train/ID34/ID34_pd_2_0_0_w003_15.0s.npy,ID34,mdvr_kcl,reading_passage,1,train,15.0,0.0
data/processed/audio_10s/train/ID34/ID34_pd_2_0_0_w004_20.0s.wav,data/processed/features_10s/train/ID34/ID34_pd_2_0_0_w004_20.0s.npy,ID34,mdvr_kcl,reading_passage,1,train,20.0,0.0
data/processed/audio_10s/train/ID34/ID34_pd_2_0_0_w005_25.0s.wav,data/processed/features_10s/train/ID34/ID34_pd_2_0_0_w005_25.0s.npy,ID34,mdvr_kcl,reading_passage,1,train,25.0,0.0
data/processed/audio_10s/train/ID34/ID34_pd_2_0_0_w006_30.0s.wav,data/processed/features_10s/train/ID34/ID34_pd_2_0_0_w006_30.0s.npy,ID34,mdvr_kcl,reading_passage,1,train,30.0,0.0
data/processed/audio_10s/train/ID34/ID34_pd_2_0_0_w007_35.0s.wav,data/processed/features_10s/train/ID34/ID34_pd_2_0_0_w007_35.0s.npy,ID34,mdvr_kcl,reading_passage,1,train,35.0,0.0
data/processed/audio_10s/train/ID34/ID34_pd_2_0_0_w008_40.0s.wav,data/processed/features_10s/train/ID34/ID34_pd_2_0_0_w008_40.0s.npy,ID34,mdvr_kcl,reading_passage,1,train,40.0,0.0
data/processed/audio_10s/train/ID34/ID34_pd_2_0_0_w009_45.0s.wav,data/processed/features_10s/train/ID34/ID34_pd_2_0_0_w009_45.0s.npy,ID34,mdvr_kcl,reading_passage,1,train,45.0,0.0
data/processed/audio_10s/train/ID34/ID34_pd_2_0_0_w010_50.0s.wav,data/processed/features_10s/train/ID34/ID34_pd_2_0_0_w010_50.0s.npy,ID34,mdvr_kcl,reading_passage,1,train,50.0,0.0
data/processed/audio_10s/train/ID34/ID34_pd_2_0_0_w011_55.0s.wav,data/processed/features_10s/train/ID34/ID34_pd_2_0_0_w011_55.0s.npy,ID34,mdvr_kcl,reading_passage,1,train,55.0,0.0
data/processed/audio_10s/train/ID34/ID34_pd_2_0_0_w012_60.0s.wav,data/processed/features_10s/train/ID34/ID34_pd_2_0_0_w012_60.0s.npy,ID34,mdvr_kcl,reading_passage,1,train,60.0,0.0
data/processed/audio_10s/train/ID34/ID34_pd_2_0_0_w013_65.0s.wav,data/processed/features_10s/train/ID34/ID34_pd_2_0_0_w013_65.0s.npy,ID34,mdvr_kcl,reading_passage,1,train,65.0,0.0
data/processed/audio_10s/train/ID34/ID34_pd_2_0_0_w014_70.0s.wav,data/processed/features_10s/train/ID34/ID34_pd_2_0_0_w014_70.0s.npy,ID34,mdvr_kcl,reading_passage,1,train,70.0,0.0
data/processed/audio_10s/train/ID34/ID34_pd_2_0_0_w015_75.0s.wav,data/processed/features_10s/train/ID34/ID34_pd_2_0_0_w015_75.0s.npy,ID34,mdvr_kcl,reading_passage,1,train,75.0,0.0
data/processed/audio_10s/train/ID34/ID34_pd_2_0_0_w016_80.0s.wav,data/processed/features_10s/train/ID34/ID34_pd_2_0_0_w016_80.0s.npy,ID34,mdvr_kcl,reading_passage,1,train,80.0,0.0
data/processed/audio_10s/train/ID34/ID34_pd_2_0_0_w017_85.0s.wav,data/processed/features_10s/train/ID34/ID34_pd_2_0_0_w017_85.0s.npy,ID34,mdvr_kcl,reading_passage,1,train,85.0,0.0
data/processed/audio_10s/train/ID34/ID34_pd_2_0_0_w018_90.0s.wav,data/processed/features_10s/train/ID34/ID34_pd_2_0_0_w018_90.0s.npy,ID34,mdvr_kcl,reading_passage,1,train,90.0,0.0
data/processed/audio_10s/train/ID34/ID34_pd_2_0_0_w019_95.0s.wav,data/processed/features_10s/train/ID34/ID34_pd_2_0_0_w019_95.0s.npy,ID34,mdvr_kcl,reading_passage,1,train,95.0,0.0
data/processed/audio_10s/train/ID34/ID34_pd_2_0_0_w020_100.0s.wav,data/processed/features_10s/train/ID34/ID34_pd_2_0_0_w020_100.0s.npy,ID34,mdvr_kcl,reading_passage,1,train,100.0,0.0
data/processed/audio_10s/train/ID34/ID34_pd_2_0_0_w021_105.0s.wav,data/processed/features_10s/train/ID34/ID34_pd_2_0_0_w021_105.0s.npy,ID34,mdvr_kcl,reading_passage,1,train,105.0,0.0
data/processed/audio_10s/train/ID34/ID34_pd_2_0_0_w022_110.0s.wav,data/processed/features_10s/train/ID34/ID34_pd_2_0_0_w022_110.0s.npy,ID34,mdvr_kcl,reading_passage,1,train,110.0,0.0
data/processed/audio_10s/train/ID34/ID34_pd_2_0_0_w023_115.0s.wav,data/processed/features_10s/train/ID34/ID34_pd_2_0_0_w023_115.0s.npy,ID34,mdvr_kcl,reading_passage,1,train,115.0,0.0
